iteration,expanded_state,parent,action,generated_successors,frontier_before,frontier_after,explored,g,h,f
1,"((9, 3), <game.Grid object at 0x100b0e7b0>)",,,"[((10, 3), <game.Grid object at 0x100b42c10>), ((8, 3), <game.Grid object at 0x100bf4870>)]",1,2,1,0,32,32
2,"((10, 3), <game.Grid object at 0x100b42c10>)","((9, 3), <game.Grid object at 0x100b0e7b0>)",East,"[((10, 4), <game.Grid object at 0x100a93a10>), ((11, 3), <game.Grid object at 0x100a93b90>), ((9, 3), <game.Grid object at 0x100b59700>)]",2,3,2,1,31,32
3,"((11, 3), <game.Grid object at 0x100a93b90>)","((10, 3), <game.Grid object at 0x100b42c10>)",East,"[((12, 3), <game.Grid object at 0x100a6d5a0>), ((10, 3), <game.Grid object at 0x100bcd3b0>)]",3,3,3,2,30,32
4,"((12, 3), <game.Grid object at 0x100a6d5a0>)","((11, 3), <game.Grid object at 0x100a93b90>)",East,"[((13, 3), <game.Grid object at 0x100b1fe30>), ((11, 3), <game.Grid object at 0x100b059a0>)]",3,3,4,3,29,32
5,"((13, 3), <game.Grid object at 0x100b1fe30>)","((12, 3), <game.Grid object at 0x100a6d5a0>)",East,"[((13, 4), <game.Grid object at 0x100a5f0d0>), ((14, 3), <game.Grid object at 0x100ba2b50>), ((12, 3), <game.Grid object at 0x100b1a820>)]",3,4,5,4,28,32
6,"((14, 3), <game.Grid object at 0x100ba2b50>)","((13, 3), <game.Grid object at 0x100b1fe30>)",East,"[((15, 3), <game.Grid object at 0x100b1a7b0>), ((13, 3), <game.Grid object at 0x100b1b5b0>)]",4,4,6,5,27,32
7,"((15, 3), <game.Grid object at 0x100b1a7b0>)","((14, 3), <game.Grid object at 0x100ba2b50>)",East,"[((16, 3), <game.Grid object at 0x100b1a900>), ((14, 3), <game.Grid object at 0x100b18ad0>)]",4,4,7,6,26,32
8,"((16, 3), <game.Grid object at 0x100b1a900>)","((15, 3), <game.Grid object at 0x100b1a7b0>)",East,"[((16, 4), <game.Grid object at 0x100b1b0e0>), ((15, 3), <game.Grid object at 0x100b1af20>)]",4,4,8,7,25,32
9,"((16, 4), <game.Grid object at 0x100b1b0e0>)","((16, 3), <game.Grid object at 0x100b1a900>)",North,"[((16, 5), <game.Grid object at 0x100b1b620>), ((16, 3), <game.Grid object at 0x100b1b8c0>)]",4,4,9,8,24,32
10,"((16, 5), <game.Grid object at 0x100b1b620>)","((16, 4), <game.Grid object at 0x100b1b0e0>)",North,"[((16, 4), <game.Grid object at 0x100b1ba80>), ((17, 5), <game.Grid object at 0x100b1baf0>)]",4,4,10,9,23,32
11,"((17, 5), <game.Grid object at 0x100b1baf0>)","((16, 5), <game.Grid object at 0x100b1b620>)",East,"[((18, 5), <game.Grid object at 0x100bc01a0>), ((16, 5), <game.Grid object at 0x100bc1470>)]",4,4,11,10,22,32
12,"((18, 5), <game.Grid object at 0x100bc01a0>)","((17, 5), <game.Grid object at 0x100b1baf0>)",East,"[((18, 4), <game.Grid object at 0x100bc0360>), ((17, 5), <game.Grid object at 0x100bc03d0>)]",4,4,12,11,21,32
13,"((8, 3), <game.Grid object at 0x100bf4870>)","((9, 3), <game.Grid object at 0x100b0e7b0>)",West,"[((9, 3), <game.Grid object at 0x100bc0440>), ((7, 3), <game.Grid object at 0x100bc00c0>)]",4,4,13,1,33,34
14,"((10, 4), <game.Grid object at 0x100a93a10>)","((10, 3), <game.Grid object at 0x100b42c10>)",North,"[((10, 5), <game.Grid object at 0x100bc04b0>), ((10, 3), <game.Grid object at 0x100bc0520>)]",4,5,14,2,32,34
15,"((13, 4), <game.Grid object at 0x100a5f0d0>)","((13, 3), <game.Grid object at 0x100b1fe30>)",North,"[((13, 5), <game.Grid object at 0x100bc07c0>), ((13, 3), <game.Grid object at 0x100bc06e0>)]",5,6,15,5,29,34
16,"((18, 4), <game.Grid object at 0x100bc0360>)","((18, 5), <game.Grid object at 0x100bc01a0>)",South,"[((18, 5), <game.Grid object at 0x100bc0830>), ((18, 3), <game.Grid object at 0x100bc0d70>)]",6,6,16,12,22,34
17,"((10, 3), <game.Grid object at 0x100bc0520>)","((10, 4), <game.Grid object at 0x100a93a10>)",South,"[((10, 4), <game.Grid object at 0x100bc19b0>), ((11, 3), <game.Grid object at 0x100bc1d30>), ((9, 3), <game.Grid object at 0x100bc1cc0>)]",6,7,17,3,31,34
18,"((13, 3), <game.Grid object at 0x100bc06e0>)","((13, 4), <game.Grid object at 0x100a5f0d0>)",South,"[((13, 4), <game.Grid object at 0x100bc1c50>), ((14, 3), <game.Grid object at 0x100bc0de0>), ((12, 3), <game.Grid object at 0x100bc1da0>)]",7,8,18,6,28,34
19,"((11, 3), <game.Grid object at 0x100bc1d30>)","((10, 3), <game.Grid object at 0x100bc0520>)",East,"[((12, 3), <game.Grid object at 0x100bc1e10>), ((10, 3), <game.Grid object at 0x100bc1e80>)]",8,8,19,4,30,34
20,"((14, 3), <game.Grid object at 0x100bc0de0>)","((13, 3), <game.Grid object at 0x100bc06e0>)",East,"[((15, 3), <game.Grid object at 0x100bc1ef0>), ((13, 3), <game.Grid object at 0x100bc1f60>)]",8,8,20,7,27,34
21,"((12, 3), <game.Grid object at 0x100bc1e10>)","((11, 3), <game.Grid object at 0x100bc1d30>)",East,"[((13, 3), <game.Grid object at 0x100bc1fd0>), ((11, 3), <game.Grid object at 0x100bc2040>)]",8,8,21,5,29,34
22,"((15, 3), <game.Grid object at 0x100bc1ef0>)","((14, 3), <game.Grid object at 0x100bc0de0>)",East,"[((16, 3), <game.Grid object at 0x100bc20b0>), ((14, 3), <game.Grid object at 0x100bc2120>)]",8,8,22,8,26,34
23,"((13, 3), <game.Grid object at 0x100bc1fd0>)","((12, 3), <game.Grid object at 0x100bc1e10>)",East,"[((13, 4), <game.Grid object at 0x100bc2190>), ((14, 3), <game.Grid object at 0x100bc2200>), ((12, 3), <game.Grid object at 0x100bc2270>)]",8,9,23,6,28,34
24,"((16, 3), <game.Grid object at 0x100bc20b0>)","((15, 3), <game.Grid object at 0x100bc1ef0>)",East,"[((16, 4), <game.Grid object at 0x100bc22e0>), ((15, 3), <game.Grid object at 0x100bc2350>)]",9,9,24,9,25,34
25,"((14, 3), <game.Grid object at 0x100bc2200>)","((13, 3), <game.Grid object at 0x100bc1fd0>)",East,"[((15, 3), <game.Grid object at 0x100bc23c0>), ((13, 3), <game.Grid object at 0x100bc2430>)]",9,9,25,7,27,34
26,"((16, 4), <game.Grid object at 0x100bc22e0>)","((16, 3), <game.Grid object at 0x100bc20b0>)",North,"[((16, 5), <game.Grid object at 0x100bc24a0>), ((16, 3), <game.Grid object at 0x100bc2510>)]",9,9,26,10,24,34
27,"((15, 3), <game.Grid object at 0x100bc23c0>)","((14, 3), <game.Grid object at 0x100bc2200>)",East,"[((16, 3), <game.Grid object at 0x100bc2580>), ((14, 3), <game.Grid object at 0x100bc25f0>)]",9,9,27,8,26,34
28,"((16, 5), <game.Grid object at 0x100bc24a0>)","((16, 4), <game.Grid object at 0x100bc22e0>)",North,"[((16, 4), <game.Grid object at 0x100bc2660>), ((17, 5), <game.Grid object at 0x100bc26d0>)]",9,9,28,11,23,34
29,"((16, 3), <game.Grid object at 0x100bc2580>)","((15, 3), <game.Grid object at 0x100bc23c0>)",East,"[((16, 4), <game.Grid object at 0x100bc2740>), ((15, 3), <game.Grid object at 0x100bc27b0>)]",9,9,29,9,25,34
30,"((17, 5), <game.Grid object at 0x100bc26d0>)","((16, 5), <game.Grid object at 0x100bc24a0>)",East,"[((18, 5), <game.Grid object at 0x100bc2820>), ((16, 5), <game.Grid object at 0x100bc2890>)]",9,9,30,12,22,34
31,"((16, 4), <game.Grid object at 0x100bc2740>)","((16, 3), <game.Grid object at 0x100bc2580>)",North,"[((16, 5), <game.Grid object at 0x100bc2970>), ((16, 3), <game.Grid object at 0x100bc29e0>)]",9,9,31,10,24,34
32,"((18, 5), <game.Grid object at 0x100bc2820>)","((17, 5), <game.Grid object at 0x100bc26d0>)",East,"[((18, 4), <game.Grid object at 0x100bc2a50>), ((17, 5), <game.Grid object at 0x100bc2ac0>)]",9,9,32,13,21,34
33,"((16, 5), <game.Grid object at 0x100bc2970>)","((16, 4), <game.Grid object at 0x100bc2740>)",North,"[((16, 4), <game.Grid object at 0x100bc2ba0>), ((17, 5), <game.Grid object at 0x100bc2c10>)]",9,9,33,11,23,34
34,"((17, 5), <game.Grid object at 0x100bc2c10>)","((16, 5), <game.Grid object at 0x100bc2970>)",East,"[((18, 5), <game.Grid object at 0x100bc2c80>), ((16, 5), <game.Grid object at 0x100bc2cf0>)]",9,9,34,12,22,34
35,"((18, 5), <game.Grid object at 0x100bc2c80>)","((17, 5), <game.Grid object at 0x100bc2c10>)",East,"[((18, 4), <game.Grid object at 0x100bc2dd0>), ((17, 5), <game.Grid object at 0x100bc2e40>)]",9,9,35,13,21,34
36,"((7, 3), <game.Grid object at 0x100bc00c0>)","((8, 3), <game.Grid object at 0x100bf4870>)",West,"[((7, 4), <game.Grid object at 0x100bc2f20>), ((8, 3), <game.Grid object at 0x100a84a60>), ((6, 3), <game.Grid object at 0x100a849f0>)]",9,10,36,2,34,36
37,"((10, 5), <game.Grid object at 0x100bc04b0>)","((10, 4), <game.Grid object at 0x100a93a10>)",North,"[((10, 4), <game.Grid object at 0x100a84980>), ((11, 5), <game.Grid object at 0x100a84910>), ((9, 5), <game.Grid object at 0x100a847c0>)]",10,11,37,3,33,36
38,"((13, 5), <game.Grid object at 0x100bc07c0>)","((13, 4), <game.Grid object at 0x100a5f0d0>)",North,"[((13, 4), <game.Grid object at 0x100bc2f90>), ((14, 5), <game.Grid object at 0x100bc3000>), ((12, 5), <game.Grid object at 0x100bc3070>)]",11,13,38,6,30,36
39,"((18, 3), <game.Grid object at 0x100bc0d70>)","((18, 4), <game.Grid object at 0x100bc0360>)",South,"[((18, 4), <game.Grid object at 0x100bc30e0>), ((18, 2), <game.Grid object at 0x100bc3230>)]",13,13,39,13,23,36
40,"((9, 3), <game.Grid object at 0x100bc1cc0>)","((10, 3), <game.Grid object at 0x100bc0520>)",West,"[((10, 3), <game.Grid object at 0x100bc3310>), ((8, 3), <game.Grid object at 0x100bc3380>)]",13,13,40,4,32,36
41,"((12, 3), <game.Grid object at 0x100bc1da0>)","((13, 3), <game.Grid object at 0x100bc06e0>)",West,"[((13, 3), <game.Grid object at 0x100bc32a0>), ((11, 3), <game.Grid object at 0x100bc3150>)]",13,13,41,7,29,36
42,"((13, 4), <game.Grid object at 0x100bc2190>)","((13, 3), <game.Grid object at 0x100bc1fd0>)",North,"[((13, 5), <game.Grid object at 0x100bc33f0>), ((13, 3), <game.Grid object at 0x100bc3460>)]",13,14,42,7,29,36
43,"((18, 4), <game.Grid object at 0x100bc2a50>)","((18, 5), <game.Grid object at 0x100bc2820>)",South,"[((18, 5), <game.Grid object at 0x100bc34d0>), ((18, 3), <game.Grid object at 0x100bc3540>)]",14,14,43,14,22,36
44,"((18, 4), <game.Grid object at 0x100bc2dd0>)","((18, 5), <game.Grid object at 0x100bc2c80>)",South,"[((18, 5), <game.Grid object at 0x100bc35b0>), ((18, 3), <game.Grid object at 0x100bc3620>)]",14,14,44,14,22,36
45,"((11, 5), <game.Grid object at 0x100a84910>)","((10, 5), <game.Grid object at 0x100bc04b0>)",East,"[((12, 5), <game.Grid object at 0x100bc3690>), ((10, 5), <game.Grid object at 0x100bc3700>)]",14,14,45,4,32,36
46,"((13, 4), <game.Grid object at 0x100bc2f90>)","((13, 5), <game.Grid object at 0x100bc07c0>)",South,"[((13, 5), <game.Grid object at 0x100bc3770>), ((13, 3), <game.Grid object at 0x100bc37e0>)]",14,14,46,7,29,36
47,"((13, 3), <game.Grid object at 0x100bc3460>)","((13, 4), <game.Grid object at 0x100bc2190>)",South,"[((13, 4), <game.Grid object at 0x100bc3850>), ((14, 3), <game.Grid object at 0x100bc38c0>), ((12, 3), <game.Grid object at 0x100bc3930>)]",14,15,47,8,28,36
48,"((12, 5), <game.Grid object at 0x100bc3690>)","((11, 5), <game.Grid object at 0x100a84910>)",East,"[((13, 5), <game.Grid object at 0x100bc39a0>), ((11, 5), <game.Grid object at 0x100bc3a10>)]",15,15,48,5,31,36
49,"((13, 3), <game.Grid object at 0x100bc37e0>)","((13, 4), <game.Grid object at 0x100bc2f90>)",South,"[((13, 4), <game.Grid object at 0x100bc3a80>), ((14, 3), <game.Grid object at 0x100bc3af0>), ((12, 3), <game.Grid object at 0x100bc3b60>)]",15,16,49,8,28,36
50,"((14, 3), <game.Grid object at 0x100bc38c0>)","((13, 3), <game.Grid object at 0x100bc3460>)",East,"[((15, 3), <game.Grid object at 0x100bc3bd0>), ((13, 3), <game.Grid object at 0x100bc3c40>)]",16,16,50,9,27,36
51,"((13, 5), <game.Grid object at 0x100bc39a0>)","((12, 5), <game.Grid object at 0x100bc3690>)",East,"[((13, 4), <game.Grid object at 0x100bc3cb0>), ((14, 5), <game.Grid object at 0x100bc3d20>), ((12, 5), <game.Grid object at 0x100bc3d90>)]",16,18,51,6,30,36
52,"((14, 3), <game.Grid object at 0x100bc3af0>)","((13, 3), <game.Grid object at 0x100bc37e0>)",East,"[((15, 3), <game.Grid object at 0x100bc3e00>), ((13, 3), <game.Grid object at 0x100bc3e70>)]",18,18,52,9,27,36
53,"((15, 3), <game.Grid object at 0x100bc3bd0>)","((14, 3), <game.Grid object at 0x100bc38c0>)",East,"[((16, 3), <game.Grid object at 0x100bc3ee0>), ((14, 3), <game.Grid object at 0x100bc3f50>)]",18,18,53,10,26,36
54,"((13, 4), <game.Grid object at 0x100bc3cb0>)","((13, 5), <game.Grid object at 0x100bc39a0>)",South,"[((13, 5), <game.Grid object at 0x114a5c050>), ((13, 3), <game.Grid object at 0x114a5c0c0>)]",18,18,54,7,29,36
55,"((15, 3), <game.Grid object at 0x100bc3e00>)","((14, 3), <game.Grid object at 0x100bc3af0>)",East,"[((16, 3), <game.Grid object at 0x114a5c130>), ((14, 3), <game.Grid object at 0x114a5c1a0>)]",18,18,55,10,26,36
56,"((16, 3), <game.Grid object at 0x100bc3ee0>)","((15, 3), <game.Grid object at 0x100bc3bd0>)",East,"[((16, 4), <game.Grid object at 0x114a5c210>), ((15, 3), <game.Grid object at 0x114a5c280>)]",18,18,56,11,25,36
57,"((13, 3), <game.Grid object at 0x114a5c0c0>)","((13, 4), <game.Grid object at 0x100bc3cb0>)",South,"[((13, 4), <game.Grid object at 0x114a5c2f0>), ((14, 3), <game.Grid object at 0x114a5c360>), ((12, 3), <game.Grid object at 0x114a5c3d0>)]",18,19,57,8,28,36
58,"((16, 3), <game.Grid object at 0x114a5c130>)","((15, 3), <game.Grid object at 0x100bc3e00>)",East,"[((16, 4), <game.Grid object at 0x114a5c440>), ((15, 3), <game.Grid object at 0x114a5c4b0>)]",19,19,58,11,25,36
59,"((16, 4), <game.Grid object at 0x114a5c210>)","((16, 3), <game.Grid object at 0x100bc3ee0>)",North,"[((16, 5), <game.Grid object at 0x114a5c520>), ((16, 3), <game.Grid object at 0x114a5c590>)]",19,19,59,12,24,36
60,"((14, 3), <game.Grid object at 0x114a5c360>)","((13, 3), <game.Grid object at 0x114a5c0c0>)",East,"[((15, 3), <game.Grid object at 0x114a5c670>), ((13, 3), <game.Grid object at 0x114a5c6e0>)]",19,19,60,9,27,36
61,"((16, 4), <game.Grid object at 0x114a5c440>)","((16, 3), <game.Grid object at 0x114a5c130>)",North,"[((16, 5), <game.Grid object at 0x114a5c750>), ((16, 3), <game.Grid object at 0x114a5c7c0>)]",19,19,61,12,24,36
62,"((16, 5), <game.Grid object at 0x114a5c520>)","((16, 4), <game.Grid object at 0x114a5c210>)",North,"[((16, 4), <game.Grid object at 0x114a5c8a0>), ((17, 5), <game.Grid object at 0x114a5c910>)]",19,19,62,13,23,36
63,"((15, 3), <game.Grid object at 0x114a5c670>)","((14, 3), <game.Grid object at 0x114a5c360>)",East,"[((16, 3), <game.Grid object at 0x114a5c9f0>), ((14, 3), <game.Grid object at 0x114a5ca60>)]",19,19,63,10,26,36
64,"((16, 5), <game.Grid object at 0x114a5c750>)","((16, 4), <game.Grid object at 0x114a5c440>)",North,"[((16, 4), <game.Grid object at 0x114a5cad0>), ((17, 5), <game.Grid object at 0x114a5cb40>)]",19,19,64,13,23,36
65,"((17, 5), <game.Grid object at 0x114a5c910>)","((16, 5), <game.Grid object at 0x114a5c520>)",East,"[((18, 5), <game.Grid object at 0x114a5cc20>), ((16, 5), <game.Grid object at 0x114a5cc90>)]",19,19,65,14,22,36
66,"((16, 3), <game.Grid object at 0x114a5c9f0>)","((15, 3), <game.Grid object at 0x114a5c670>)",East,"[((16, 4), <game.Grid object at 0x114a5cd00>), ((15, 3), <game.Grid object at 0x114a5cd70>)]",19,19,66,11,25,36
67,"((17, 5), <game.Grid object at 0x114a5cb40>)","((16, 5), <game.Grid object at 0x114a5c750>)",East,"[((18, 5), <game.Grid object at 0x114a5cde0>), ((16, 5), <game.Grid object at 0x114a5ce50>)]",19,19,67,14,22,36
68,"((18, 5), <game.Grid object at 0x114a5cc20>)","((17, 5), <game.Grid object at 0x114a5c910>)",East,"[((18, 4), <game.Grid object at 0x114a5cec0>), ((17, 5), <game.Grid object at 0x114a5cf30>)]",19,19,68,15,21,36
69,"((16, 4), <game.Grid object at 0x114a5cd00>)","((16, 3), <game.Grid object at 0x114a5c9f0>)",North,"[((16, 5), <game.Grid object at 0x114a5cfa0>), ((16, 3), <game.Grid object at 0x114a5d010>)]",19,19,69,12,24,36
70,"((18, 5), <game.Grid object at 0x114a5cde0>)","((17, 5), <game.Grid object at 0x114a5cb40>)",East,"[((18, 4), <game.Grid object at 0x114a5d0f0>), ((17, 5), <game.Grid object at 0x114a5d160>)]",19,19,70,15,21,36
71,"((16, 5), <game.Grid object at 0x114a5cfa0>)","((16, 4), <game.Grid object at 0x114a5cd00>)",North,"[((16, 4), <game.Grid object at 0x114a5d1d0>), ((17, 5), <game.Grid object at 0x114a5d240>)]",19,19,71,13,23,36
72,"((17, 5), <game.Grid object at 0x114a5d240>)","((16, 5), <game.Grid object at 0x114a5cfa0>)",East,"[((18, 5), <game.Grid object at 0x114a5d320>), ((16, 5), <game.Grid object at 0x114a5d390>)]",19,19,72,14,22,36
73,"((18, 5), <game.Grid object at 0x114a5d320>)","((17, 5), <game.Grid object at 0x114a5d240>)",East,"[((18, 4), <game.Grid object at 0x114a5d400>), ((17, 5), <game.Grid object at 0x114a5d470>)]",19,19,73,15,21,36
74,"((7, 4), <game.Grid object at 0x100bc2f20>)","((7, 3), <game.Grid object at 0x100bc00c0>)",North,"[((7, 5), <game.Grid object at 0x114a5d4e0>), ((7, 3), <game.Grid object at 0x114a5d550>)]",19,20,74,3,35,38
75,"((6, 3), <game.Grid object at 0x100a849f0>)","((7, 3), <game.Grid object at 0x100bc00c0>)",West,"[((7, 3), <game.Grid object at 0x114a5d630>), ((5, 3), <game.Grid object at 0x114a5d5c0>)]",20,20,75,3,35,38
76,"((9, 5), <game.Grid object at 0x100a847c0>)","((10, 5), <game.Grid object at 0x100bc04b0>)",West,"[((10, 5), <game.Grid object at 0x114a5d710>), ((8, 5), <game.Grid object at 0x114a5d6a0>)]",20,20,76,4,34,38
77,"((14, 5), <game.Grid object at 0x100bc3000>)","((13, 5), <game.Grid object at 0x100bc07c0>)",East,"[((13, 5), <game.Grid object at 0x114a5d7f0>)]",20,20,77,7,31,38
78,"((12, 5), <game.Grid object at 0x100bc3070>)","((13, 5), <game.Grid object at 0x100bc07c0>)",West,"[((13, 5), <game.Grid object at 0x114a5d780>), ((11, 5), <game.Grid object at 0x114a5d860>)]",20,20,78,7,31,38
79,"((18, 2), <game.Grid object at 0x100bc3230>)","((18, 3), <game.Grid object at 0x100bc0d70>)",South,"[((18, 3), <game.Grid object at 0x114a5d8d0>), ((18, 1), <game.Grid object at 0x114a5d940>)]",20,20,79,14,24,38
80,"((8, 3), <game.Grid object at 0x100bc3380>)","((9, 3), <game.Grid object at 0x100bc1cc0>)",West,"[((9, 3), <game.Grid object at 0x114a5db00>), ((7, 3), <game.Grid object at 0x114a5da90>)]",20,20,80,5,33,38
81,"((11, 3), <game.Grid object at 0x100bc3150>)","((12, 3), <game.Grid object at 0x100bc1da0>)",West,"[((12, 3), <game.Grid object at 0x114a5db70>), ((10, 3), <game.Grid object at 0x114a5d9b0>)]",20,20,81,8,30,38
82,"((13, 5), <game.Grid object at 0x100bc33f0>)","((13, 4), <game.Grid object at 0x100bc2190>)",North,"[((13, 4), <game.Grid object at 0x114a5da20>), ((14, 5), <game.Grid object at 0x114a5dbe0>), ((12, 5), <game.Grid object at 0x114a5dc50>)]",20,21,82,8,30,38
83,"((18, 3), <game.Grid object at 0x100bc3540>)","((18, 4), <game.Grid object at 0x100bc2a50>)",South,"[((18, 4), <game.Grid object at 0x114a5dcc0>), ((18, 2), <game.Grid object at 0x114a5dd30>)]",21,21,83,15,23,38
84,"((18, 3), <game.Grid object at 0x100bc3620>)","((18, 4), <game.Grid object at 0x100bc2dd0>)",South,"[((18, 4), <game.Grid object at 0x114a5dda0>), ((18, 2), <game.Grid object at 0x114a5de10>)]",21,21,84,15,23,38
85,"((12, 3), <game.Grid object at 0x100bc3930>)","((13, 3), <game.Grid object at 0x100bc3460>)",West,"[((13, 3), <game.Grid object at 0x114a5de80>), ((11, 3), <game.Grid object at 0x114a5def0>)]",21,21,85,9,29,38
86,"((12, 3), <game.Grid object at 0x100bc3b60>)","((13, 3), <game.Grid object at 0x100bc37e0>)",West,"[((13, 3), <game.Grid object at 0x114a5df60>), ((11, 3), <game.Grid object at 0x114a5dfd0>)]",21,21,86,9,29,38
87,"((14, 5), <game.Grid object at 0x100bc3d20>)","((13, 5), <game.Grid object at 0x100bc39a0>)",East,"[((13, 5), <game.Grid object at 0x114a5e040>)]",21,21,87,7,31,38
88,"((12, 5), <game.Grid object at 0x100bc3d90>)","((13, 5), <game.Grid object at 0x100bc39a0>)",West,"[((13, 5), <game.Grid object at 0x114a5e0b0>), ((11, 5), <game.Grid object at 0x114a5e120>)]",21,21,88,7,31,38
89,"((12, 3), <game.Grid object at 0x114a5c3d0>)","((13, 3), <game.Grid object at 0x114a5c0c0>)",West,"[((13, 3), <game.Grid object at 0x114a5e190>), ((11, 3), <game.Grid object at 0x114a5e200>)]",21,21,89,9,29,38
90,"((18, 4), <game.Grid object at 0x114a5cec0>)","((18, 5), <game.Grid object at 0x114a5cc20>)",South,"[((18, 5), <game.Grid object at 0x114a5e270>), ((18, 3), <game.Grid object at 0x114a5e2e0>)]",21,21,90,16,22,38
91,"((18, 4), <game.Grid object at 0x114a5d0f0>)","((18, 5), <game.Grid object at 0x114a5cde0>)",South,"[((18, 5), <game.Grid object at 0x114a5e350>), ((18, 3), <game.Grid object at 0x114a5e3c0>)]",21,21,91,16,22,38
92,"((18, 4), <game.Grid object at 0x114a5d400>)","((18, 5), <game.Grid object at 0x114a5d320>)",South,"[((18, 5), <game.Grid object at 0x114a5e430>), ((18, 3), <game.Grid object at 0x114a5e4a0>)]",21,21,92,16,22,38
93,"((7, 3), <game.Grid object at 0x114a5d550>)","((7, 4), <game.Grid object at 0x100bc2f20>)",South,"[((7, 4), <game.Grid object at 0x114a5e510>), ((8, 3), <game.Grid object at 0x114a5e580>), ((6, 3), <game.Grid object at 0x114a5e5f0>)]",21,22,93,4,34,38
94,"((13, 5), <game.Grid object at 0x114a5d7f0>)","((14, 5), <game.Grid object at 0x100bc3000>)",West,"[((13, 4), <game.Grid object at 0x114a5e660>), ((14, 5), <game.Grid object at 0x114a5e6d0>), ((12, 5), <game.Grid object at 0x114a5e740>)]",22,23,94,8,30,38
95,"((13, 5), <game.Grid object at 0x114a5e040>)","((14, 5), <game.Grid object at 0x100bc3d20>)",West,"[((13, 4), <game.Grid object at 0x114a5e7b0>), ((14, 5), <game.Grid object at 0x114a5e820>), ((12, 5), <game.Grid object at 0x114a5e890>)]",23,24,95,8,30,38
96,"((8, 3), <game.Grid object at 0x114a5e580>)","((7, 3), <game.Grid object at 0x114a5d550>)",East,"[((9, 3), <game.Grid object at 0x114a5e900>), ((7, 3), <game.Grid object at 0x114a5e970>)]",24,24,96,5,33,38
97,"((13, 4), <game.Grid object at 0x114a5e660>)","((13, 5), <game.Grid object at 0x114a5d7f0>)",South,"[((13, 5), <game.Grid object at 0x114a5e9e0>), ((13, 3), <game.Grid object at 0x114a5ea50>)]",24,24,97,9,29,38
98,"((13, 4), <game.Grid object at 0x114a5e7b0>)","((13, 5), <game.Grid object at 0x114a5e040>)",South,"[((13, 5), <game.Grid object at 0x114a5eac0>), ((13, 3), <game.Grid object at 0x114a5eb30>)]",24,25,98,9,29,38
99,"((9, 3), <game.Grid object at 0x114a5e900>)","((8, 3), <game.Grid object at 0x114a5e580>)",East,"[((10, 3), <game.Grid object at 0x114a5eba0>), ((8, 3), <game.Grid object at 0x114a5ec10>)]",25,25,99,6,32,38
100,"((13, 3), <game.Grid object at 0x114a5ea50>)","((13, 4), <game.Grid object at 0x114a5e660>)",South,"[((13, 4), <game.Grid object at 0x114a5ec80>), ((14, 3), <game.Grid object at 0x114a5ecf0>), ((12, 3), <game.Grid object at 0x114a5ed60>)]",25,26,100,10,28,38
101,"((13, 3), <game.Grid object at 0x114a5eb30>)","((13, 4), <game.Grid object at 0x114a5e7b0>)",South,"[((13, 4), <game.Grid object at 0x114a5edd0>), ((14, 3), <game.Grid object at 0x114a5ee40>), ((12, 3), <game.Grid object at 0x114a5eeb0>)]",26,27,101,10,28,38
102,"((10, 3), <game.Grid object at 0x114a5eba0>)","((9, 3), <game.Grid object at 0x114a5e900>)",East,"[((10, 4), <game.Grid object at 0x114a5ef20>), ((11, 3), <game.Grid object at 0x114a5ef90>), ((9, 3), <game.Grid object at 0x114a5f000>)]",27,28,102,7,31,38
103,"((14, 3), <game.Grid object at 0x114a5ecf0>)","((13, 3), <game.Grid object at 0x114a5ea50>)",East,"[((15, 3), <game.Grid object at 0x114a5f070>), ((13, 3), <game.Grid object at 0x114a5f0e0>)]",28,28,103,11,27,38
104,"((14, 3), <game.Grid object at 0x114a5ee40>)","((13, 3), <game.Grid object at 0x114a5eb30>)",East,"[((15, 3), <game.Grid object at 0x114a5f150>), ((13, 3), <game.Grid object at 0x114a5f1c0>)]",28,28,104,11,27,38
105,"((11, 3), <game.Grid object at 0x114a5ef90>)","((10, 3), <game.Grid object at 0x114a5eba0>)",East,"[((12, 3), <game.Grid object at 0x114a5f230>), ((10, 3), <game.Grid object at 0x114a5f2a0>)]",28,28,105,8,30,38
106,"((15, 3), <game.Grid object at 0x114a5f070>)","((14, 3), <game.Grid object at 0x114a5ecf0>)",East,"[((16, 3), <game.Grid object at 0x114a5f310>), ((14, 3), <game.Grid object at 0x114a5f380>)]",28,28,106,12,26,38
107,"((15, 3), <game.Grid object at 0x114a5f150>)","((14, 3), <game.Grid object at 0x114a5ee40>)",East,"[((16, 3), <game.Grid object at 0x114a5f460>), ((14, 3), <game.Grid object at 0x114a5f4d0>)]",28,28,107,12,26,38
108,"((12, 3), <game.Grid object at 0x114a5f230>)","((11, 3), <game.Grid object at 0x114a5ef90>)",East,"[((13, 3), <game.Grid object at 0x114a5f5b0>), ((11, 3), <game.Grid object at 0x114a5f620>)]",28,28,108,9,29,38
109,"((16, 3), <game.Grid object at 0x114a5f310>)","((15, 3), <game.Grid object at 0x114a5f070>)",East,"[((16, 4), <game.Grid object at 0x114a5f690>), ((15, 3), <game.Grid object at 0x114a5f700>)]",28,28,109,13,25,38
110,"((16, 3), <game.Grid object at 0x114a5f460>)","((15, 3), <game.Grid object at 0x114a5f150>)",East,"[((16, 4), <game.Grid object at 0x114a5f7e0>), ((15, 3), <game.Grid object at 0x114a5f850>)]",28,28,110,13,25,38
111,"((13, 3), <game.Grid object at 0x114a5f5b0>)","((12, 3), <game.Grid object at 0x114a5f230>)",East,"[((13, 4), <game.Grid object at 0x114a5f930>), ((14, 3), <game.Grid object at 0x114a5f9a0>), ((12, 3), <game.Grid object at 0x114a5fa10>)]",28,29,111,10,28,38
112,"((16, 4), <game.Grid object at 0x114a5f690>)","((16, 3), <game.Grid object at 0x114a5f310>)",North,"[((16, 5), <game.Grid object at 0x114a5fa80>), ((16, 3), <game.Grid object at 0x114a5faf0>)]",29,29,112,14,24,38
113,"((16, 4), <game.Grid object at 0x114a5f7e0>)","((16, 3), <game.Grid object at 0x114a5f460>)",North,"[((16, 5), <game.Grid object at 0x114a5fb60>), ((16, 3), <game.Grid object at 0x114a5fbd0>)]",29,29,113,14,24,38
114,"((14, 3), <game.Grid object at 0x114a5f9a0>)","((13, 3), <game.Grid object at 0x114a5f5b0>)",East,"[((15, 3), <game.Grid object at 0x114a5fc40>), ((13, 3), <game.Grid object at 0x114a5fcb0>)]",29,29,114,11,27,38
115,"((16, 5), <game.Grid object at 0x114a5fa80>)","((16, 4), <game.Grid object at 0x114a5f690>)",North,"[((16, 4), <game.Grid object at 0x114a5fd20>), ((17, 5), <game.Grid object at 0x114a5fd90>)]",29,29,115,15,23,38
116,"((16, 5), <game.Grid object at 0x114a5fb60>)","((16, 4), <game.Grid object at 0x114a5f7e0>)",North,"[((16, 4), <game.Grid object at 0x114a5fe00>), ((17, 5), <game.Grid object at 0x114a5fe70>)]",29,29,116,15,23,38
117,"((15, 3), <game.Grid object at 0x114a5fc40>)","((14, 3), <game.Grid object at 0x114a5f9a0>)",East,"[((16, 3), <game.Grid object at 0x114a5fee0>), ((14, 3), <game.Grid object at 0x114a5ff50>)]",29,29,117,12,26,38
118,"((17, 5), <game.Grid object at 0x114a5fd90>)","((16, 5), <game.Grid object at 0x114a5fa80>)",East,"[((18, 5), <game.Grid object at 0x114acc0c0>), ((16, 5), <game.Grid object at 0x114acc130>)]",29,29,118,16,22,38
119,"((17, 5), <game.Grid object at 0x114a5fe70>)","((16, 5), <game.Grid object at 0x114a5fb60>)",East,"[((18, 5), <game.Grid object at 0x114acc1a0>), ((16, 5), <game.Grid object at 0x114acc210>)]",29,29,119,16,22,38
120,"((16, 3), <game.Grid object at 0x114a5fee0>)","((15, 3), <game.Grid object at 0x114a5fc40>)",East,"[((16, 4), <game.Grid object at 0x114acc280>), ((15, 3), <game.Grid object at 0x114acc2f0>)]",29,29,120,13,25,38
121,"((18, 5), <game.Grid object at 0x114acc0c0>)","((17, 5), <game.Grid object at 0x114a5fd90>)",East,"[((18, 4), <game.Grid object at 0x114acc3d0>), ((17, 5), <game.Grid object at 0x114acc440>)]",29,29,121,17,21,38
122,"((18, 5), <game.Grid object at 0x114acc1a0>)","((17, 5), <game.Grid object at 0x114a5fe70>)",East,"[((18, 4), <game.Grid object at 0x114acc4b0>), ((17, 5), <game.Grid object at 0x114acc520>)]",29,29,122,17,21,38
123,"((16, 4), <game.Grid object at 0x114acc280>)","((16, 3), <game.Grid object at 0x114a5fee0>)",North,"[((16, 5), <game.Grid object at 0x114acc590>), ((16, 3), <game.Grid object at 0x114acc600>)]",29,29,123,14,24,38
124,"((16, 5), <game.Grid object at 0x114acc590>)","((16, 4), <game.Grid object at 0x114acc280>)",North,"[((16, 4), <game.Grid object at 0x114acc670>), ((17, 5), <game.Grid object at 0x114acc6e0>)]",29,29,124,15,23,38
125,"((17, 5), <game.Grid object at 0x114acc6e0>)","((16, 5), <game.Grid object at 0x114acc590>)",East,"[((18, 5), <game.Grid object at 0x114acc750>), ((16, 5), <game.Grid object at 0x114acc7c0>)]",29,29,125,16,22,38
126,"((18, 5), <game.Grid object at 0x114acc750>)","((17, 5), <game.Grid object at 0x114acc6e0>)",East,"[((18, 4), <game.Grid object at 0x114acc830>), ((17, 5), <game.Grid object at 0x114acc8a0>)]",29,29,126,17,21,38
127,"((7, 5), <game.Grid object at 0x114a5d4e0>)","((7, 4), <game.Grid object at 0x100bc2f20>)",North,"[((7, 4), <game.Grid object at 0x114acc910>), ((8, 5), <game.Grid object at 0x114acc980>), ((6, 5), <game.Grid object at 0x114acc9f0>)]",29,30,127,4,36,40
128,"((5, 3), <game.Grid object at 0x114a5d5c0>)","((6, 3), <game.Grid object at 0x100a849f0>)",West,"[((6, 3), <game.Grid object at 0x114accad0>), ((4, 3), <game.Grid object at 0x114acca60>)]",30,30,128,4,36,40
129,"((8, 5), <game.Grid object at 0x114a5d6a0>)","((9, 5), <game.Grid object at 0x100a847c0>)",West,"[((9, 5), <game.Grid object at 0x114accbb0>), ((7, 5), <game.Grid object at 0x114accb40>)]",30,30,129,5,35,40
130,"((11, 5), <game.Grid object at 0x114a5d860>)","((12, 5), <game.Grid object at 0x100bc3070>)",West,"[((12, 5), <game.Grid object at 0x114accc20>), ((10, 5), <game.Grid object at 0x114accc90>)]",30,30,130,8,32,40
131,"((18, 1), <game.Grid object at 0x114a5d940>)","((18, 2), <game.Grid object at 0x100bc3230>)",South,"[((18, 2), <game.Grid object at 0x114accd00>), ((17, 1), <game.Grid object at 0x114accd70>)]",30,30,131,15,25,40
132,"((7, 3), <game.Grid object at 0x114a5da90>)","((8, 3), <game.Grid object at 0x100bc3380>)",West,"[((7, 4), <game.Grid object at 0x114accde0>), ((8, 3), <game.Grid object at 0x114accec0>), ((6, 3), <game.Grid object at 0x114acce50>)]",30,31,132,6,34,40
133,"((10, 3), <game.Grid object at 0x114a5d9b0>)","((11, 3), <game.Grid object at 0x100bc3150>)",West,"[((10, 4), <game.Grid object at 0x114accf30>), ((11, 3), <game.Grid object at 0x114accfa0>), ((9, 3), <game.Grid object at 0x114acd010>)]",31,32,133,9,31,40
134,"((14, 5), <game.Grid object at 0x114a5dbe0>)","((13, 5), <game.Grid object at 0x100bc33f0>)",East,"[((13, 5), <game.Grid object at 0x114acd080>)]",32,31,134,9,31,40
135,"((12, 5), <game.Grid object at 0x114a5dc50>)","((13, 5), <game.Grid object at 0x100bc33f0>)",West,"[((13, 5), <game.Grid object at 0x114acd0f0>), ((11, 5), <game.Grid object at 0x114acd160>)]",31,31,135,9,31,40
136,"((18, 2), <game.Grid object at 0x114a5dd30>)","((18, 3), <game.Grid object at 0x100bc3540>)",South,"[((18, 3), <game.Grid object at 0x114acd1d0>), ((18, 1), <game.Grid object at 0x114acd240>)]",31,31,136,16,24,40
137,"((18, 2), <game.Grid object at 0x114a5de10>)","((18, 3), <game.Grid object at 0x100bc3620>)",South,"[((18, 3), <game.Grid object at 0x114acd2b0>), ((18, 1), <game.Grid object at 0x114acd320>)]",31,31,137,16,24,40
138,"((11, 3), <game.Grid object at 0x114a5def0>)","((12, 3), <game.Grid object at 0x100bc3930>)",West,"[((12, 3), <game.Grid object at 0x114acd390>), ((10, 3), <game.Grid object at 0x114acd400>)]",31,31,138,10,30,40
139,"((11, 3), <game.Grid object at 0x114a5dfd0>)","((12, 3), <game.Grid object at 0x100bc3b60>)",West,"[((12, 3), <game.Grid object at 0x114acd470>), ((10, 3), <game.Grid object at 0x114acd4e0>)]",31,31,139,10,30,40
140,"((11, 5), <game.Grid object at 0x114a5e120>)","((12, 5), <game.Grid object at 0x100bc3d90>)",West,"[((12, 5), <game.Grid object at 0x114acd550>), ((10, 5), <game.Grid object at 0x114acd5c0>)]",31,31,140,8,32,40
141,"((11, 3), <game.Grid object at 0x114a5e200>)","((12, 3), <game.Grid object at 0x114a5c3d0>)",West,"[((12, 3), <game.Grid object at 0x114acd630>), ((10, 3), <game.Grid object at 0x114acd6a0>)]",31,31,141,10,30,40
142,"((18, 3), <game.Grid object at 0x114a5e2e0>)","((18, 4), <game.Grid object at 0x114a5cec0>)",South,"[((18, 4), <game.Grid object at 0x114acd710>), ((18, 2), <game.Grid object at 0x114acd780>)]",31,31,142,17,23,40
143,"((18, 3), <game.Grid object at 0x114a5e3c0>)","((18, 4), <game.Grid object at 0x114a5d0f0>)",South,"[((18, 4), <game.Grid object at 0x114acd7f0>), ((18, 2), <game.Grid object at 0x114acd860>)]",31,31,143,17,23,40
144,"((18, 3), <game.Grid object at 0x114a5e4a0>)","((18, 4), <game.Grid object at 0x114a5d400>)",South,"[((18, 4), <game.Grid object at 0x114acd8d0>), ((18, 2), <game.Grid object at 0x114acd940>)]",31,31,144,17,23,40
145,"((6, 3), <game.Grid object at 0x114a5e5f0>)","((7, 3), <game.Grid object at 0x114a5d550>)",West,"[((7, 3), <game.Grid object at 0x114acd9b0>), ((5, 3), <game.Grid object at 0x114acda20>)]",31,31,145,5,35,40
146,"((12, 5), <game.Grid object at 0x114a5e740>)","((13, 5), <game.Grid object at 0x114a5d7f0>)",West,"[((13, 5), <game.Grid object at 0x114acda90>), ((11, 5), <game.Grid object at 0x114acdb00>)]",31,31,146,9,31,40
147,"((12, 5), <game.Grid object at 0x114a5e890>)","((13, 5), <game.Grid object at 0x114a5e040>)",West,"[((13, 5), <game.Grid object at 0x114acdb70>), ((11, 5), <game.Grid object at 0x114acdbe0>)]",31,31,147,9,31,40
148,"((13, 5), <game.Grid object at 0x114a5eac0>)","((13, 4), <game.Grid object at 0x114a5e7b0>)",North,"[((13, 4), <game.Grid object at 0x114acdc50>), ((14, 5), <game.Grid object at 0x114acdcc0>), ((12, 5), <game.Grid object at 0x114acdd30>)]",31,31,148,10,30,40
149,"((12, 3), <game.Grid object at 0x114a5ed60>)","((13, 3), <game.Grid object at 0x114a5ea50>)",West,"[((13, 3), <game.Grid object at 0x114acdda0>), ((11, 3), <game.Grid object at 0x114acde10>)]",31,31,149,11,29,40
150,"((12, 3), <game.Grid object at 0x114a5eeb0>)","((13, 3), <game.Grid object at 0x114a5eb30>)",West,"[((13, 3), <game.Grid object at 0x114acde80>), ((11, 3), <game.Grid object at 0x114acdef0>)]",31,31,150,11,29,40
151,"((10, 4), <game.Grid object at 0x114a5ef20>)","((10, 3), <game.Grid object at 0x114a5eba0>)",North,"[((10, 5), <game.Grid object at 0x114acdf60>), ((10, 3), <game.Grid object at 0x114acdfd0>)]",31,32,151,8,32,40
152,"((13, 4), <game.Grid object at 0x114a5f930>)","((13, 3), <game.Grid object at 0x114a5f5b0>)",North,"[((13, 5), <game.Grid object at 0x114ace040>), ((13, 3), <game.Grid object at 0x114ace0b0>)]",32,33,152,11,29,40
153,"((18, 4), <game.Grid object at 0x114acc3d0>)","((18, 5), <game.Grid object at 0x114acc0c0>)",South,"[((18, 5), <game.Grid object at 0x114ace120>), ((18, 3), <game.Grid object at 0x114ace190>)]",33,33,153,18,22,40
154,"((18, 4), <game.Grid object at 0x114acc4b0>)","((18, 5), <game.Grid object at 0x114acc1a0>)",South,"[((18, 5), <game.Grid object at 0x114ace200>), ((18, 3), <game.Grid object at 0x114ace270>)]",33,33,154,18,22,40
155,"((18, 4), <game.Grid object at 0x114acc830>)","((18, 5), <game.Grid object at 0x114acc750>)",South,"[((18, 5), <game.Grid object at 0x114ace2e0>), ((18, 3), <game.Grid object at 0x114ace350>)]",33,33,155,18,22,40
156,"((8, 5), <game.Grid object at 0x114acc980>)","((7, 5), <game.Grid object at 0x114a5d4e0>)",East,"[((9, 5), <game.Grid object at 0x114ace3c0>), ((7, 5), <game.Grid object at 0x114ace430>)]",33,33,156,5,35,40
157,"((10, 3), <game.Grid object at 0x114acdfd0>)","((10, 4), <game.Grid object at 0x114a5ef20>)",South,"[((10, 4), <game.Grid object at 0x114ace4a0>), ((11, 3), <game.Grid object at 0x114ace510>), ((9, 3), <game.Grid object at 0x114ace580>)]",33,34,157,9,31,40
158,"((13, 3), <game.Grid object at 0x114ace0b0>)","((13, 4), <game.Grid object at 0x114a5f930>)",South,"[((13, 4), <game.Grid object at 0x114ace5f0>), ((14, 3), <game.Grid object at 0x114ace660>), ((12, 3), <game.Grid object at 0x114ace6d0>)]",34,35,158,12,28,40
159,"((9, 5), <game.Grid object at 0x114ace3c0>)","((8, 5), <game.Grid object at 0x114acc980>)",East,"[((10, 5), <game.Grid object at 0x114ace820>), ((8, 5), <game.Grid object at 0x114ace890>)]",35,35,159,6,34,40
160,"((11, 3), <game.Grid object at 0x114ace510>)","((10, 3), <game.Grid object at 0x114acdfd0>)",East,"[((12, 3), <game.Grid object at 0x114ace900>), ((10, 3), <game.Grid object at 0x114ace970>)]",35,35,160,10,30,40
161,"((14, 3), <game.Grid object at 0x114ace660>)","((13, 3), <game.Grid object at 0x114ace0b0>)",East,"[((15, 3), <game.Grid object at 0x114ace9e0>), ((13, 3), <game.Grid object at 0x114acea50>)]",35,35,161,13,27,40
162,"((10, 5), <game.Grid object at 0x114ace820>)","((9, 5), <game.Grid object at 0x114ace3c0>)",East,"[((10, 4), <game.Grid object at 0x114aceb30>), ((11, 5), <game.Grid object at 0x114aceba0>), ((9, 5), <game.Grid object at 0x114acec10>)]",35,35,162,7,33,40
163,"((12, 3), <game.Grid object at 0x114ace900>)","((11, 3), <game.Grid object at 0x114ace510>)",East,"[((13, 3), <game.Grid object at 0x114acec80>), ((11, 3), <game.Grid object at 0x114acecf0>)]",35,35,163,11,29,40
164,"((15, 3), <game.Grid object at 0x114ace9e0>)","((14, 3), <game.Grid object at 0x114ace660>)",East,"[((16, 3), <game.Grid object at 0x114aced60>), ((14, 3), <game.Grid object at 0x114acedd0>)]",35,35,164,14,26,40
165,"((11, 5), <game.Grid object at 0x114aceba0>)","((10, 5), <game.Grid object at 0x114ace820>)",East,"[((12, 5), <game.Grid object at 0x114acee40>), ((10, 5), <game.Grid object at 0x114aceeb0>)]",35,35,165,8,32,40
166,"((13, 3), <game.Grid object at 0x114acec80>)","((12, 3), <game.Grid object at 0x114ace900>)",East,"[((13, 4), <game.Grid object at 0x114acef20>), ((14, 3), <game.Grid object at 0x114acef90>), ((12, 3), <game.Grid object at 0x114acf000>)]",35,36,166,12,28,40
167,"((16, 3), <game.Grid object at 0x114aced60>)","((15, 3), <game.Grid object at 0x114ace9e0>)",East,"[((16, 4), <game.Grid object at 0x114acf150>), ((15, 3), <game.Grid object at 0x114acf1c0>)]",36,36,167,15,25,40
168,"((12, 5), <game.Grid object at 0x114acee40>)","((11, 5), <game.Grid object at 0x114aceba0>)",East,"[((13, 5), <game.Grid object at 0x114acf230>), ((11, 5), <game.Grid object at 0x114acf2a0>)]",36,36,168,9,31,40
169,"((14, 3), <game.Grid object at 0x114acef90>)","((13, 3), <game.Grid object at 0x114acec80>)",East,"[((15, 3), <game.Grid object at 0x114acf310>), ((13, 3), <game.Grid object at 0x114acf380>)]",36,36,169,13,27,40
170,"((16, 4), <game.Grid object at 0x114acf150>)","((16, 3), <game.Grid object at 0x114aced60>)",North,"[((16, 5), <game.Grid object at 0x114acf460>), ((16, 3), <game.Grid object at 0x114acf4d0>)]",36,36,170,16,24,40
171,"((13, 5), <game.Grid object at 0x114acf230>)","((12, 5), <game.Grid object at 0x114acee40>)",East,"[((13, 4), <game.Grid object at 0x114acf540>), ((14, 5), <game.Grid object at 0x114acf5b0>), ((12, 5), <game.Grid object at 0x114acf620>)]",36,38,171,10,30,40
172,"((15, 3), <game.Grid object at 0x114acf310>)","((14, 3), <game.Grid object at 0x114acef90>)",East,"[((16, 3), <game.Grid object at 0x114acf690>), ((14, 3), <game.Grid object at 0x114acf700>)]",38,38,172,14,26,40
173,"((16, 5), <game.Grid object at 0x114acf460>)","((16, 4), <game.Grid object at 0x114acf150>)",North,"[((16, 4), <game.Grid object at 0x114acf770>), ((17, 5), <game.Grid object at 0x114acf7e0>)]",38,38,173,17,23,40
174,"((13, 4), <game.Grid object at 0x114acf540>)","((13, 5), <game.Grid object at 0x114acf230>)",South,"[((13, 5), <game.Grid object at 0x114acf850>), ((13, 3), <game.Grid object at 0x114acf8c0>)]",38,38,174,11,29,40
175,"((16, 3), <game.Grid object at 0x114acf690>)","((15, 3), <game.Grid object at 0x114acf310>)",East,"[((16, 4), <game.Grid object at 0x114acf930>), ((15, 3), <game.Grid object at 0x114acf9a0>)]",38,38,175,15,25,40
176,"((17, 5), <game.Grid object at 0x114acf7e0>)","((16, 5), <game.Grid object at 0x114acf460>)",East,"[((18, 5), <game.Grid object at 0x114acfa10>), ((16, 5), <game.Grid object at 0x114acfa80>)]",38,38,176,18,22,40
177,"((13, 3), <game.Grid object at 0x114acf8c0>)","((13, 4), <game.Grid object at 0x114acf540>)",South,"[((13, 4), <game.Grid object at 0x114acfaf0>), ((14, 3), <game.Grid object at 0x114acfb60>), ((12, 3), <game.Grid object at 0x114acfbd0>)]",38,39,177,12,28,40
178,"((16, 4), <game.Grid object at 0x114acf930>)","((16, 3), <game.Grid object at 0x114acf690>)",North,"[((16, 5), <game.Grid object at 0x114acfd20>), ((16, 3), <game.Grid object at 0x114acfd90>)]",39,39,178,16,24,40
179,"((18, 5), <game.Grid object at 0x114acfa10>)","((17, 5), <game.Grid object at 0x114acf7e0>)",East,"[((18, 4), <game.Grid object at 0x114acfe00>), ((17, 5), <game.Grid object at 0x114acfe70>)]",39,39,179,19,21,40
180,"((14, 3), <game.Grid object at 0x114acfb60>)","((13, 3), <game.Grid object at 0x114acf8c0>)",East,"[((15, 3), <game.Grid object at 0x114acfee0>), ((13, 3), <game.Grid object at 0x114acff50>)]",39,39,180,13,27,40
181,"((16, 5), <game.Grid object at 0x114acfd20>)","((16, 4), <game.Grid object at 0x114acf930>)",North,"[((16, 4), <game.Grid object at 0x114b3c0c0>), ((17, 5), <game.Grid object at 0x114b3c130>)]",39,39,181,17,23,40
182,"((15, 3), <game.Grid object at 0x114acfee0>)","((14, 3), <game.Grid object at 0x114acfb60>)",East,"[((16, 3), <game.Grid object at 0x114b3c1a0>), ((14, 3), <game.Grid object at 0x114b3c210>)]",39,39,182,14,26,40
183,"((17, 5), <game.Grid object at 0x114b3c130>)","((16, 5), <game.Grid object at 0x114acfd20>)",East,"[((18, 5), <game.Grid object at 0x114b3c280>), ((16, 5), <game.Grid object at 0x114b3c2f0>)]",39,39,183,18,22,40
184,"((16, 3), <game.Grid object at 0x114b3c1a0>)","((15, 3), <game.Grid object at 0x114acfee0>)",East,"[((16, 4), <game.Grid object at 0x114b3c360>), ((15, 3), <game.Grid object at 0x114b3c3d0>)]",39,39,184,15,25,40
185,"((18, 5), <game.Grid object at 0x114b3c280>)","((17, 5), <game.Grid object at 0x114b3c130>)",East,"[((18, 4), <game.Grid object at 0x114b3c440>), ((17, 5), <game.Grid object at 0x114b3c4b0>)]",39,39,185,19,21,40
186,"((16, 4), <game.Grid object at 0x114b3c360>)","((16, 3), <game.Grid object at 0x114b3c1a0>)",North,"[((16, 5), <game.Grid object at 0x114b3c520>), ((16, 3), <game.Grid object at 0x114b3c590>)]",39,39,186,16,24,40
187,"((16, 5), <game.Grid object at 0x114b3c520>)","((16, 4), <game.Grid object at 0x114b3c360>)",North,"[((16, 4), <game.Grid object at 0x114b3c600>), ((17, 5), <game.Grid object at 0x114b3c670>)]",39,39,187,17,23,40
188,"((17, 5), <game.Grid object at 0x114b3c670>)","((16, 5), <game.Grid object at 0x114b3c520>)",East,"[((18, 5), <game.Grid object at 0x114b3c6e0>), ((16, 5), <game.Grid object at 0x114b3c750>)]",39,39,188,18,22,40
189,"((18, 5), <game.Grid object at 0x114b3c6e0>)","((17, 5), <game.Grid object at 0x114b3c670>)",East,"[((18, 4), <game.Grid object at 0x114b3c7c0>), ((17, 5), <game.Grid object at 0x114b3c830>)]",39,39,189,19,21,40
190,"((6, 5), <game.Grid object at 0x114acc9f0>)","((7, 5), <game.Grid object at 0x114a5d4e0>)",West,"[((7, 5), <game.Grid object at 0x114b3c8a0>), ((5, 5), <game.Grid object at 0x114b3c910>)]",39,39,190,5,37,42
191,"((4, 3), <game.Grid object at 0x114acca60>)","((5, 3), <game.Grid object at 0x114a5d5c0>)",West,"[((4, 4), <game.Grid object at 0x114b3c9f0>), ((5, 3), <game.Grid object at 0x114b3c980>), ((3, 3), <game.Grid object at 0x114b3ca60>)]",39,40,191,5,37,42
192,"((7, 5), <game.Grid object at 0x114accb40>)","((8, 5), <game.Grid object at 0x114a5d6a0>)",West,"[((7, 4), <game.Grid object at 0x114b3cb40>), ((8, 5), <game.Grid object at 0x114b3cad0>), ((6, 5), <game.Grid object at 0x114b3cbb0>)]",40,40,192,6,36,42
193,"((10, 5), <game.Grid object at 0x114accc90>)","((11, 5), <game.Grid object at 0x114a5d860>)",West,"[((10, 4), <game.Grid object at 0x114b3cc20>), ((11, 5), <game.Grid object at 0x114b3cc90>), ((9, 5), <game.Grid object at 0x114b3cd00>)]",40,41,193,9,33,42
194,"((17, 1), <game.Grid object at 0x114accd70>)","((18, 1), <game.Grid object at 0x114a5d940>)",West,"[((18, 1), <game.Grid object at 0x114b3cd70>), ((16, 1), <game.Grid object at 0x114b3cde0>)]",41,41,194,16,26,42
195,"((7, 4), <game.Grid object at 0x114accde0>)","((7, 3), <game.Grid object at 0x114a5da90>)",North,"[((7, 5), <game.Grid object at 0x114b3cf30>), ((7, 3), <game.Grid object at 0x114b3cec0>)]",41,42,195,7,35,42
196,"((6, 3), <game.Grid object at 0x114acce50>)","((7, 3), <game.Grid object at 0x114a5da90>)",West,"[((7, 3), <game.Grid object at 0x114b3cfa0>), ((5, 3), <game.Grid object at 0x114b3ce50>)]",42,42,196,7,35,42
197,"((10, 4), <game.Grid object at 0x114accf30>)","((10, 3), <game.Grid object at 0x114a5d9b0>)",North,"[((10, 5), <game.Grid object at 0x114b3d010>), ((10, 3), <game.Grid object at 0x114b3d080>)]",42,42,197,10,32,42
198,"((9, 3), <game.Grid object at 0x114acd010>)","((10, 3), <game.Grid object at 0x114a5d9b0>)",West,"[((10, 3), <game.Grid object at 0x114b3d0f0>), ((8, 3), <game.Grid object at 0x114b3d160>)]",42,42,198,10,32,42
199,"((11, 5), <game.Grid object at 0x114acd160>)","((12, 5), <game.Grid object at 0x114a5dc50>)",West,"[((12, 5), <game.Grid object at 0x114b3d1d0>), ((10, 5), <game.Grid object at 0x114b3d240>)]",42,42,199,10,32,42
200,"((18, 1), <game.Grid object at 0x114acd240>)","((18, 2), <game.Grid object at 0x114a5dd30>)",South,"[((18, 2), <game.Grid object at 0x114b3d2b0>), ((17, 1), <game.Grid object at 0x114b3d320>)]",42,42,200,17,25,42
201,"((18, 1), <game.Grid object at 0x114acd320>)","((18, 2), <game.Grid object at 0x114a5de10>)",South,"[((18, 2), <game.Grid object at 0x114b3d390>), ((17, 1), <game.Grid object at 0x114b3d400>)]",42,42,201,17,25,42
202,"((10, 3), <game.Grid object at 0x114acd400>)","((11, 3), <game.Grid object at 0x114a5def0>)",West,"[((10, 4), <game.Grid object at 0x114b3d470>), ((11, 3), <game.Grid object at 0x114b3d4e0>), ((9, 3), <game.Grid object at 0x114b3d550>)]",42,42,202,11,31,42
203,"((10, 3), <game.Grid object at 0x114acd4e0>)","((11, 3), <game.Grid object at 0x114a5dfd0>)",West,"[((10, 4), <game.Grid object at 0x114b3d5c0>), ((11, 3), <game.Grid object at 0x114b3d630>), ((9, 3), <game.Grid object at 0x114b3d6a0>)]",42,42,203,11,31,42
204,"((10, 5), <game.Grid object at 0x114acd5c0>)","((11, 5), <game.Grid object at 0x114a5e120>)",West,"[((10, 4), <game.Grid object at 0x114b3d710>), ((11, 5), <game.Grid object at 0x114b3d780>), ((9, 5), <game.Grid object at 0x114b3d7f0>)]",42,43,204,9,33,42
205,"((10, 3), <game.Grid object at 0x114acd6a0>)","((11, 3), <game.Grid object at 0x114a5e200>)",West,"[((10, 4), <game.Grid object at 0x114b3d860>), ((11, 3), <game.Grid object at 0x114b3d8d0>), ((9, 3), <game.Grid object at 0x114b3d940>)]",43,43,205,11,31,42
206,"((18, 2), <game.Grid object at 0x114acd780>)","((18, 3), <game.Grid object at 0x114a5e2e0>)",South,"[((18, 3), <game.Grid object at 0x114b3d9b0>), ((18, 1), <game.Grid object at 0x114b3da20>)]",43,43,206,18,24,42
207,"((18, 2), <game.Grid object at 0x114acd860>)","((18, 3), <game.Grid object at 0x114a5e3c0>)",South,"[((18, 3), <game.Grid object at 0x114b3da90>), ((18, 1), <game.Grid object at 0x114b3db00>)]",43,43,207,18,24,42
208,"((18, 2), <game.Grid object at 0x114acd940>)","((18, 3), <game.Grid object at 0x114a5e4a0>)",South,"[((18, 3), <game.Grid object at 0x114b3db70>), ((18, 1), <game.Grid object at 0x114b3dbe0>)]",43,43,208,18,24,42
209,"((5, 3), <game.Grid object at 0x114acda20>)","((6, 3), <game.Grid object at 0x114a5e5f0>)",West,"[((6, 3), <game.Grid object at 0x114b3dc50>), ((4, 3), <game.Grid object at 0x114b3dcc0>)]",43,43,209,6,36,42
210,"((11, 5), <game.Grid object at 0x114acdb00>)","((12, 5), <game.Grid object at 0x114a5e740>)",West,"[((12, 5), <game.Grid object at 0x114b3dd30>), ((10, 5), <game.Grid object at 0x114b3dda0>)]",43,43,210,10,32,42
211,"((11, 5), <game.Grid object at 0x114acdbe0>)","((12, 5), <game.Grid object at 0x114a5e890>)",West,"[((12, 5), <game.Grid object at 0x114b3de10>), ((10, 5), <game.Grid object at 0x114b3de80>)]",43,43,211,10,32,42
212,"((12, 5), <game.Grid object at 0x114acdd30>)","((13, 5), <game.Grid object at 0x114a5eac0>)",West,"[((13, 5), <game.Grid object at 0x114b3def0>), ((11, 5), <game.Grid object at 0x114b3df60>)]",43,43,212,11,31,42
213,"((11, 3), <game.Grid object at 0x114acde10>)","((12, 3), <game.Grid object at 0x114a5ed60>)",West,"[((12, 3), <game.Grid object at 0x114b3dfd0>), ((10, 3), <game.Grid object at 0x114b3e040>)]",43,43,213,12,30,42
214,"((11, 3), <game.Grid object at 0x114acdef0>)","((12, 3), <game.Grid object at 0x114a5eeb0>)",West,"[((12, 3), <game.Grid object at 0x114b3e120>), ((10, 3), <game.Grid object at 0x114b3e190>)]",43,43,214,12,30,42
215,"((10, 5), <game.Grid object at 0x114acdf60>)","((10, 4), <game.Grid object at 0x114a5ef20>)",North,"[((10, 4), <game.Grid object at 0x114b3e270>), ((11, 5), <game.Grid object at 0x114b3e2e0>), ((9, 5), <game.Grid object at 0x114b3e350>)]",43,44,215,9,33,42
216,"((13, 5), <game.Grid object at 0x114ace040>)","((13, 4), <game.Grid object at 0x114a5f930>)",North,"[((13, 4), <game.Grid object at 0x114b3e3c0>), ((14, 5), <game.Grid object at 0x114b3e430>), ((12, 5), <game.Grid object at 0x114b3e4a0>)]",44,45,216,12,30,42
217,"((18, 3), <game.Grid object at 0x114ace190>)","((18, 4), <game.Grid object at 0x114acc3d0>)",South,"[((18, 4), <game.Grid object at 0x114b3e5f0>), ((18, 2), <game.Grid object at 0x114b3e660>)]",45,45,217,19,23,42
218,"((18, 3), <game.Grid object at 0x114ace270>)","((18, 4), <game.Grid object at 0x114acc4b0>)",South,"[((18, 4), <game.Grid object at 0x114b3e6d0>), ((18, 2), <game.Grid object at 0x114b3e740>)]",45,45,218,19,23,42
219,"((18, 3), <game.Grid object at 0x114ace350>)","((18, 4), <game.Grid object at 0x114acc830>)",South,"[((18, 4), <game.Grid object at 0x114b3e7b0>), ((18, 2), <game.Grid object at 0x114b3e820>)]",45,45,219,19,23,42
220,"((9, 3), <game.Grid object at 0x114ace580>)","((10, 3), <game.Grid object at 0x114acdfd0>)",West,"[((10, 3), <game.Grid object at 0x114b3e890>), ((8, 3), <game.Grid object at 0x114b3e900>)]",45,45,220,10,32,42
221,"((12, 3), <game.Grid object at 0x114ace6d0>)","((13, 3), <game.Grid object at 0x114ace0b0>)",West,"[((13, 3), <game.Grid object at 0x114b3e970>), ((11, 3), <game.Grid object at 0x114b3e9e0>)]",45,45,221,13,29,42
222,"((13, 4), <game.Grid object at 0x114acef20>)","((13, 3), <game.Grid object at 0x114acec80>)",North,"[((13, 5), <game.Grid object at 0x114b3eac0>), ((13, 3), <game.Grid object at 0x114b3eb30>)]",45,46,222,13,29,42
223,"((14, 5), <game.Grid object at 0x114acf5b0>)","((13, 5), <game.Grid object at 0x114acf230>)",East,"[((13, 5), <game.Grid object at 0x114b3ec80>)]",46,46,223,11,31,42
224,"((12, 5), <game.Grid object at 0x114acf620>)","((13, 5), <game.Grid object at 0x114acf230>)",West,"[((13, 5), <game.Grid object at 0x114b3ecf0>), ((11, 5), <game.Grid object at 0x114b3ed60>)]",46,46,224,11,31,42
225,"((12, 3), <game.Grid object at 0x114acfbd0>)","((13, 3), <game.Grid object at 0x114acf8c0>)",West,"[((13, 3), <game.Grid object at 0x114b3edd0>), ((11, 3), <game.Grid object at 0x114b3ee40>)]",46,46,225,13,29,42
226,"((18, 4), <game.Grid object at 0x114acfe00>)","((18, 5), <game.Grid object at 0x114acfa10>)",South,"[((18, 5), <game.Grid object at 0x114b3ef20>), ((18, 3), <game.Grid object at 0x114b3ef90>)]",46,46,226,20,22,42
227,"((18, 4), <game.Grid object at 0x114b3c440>)","((18, 5), <game.Grid object at 0x114b3c280>)",South,"[((18, 5), <game.Grid object at 0x114b3f000>), ((18, 3), <game.Grid object at 0x114b3f070>)]",46,46,227,20,22,42
228,"((18, 4), <game.Grid object at 0x114b3c7c0>)","((18, 5), <game.Grid object at 0x114b3c6e0>)",South,"[((18, 5), <game.Grid object at 0x114b3f0e0>), ((18, 3), <game.Grid object at 0x114b3f150>)]",46,46,228,20,22,42
229,"((10, 4), <game.Grid object at 0x114b3cc20>)","((10, 5), <game.Grid object at 0x114accc90>)",South,"[((10, 5), <game.Grid object at 0x114b3f1c0>), ((10, 3), <game.Grid object at 0x114b3f230>)]",46,45,229,10,32,42
230,"((7, 3), <game.Grid object at 0x114b3cec0>)","((7, 4), <game.Grid object at 0x114accde0>)",South,"[((7, 4), <game.Grid object at 0x114b3f2a0>), ((8, 3), <game.Grid object at 0x114b3f310>), ((6, 3), <game.Grid object at 0x114b3f380>)]",45,45,230,8,34,42
231,"((10, 4), <game.Grid object at 0x114b3d710>)","((10, 5), <game.Grid object at 0x114acd5c0>)",South,"[((10, 5), <game.Grid object at 0x114b3f3f0>), ((10, 3), <game.Grid object at 0x114b3f460>)]",45,45,231,10,32,42
232,"((11, 5), <game.Grid object at 0x114b3e2e0>)","((10, 5), <game.Grid object at 0x114acdf60>)",East,"[((12, 5), <game.Grid object at 0x114b3f4d0>), ((10, 5), <game.Grid object at 0x114b3f540>)]",45,45,232,10,32,42
233,"((8, 3), <game.Grid object at 0x114b3f310>)","((7, 3), <game.Grid object at 0x114b3cec0>)",East,"[((9, 3), <game.Grid object at 0x114b3f5b0>), ((7, 3), <game.Grid object at 0x114b3f620>)]",45,44,233,9,33,42
234,"((13, 3), <game.Grid object at 0x114b3eb30>)","((13, 4), <game.Grid object at 0x114acef20>)",South,"[((13, 4), <game.Grid object at 0x114b3f690>), ((14, 3), <game.Grid object at 0x114b3f700>), ((12, 3), <game.Grid object at 0x114b3f770>)]",44,45,234,14,28,42
235,"((13, 5), <game.Grid object at 0x114b3ec80>)","((14, 5), <game.Grid object at 0x114acf5b0>)",West,"[((13, 4), <game.Grid object at 0x114b3f7e0>), ((14, 5), <game.Grid object at 0x114b3f850>), ((12, 5), <game.Grid object at 0x114b3f8c0>)]",45,46,235,12,30,42
236,"((10, 3), <game.Grid object at 0x114b3f460>)","((10, 4), <game.Grid object at 0x114b3d710>)",South,"[((10, 4), <game.Grid object at 0x114b3fa10>), ((11, 3), <game.Grid object at 0x114b3fa80>), ((9, 3), <game.Grid object at 0x114b3faf0>)]",46,47,236,11,31,42
237,"((12, 5), <game.Grid object at 0x114b3f4d0>)","((11, 5), <game.Grid object at 0x114b3e2e0>)",East,"[((13, 5), <game.Grid object at 0x114b3fb60>), ((11, 5), <game.Grid object at 0x114b3fbd0>)]",47,47,237,11,31,42
238,"((14, 3), <game.Grid object at 0x114b3f700>)","((13, 3), <game.Grid object at 0x114b3eb30>)",East,"[((15, 3), <game.Grid object at 0x114b3fc40>), ((13, 3), <game.Grid object at 0x114b3fcb0>)]",47,47,238,15,27,42
239,"((13, 4), <game.Grid object at 0x114b3f7e0>)","((13, 5), <game.Grid object at 0x114b3ec80>)",South,"[((13, 5), <game.Grid object at 0x114b3fd20>), ((13, 3), <game.Grid object at 0x114b3fd90>)]",47,48,239,13,29,42
240,"((11, 3), <game.Grid object at 0x114b3fa80>)","((10, 3), <game.Grid object at 0x114b3f460>)",East,"[((12, 3), <game.Grid object at 0x114b3fee0>), ((10, 3), <game.Grid object at 0x114b3ff50>)]",48,48,240,12,30,42
241,"((13, 5), <game.Grid object at 0x114b3fb60>)","((12, 5), <game.Grid object at 0x114b3f4d0>)",East,"[((13, 4), <game.Grid object at 0x114bb00c0>), ((14, 5), <game.Grid object at 0x114bb0130>), ((12, 5), <game.Grid object at 0x114bb01a0>)]",48,50,241,12,30,42
242,"((15, 3), <game.Grid object at 0x114b3fc40>)","((14, 3), <game.Grid object at 0x114b3f700>)",East,"[((16, 3), <game.Grid object at 0x114bb0360>), ((14, 3), <game.Grid object at 0x114bb03d0>)]",50,50,242,16,26,42
243,"((13, 3), <game.Grid object at 0x114b3fd90>)","((13, 4), <game.Grid object at 0x114b3f7e0>)",South,"[((13, 4), <game.Grid object at 0x114bb0440>), ((14, 3), <game.Grid object at 0x114bb04b0>), ((12, 3), <game.Grid object at 0x114bb0520>)]",50,51,243,14,28,42
244,"((12, 3), <game.Grid object at 0x114b3fee0>)","((11, 3), <game.Grid object at 0x114b3fa80>)",East,"[((13, 3), <game.Grid object at 0x114bb0590>), ((11, 3), <game.Grid object at 0x114bb0600>)]",51,51,244,13,29,42
245,"((13, 4), <game.Grid object at 0x114bb00c0>)","((13, 5), <game.Grid object at 0x114b3fb60>)",South,"[((13, 5), <game.Grid object at 0x114bb06e0>), ((13, 3), <game.Grid object at 0x114bb0750>)]",51,51,245,13,29,42
246,"((16, 3), <game.Grid object at 0x114bb0360>)","((15, 3), <game.Grid object at 0x114b3fc40>)",East,"[((16, 4), <game.Grid object at 0x114bb0830>), ((15, 3), <game.Grid object at 0x114bb08a0>)]",51,51,246,17,25,42
247,"((14, 3), <game.Grid object at 0x114bb04b0>)","((13, 3), <game.Grid object at 0x114b3fd90>)",East,"[((15, 3), <game.Grid object at 0x114bb0910>), ((13, 3), <game.Grid object at 0x114bb0980>)]",51,51,247,15,27,42
248,"((13, 3), <game.Grid object at 0x114bb0590>)","((12, 3), <game.Grid object at 0x114b3fee0>)",East,"[((13, 4), <game.Grid object at 0x114bb09f0>), ((14, 3), <game.Grid object at 0x114bb0a60>), ((12, 3), <game.Grid object at 0x114bb0ad0>)]",51,51,248,14,28,42
249,"((13, 3), <game.Grid object at 0x114bb0750>)","((13, 4), <game.Grid object at 0x114bb00c0>)",South,"[((13, 4), <game.Grid object at 0x114bb0b40>), ((14, 3), <game.Grid object at 0x114bb0bb0>), ((12, 3), <game.Grid object at 0x114bb0c20>)]",51,52,249,14,28,42
250,"((16, 4), <game.Grid object at 0x114bb0830>)","((16, 3), <game.Grid object at 0x114bb0360>)",North,"[((16, 5), <game.Grid object at 0x114bb0c90>), ((16, 3), <game.Grid object at 0x114bb0d00>)]",52,52,250,18,24,42
251,"((15, 3), <game.Grid object at 0x114bb0910>)","((14, 3), <game.Grid object at 0x114bb04b0>)",East,"[((16, 3), <game.Grid object at 0x114bb0d70>), ((14, 3), <game.Grid object at 0x114bb0de0>)]",52,52,251,16,26,42
252,"((14, 3), <game.Grid object at 0x114bb0a60>)","((13, 3), <game.Grid object at 0x114bb0590>)",East,"[((15, 3), <game.Grid object at 0x114bb0e50>), ((13, 3), <game.Grid object at 0x114bb0ec0>)]",52,52,252,15,27,42
253,"((14, 3), <game.Grid object at 0x114bb0bb0>)","((13, 3), <game.Grid object at 0x114bb0750>)",East,"[((15, 3), <game.Grid object at 0x114bb0f30>), ((13, 3), <game.Grid object at 0x114bb0fa0>)]",52,52,253,15,27,42
254,"((16, 5), <game.Grid object at 0x114bb0c90>)","((16, 4), <game.Grid object at 0x114bb0830>)",North,"[((16, 4), <game.Grid object at 0x114bb1010>), ((17, 5), <game.Grid object at 0x114bb1080>)]",52,52,254,19,23,42
255,"((16, 3), <game.Grid object at 0x114bb0d70>)","((15, 3), <game.Grid object at 0x114bb0910>)",East,"[((16, 4), <game.Grid object at 0x114bb10f0>), ((15, 3), <game.Grid object at 0x114bb1160>)]",52,52,255,17,25,42
256,"((15, 3), <game.Grid object at 0x114bb0e50>)","((14, 3), <game.Grid object at 0x114bb0a60>)",East,"[((16, 3), <game.Grid object at 0x114bb11d0>), ((14, 3), <game.Grid object at 0x114bb1240>)]",52,52,256,16,26,42
257,"((15, 3), <game.Grid object at 0x114bb0f30>)","((14, 3), <game.Grid object at 0x114bb0bb0>)",East,"[((16, 3), <game.Grid object at 0x114bb12b0>), ((14, 3), <game.Grid object at 0x114bb1320>)]",52,52,257,16,26,42
258,"((17, 5), <game.Grid object at 0x114bb1080>)","((16, 5), <game.Grid object at 0x114bb0c90>)",East,"[((18, 5), <game.Grid object at 0x114bb1390>), ((16, 5), <game.Grid object at 0x114bb1400>)]",52,52,258,20,22,42
259,"((16, 4), <game.Grid object at 0x114bb10f0>)","((16, 3), <game.Grid object at 0x114bb0d70>)",North,"[((16, 5), <game.Grid object at 0x114bb1470>), ((16, 3), <game.Grid object at 0x114bb14e0>)]",52,52,259,18,24,42
260,"((16, 3), <game.Grid object at 0x114bb11d0>)","((15, 3), <game.Grid object at 0x114bb0e50>)",East,"[((16, 4), <game.Grid object at 0x114bb1550>), ((15, 3), <game.Grid object at 0x114bb15c0>)]",52,52,260,17,25,42
261,"((16, 3), <game.Grid object at 0x114bb12b0>)","((15, 3), <game.Grid object at 0x114bb0f30>)",East,"[((16, 4), <game.Grid object at 0x114bb1630>), ((15, 3), <game.Grid object at 0x114bb16a0>)]",52,52,261,17,25,42
262,"((18, 5), <game.Grid object at 0x114bb1390>)","((17, 5), <game.Grid object at 0x114bb1080>)",East,"[((18, 4), <game.Grid object at 0x114bb1710>), ((17, 5), <game.Grid object at 0x114bb1780>)]",52,52,262,21,21,42
263,"((16, 5), <game.Grid object at 0x114bb1470>)","((16, 4), <game.Grid object at 0x114bb10f0>)",North,"[((16, 4), <game.Grid object at 0x114bb17f0>), ((17, 5), <game.Grid object at 0x114bb1860>)]",52,52,263,19,23,42
264,"((16, 4), <game.Grid object at 0x114bb1550>)","((16, 3), <game.Grid object at 0x114bb11d0>)",North,"[((16, 5), <game.Grid object at 0x114bb18d0>), ((16, 3), <game.Grid object at 0x114bb1940>)]",52,52,264,18,24,42
265,"((16, 4), <game.Grid object at 0x114bb1630>)","((16, 3), <game.Grid object at 0x114bb12b0>)",North,"[((16, 5), <game.Grid object at 0x114bb19b0>), ((16, 3), <game.Grid object at 0x114bb1a20>)]",52,52,265,18,24,42
266,"((17, 5), <game.Grid object at 0x114bb1860>)","((16, 5), <game.Grid object at 0x114bb1470>)",East,"[((18, 5), <game.Grid object at 0x114bb1a90>), ((16, 5), <game.Grid object at 0x114bb1b00>)]",52,52,266,20,22,42
267,"((16, 5), <game.Grid object at 0x114bb18d0>)","((16, 4), <game.Grid object at 0x114bb1550>)",North,"[((16, 4), <game.Grid object at 0x114bb1b70>), ((17, 5), <game.Grid object at 0x114bb1be0>)]",52,52,267,19,23,42
268,"((16, 5), <game.Grid object at 0x114bb19b0>)","((16, 4), <game.Grid object at 0x114bb1630>)",North,"[((16, 4), <game.Grid object at 0x114bb1c50>), ((17, 5), <game.Grid object at 0x114bb1cc0>)]",52,52,268,19,23,42
269,"((18, 5), <game.Grid object at 0x114bb1a90>)","((17, 5), <game.Grid object at 0x114bb1860>)",East,"[((18, 4), <game.Grid object at 0x114bb1d30>), ((17, 5), <game.Grid object at 0x114bb1da0>)]",52,52,269,21,21,42
270,"((17, 5), <game.Grid object at 0x114bb1be0>)","((16, 5), <game.Grid object at 0x114bb18d0>)",East,"[((18, 5), <game.Grid object at 0x114bb1e10>), ((16, 5), <game.Grid object at 0x114bb1e80>)]",52,52,270,20,22,42
271,"((17, 5), <game.Grid object at 0x114bb1cc0>)","((16, 5), <game.Grid object at 0x114bb19b0>)",East,"[((18, 5), <game.Grid object at 0x114bb1ef0>), ((16, 5), <game.Grid object at 0x114bb1f60>)]",52,52,271,20,22,42
272,"((18, 5), <game.Grid object at 0x114bb1e10>)","((17, 5), <game.Grid object at 0x114bb1be0>)",East,"[((18, 4), <game.Grid object at 0x114bb1fd0>), ((17, 5), <game.Grid object at 0x114bb2040>)]",52,52,272,21,21,42
273,"((18, 5), <game.Grid object at 0x114bb1ef0>)","((17, 5), <game.Grid object at 0x114bb1cc0>)",East,"[((18, 4), <game.Grid object at 0x114bb20b0>), ((17, 5), <game.Grid object at 0x114bb2120>)]",52,52,273,21,21,42
274,"((5, 5), <game.Grid object at 0x114b3c910>)","((6, 5), <game.Grid object at 0x114acc9f0>)",West,"[((6, 5), <game.Grid object at 0x114bb2190>), ((4, 5), <game.Grid object at 0x114bb2200>)]",52,52,274,6,38,44
275,"((4, 4), <game.Grid object at 0x114b3c9f0>)","((4, 3), <game.Grid object at 0x114acca60>)",North,"[((4, 5), <game.Grid object at 0x114bb22e0>), ((4, 3), <game.Grid object at 0x114bb2270>)]",52,53,275,6,38,44
276,"((3, 3), <game.Grid object at 0x114b3ca60>)","((4, 3), <game.Grid object at 0x114acca60>)",West,"[((4, 3), <game.Grid object at 0x114bb2350>), ((2, 3), <game.Grid object at 0x114bb23c0>)]",53,53,276,6,38,44
277,"((6, 5), <game.Grid object at 0x114b3cbb0>)","((7, 5), <game.Grid object at 0x114accb40>)",West,"[((7, 5), <game.Grid object at 0x114bb24a0>), ((5, 5), <game.Grid object at 0x114bb2430>)]",53,53,277,7,37,44
278,"((9, 5), <game.Grid object at 0x114b3cd00>)","((10, 5), <game.Grid object at 0x114accc90>)",West,"[((10, 5), <game.Grid object at 0x114bb2510>), ((8, 5), <game.Grid object at 0x114bb2580>)]",53,53,278,10,34,44
279,"((16, 1), <game.Grid object at 0x114b3cde0>)","((17, 1), <game.Grid object at 0x114accd70>)",West,"[((17, 1), <game.Grid object at 0x114bb25f0>), ((15, 1), <game.Grid object at 0x114bb2660>)]",53,53,279,17,27,44
280,"((7, 5), <game.Grid object at 0x114b3cf30>)","((7, 4), <game.Grid object at 0x114accde0>)",North,"[((7, 4), <game.Grid object at 0x114bb27b0>), ((8, 5), <game.Grid object at 0x114bb2740>), ((6, 5), <game.Grid object at 0x114bb26d0>)]",53,54,280,8,36,44
281,"((5, 3), <game.Grid object at 0x114b3ce50>)","((6, 3), <game.Grid object at 0x114acce50>)",West,"[((6, 3), <game.Grid object at 0x114bb2820>), ((4, 3), <game.Grid object at 0x114bb2890>)]",54,54,281,8,36,44
282,"((10, 5), <game.Grid object at 0x114b3d010>)","((10, 4), <game.Grid object at 0x114accf30>)",North,"[((10, 4), <game.Grid object at 0x114bb2900>), ((11, 5), <game.Grid object at 0x114bb2970>), ((9, 5), <game.Grid object at 0x114bb29e0>)]",54,55,282,11,33,44
283,"((8, 3), <game.Grid object at 0x114b3d160>)","((9, 3), <game.Grid object at 0x114acd010>)",West,"[((9, 3), <game.Grid object at 0x114bb2a50>), ((7, 3), <game.Grid object at 0x114bb2ac0>)]",55,55,283,11,33,44
284,"((10, 5), <game.Grid object at 0x114b3d240>)","((11, 5), <game.Grid object at 0x114acd160>)",West,"[((10, 4), <game.Grid object at 0x114bb2b30>), ((11, 5), <game.Grid object at 0x114bb2ba0>), ((9, 5), <game.Grid object at 0x114bb2c10>)]",55,55,284,11,33,44
285,"((17, 1), <game.Grid object at 0x114b3d320>)","((18, 1), <game.Grid object at 0x114acd240>)",West,"[((18, 1), <game.Grid object at 0x114bb2c80>), ((16, 1), <game.Grid object at 0x114bb2cf0>)]",55,55,285,18,26,44
286,"((17, 1), <game.Grid object at 0x114b3d400>)","((18, 1), <game.Grid object at 0x114acd320>)",West,"[((18, 1), <game.Grid object at 0x114bb2d60>), ((16, 1), <game.Grid object at 0x114bb2dd0>)]",55,55,286,18,26,44
287,"((9, 3), <game.Grid object at 0x114b3d550>)","((10, 3), <game.Grid object at 0x114acd400>)",West,"[((10, 3), <game.Grid object at 0x114bb2e40>), ((8, 3), <game.Grid object at 0x114bb2eb0>)]",55,55,287,12,32,44
288,"((9, 3), <game.Grid object at 0x114b3d6a0>)","((10, 3), <game.Grid object at 0x114acd4e0>)",West,"[((10, 3), <game.Grid object at 0x114bb2f90>), ((8, 3), <game.Grid object at 0x114bb3000>)]",55,55,288,12,32,44
289,"((9, 5), <game.Grid object at 0x114b3d7f0>)","((10, 5), <game.Grid object at 0x114acd5c0>)",West,"[((10, 5), <game.Grid object at 0x114bb30e0>), ((8, 5), <game.Grid object at 0x114bb3150>)]",55,55,289,10,34,44
290,"((9, 3), <game.Grid object at 0x114b3d940>)","((10, 3), <game.Grid object at 0x114acd6a0>)",West,"[((10, 3), <game.Grid object at 0x114bb31c0>), ((8, 3), <game.Grid object at 0x114bb3230>)]",55,55,290,12,32,44
291,"((18, 1), <game.Grid object at 0x114b3da20>)","((18, 2), <game.Grid object at 0x114acd780>)",South,"[((18, 2), <game.Grid object at 0x114bb3310>), ((17, 1), <game.Grid object at 0x114bb3380>)]",55,55,291,19,25,44
292,"((18, 1), <game.Grid object at 0x114b3db00>)","((18, 2), <game.Grid object at 0x114acd860>)",South,"[((18, 2), <game.Grid object at 0x114bb33f0>), ((17, 1), <game.Grid object at 0x114bb3460>)]",55,55,292,19,25,44
293,"((18, 1), <game.Grid object at 0x114b3dbe0>)","((18, 2), <game.Grid object at 0x114acd940>)",South,"[((18, 2), <game.Grid object at 0x114bb34d0>), ((17, 1), <game.Grid object at 0x114bb3540>)]",55,55,293,19,25,44
294,"((4, 3), <game.Grid object at 0x114b3dcc0>)","((5, 3), <game.Grid object at 0x114acda20>)",West,"[((4, 4), <game.Grid object at 0x114bb35b0>), ((5, 3), <game.Grid object at 0x114bb3620>), ((3, 3), <game.Grid object at 0x114bb3690>)]",55,56,294,7,37,44
295,"((10, 5), <game.Grid object at 0x114b3dda0>)","((11, 5), <game.Grid object at 0x114acdb00>)",West,"[((10, 4), <game.Grid object at 0x114bb3700>), ((11, 5), <game.Grid object at 0x114bb3770>), ((9, 5), <game.Grid object at 0x114bb37e0>)]",56,57,295,11,33,44
296,"((10, 5), <game.Grid object at 0x114b3de80>)","((11, 5), <game.Grid object at 0x114acdbe0>)",West,"[((10, 4), <game.Grid object at 0x114bb3850>), ((11, 5), <game.Grid object at 0x114bb38c0>), ((9, 5), <game.Grid object at 0x114bb3930>)]",57,58,296,11,33,44
297,"((11, 5), <game.Grid object at 0x114b3df60>)","((12, 5), <game.Grid object at 0x114acdd30>)",West,"[((12, 5), <game.Grid object at 0x114bb39a0>), ((10, 5), <game.Grid object at 0x114bb3a10>)]",58,58,297,12,32,44
298,"((10, 3), <game.Grid object at 0x114b3e040>)","((11, 3), <game.Grid object at 0x114acde10>)",West,"[((10, 4), <game.Grid object at 0x114bb3af0>), ((11, 3), <game.Grid object at 0x114bb3b60>), ((9, 3), <game.Grid object at 0x114bb3bd0>)]",58,58,298,13,31,44
299,"((10, 3), <game.Grid object at 0x114b3e190>)","((11, 3), <game.Grid object at 0x114acdef0>)",West,"[((10, 4), <game.Grid object at 0x114bb3cb0>), ((11, 3), <game.Grid object at 0x114bb3d20>), ((9, 3), <game.Grid object at 0x114bb3d90>)]",58,58,299,13,31,44
300,"((9, 5), <game.Grid object at 0x114b3e350>)","((10, 5), <game.Grid object at 0x114acdf60>)",West,"[((10, 5), <game.Grid object at 0x114bb3e70>), ((8, 5), <game.Grid object at 0x114bb3ee0>)]",58,57,300,10,34,44
301,"((14, 5), <game.Grid object at 0x114b3e430>)","((13, 5), <game.Grid object at 0x114ace040>)",East,"[((13, 5), <game.Grid object at 0x114bb3f50>)]",57,56,301,13,31,44
302,"((12, 5), <game.Grid object at 0x114b3e4a0>)","((13, 5), <game.Grid object at 0x114ace040>)",West,"[((13, 5), <game.Grid object at 0x114c20050>), ((11, 5), <game.Grid object at 0x114c200c0>)]",56,56,302,13,31,44
303,"((18, 2), <game.Grid object at 0x114b3e660>)","((18, 3), <game.Grid object at 0x114ace190>)",South,"[((18, 3), <game.Grid object at 0x114c201a0>), ((18, 1), <game.Grid object at 0x114c20210>)]",56,56,303,20,24,44
304,"((18, 2), <game.Grid object at 0x114b3e740>)","((18, 3), <game.Grid object at 0x114ace270>)",South,"[((18, 3), <game.Grid object at 0x114c20280>), ((18, 1), <game.Grid object at 0x114c202f0>)]",56,56,304,20,24,44
305,"((18, 2), <game.Grid object at 0x114b3e820>)","((18, 3), <game.Grid object at 0x114ace350>)",South,"[((18, 3), <game.Grid object at 0x114c20360>), ((18, 1), <game.Grid object at 0x114c203d0>)]",56,56,305,20,24,44
306,"((11, 3), <game.Grid object at 0x114b3e9e0>)","((12, 3), <game.Grid object at 0x114ace6d0>)",West,"[((12, 3), <game.Grid object at 0x114c20440>), ((10, 3), <game.Grid object at 0x114c204b0>)]",56,56,306,14,30,44
307,"((13, 5), <game.Grid object at 0x114b3eac0>)","((13, 4), <game.Grid object at 0x114acef20>)",North,"[((13, 4), <game.Grid object at 0x114c20520>), ((14, 5), <game.Grid object at 0x114c20590>), ((12, 5), <game.Grid object at 0x114c20600>)]",56,57,307,14,30,44
308,"((11, 5), <game.Grid object at 0x114b3ed60>)","((12, 5), <game.Grid object at 0x114acf620>)",West,"[((12, 5), <game.Grid object at 0x114c20670>), ((10, 5), <game.Grid object at 0x114c206e0>)]",57,57,308,12,32,44
309,"((11, 3), <game.Grid object at 0x114b3ee40>)","((12, 3), <game.Grid object at 0x114acfbd0>)",West,"[((12, 3), <game.Grid object at 0x114c207c0>), ((10, 3), <game.Grid object at 0x114c20830>)]",57,57,309,14,30,44
310,"((18, 3), <game.Grid object at 0x114b3ef90>)","((18, 4), <game.Grid object at 0x114acfe00>)",South,"[((18, 4), <game.Grid object at 0x114c208a0>), ((18, 2), <game.Grid object at 0x114c20910>)]",57,57,310,21,23,44
311,"((18, 3), <game.Grid object at 0x114b3f070>)","((18, 4), <game.Grid object at 0x114b3c440>)",South,"[((18, 4), <game.Grid object at 0x114c20980>), ((18, 2), <game.Grid object at 0x114c209f0>)]",57,57,311,21,23,44
312,"((18, 3), <game.Grid object at 0x114b3f150>)","((18, 4), <game.Grid object at 0x114b3c7c0>)",South,"[((18, 4), <game.Grid object at 0x114c20a60>), ((18, 2), <game.Grid object at 0x114c20ad0>)]",57,57,312,21,23,44
313,"((6, 3), <game.Grid object at 0x114b3f380>)","((7, 3), <game.Grid object at 0x114b3cec0>)",West,"[((7, 3), <game.Grid object at 0x114c20b40>), ((5, 3), <game.Grid object at 0x114c20bb0>)]",57,57,313,9,35,44
314,"((12, 3), <game.Grid object at 0x114b3f770>)","((13, 3), <game.Grid object at 0x114b3eb30>)",West,"[((13, 3), <game.Grid object at 0x114c20c20>), ((11, 3), <game.Grid object at 0x114c20c90>)]",57,57,314,15,29,44
315,"((12, 5), <game.Grid object at 0x114b3f8c0>)","((13, 5), <game.Grid object at 0x114b3ec80>)",West,"[((13, 5), <game.Grid object at 0x114c20d00>), ((11, 5), <game.Grid object at 0x114c20d70>)]",57,57,315,13,31,44
316,"((9, 3), <game.Grid object at 0x114b3faf0>)","((10, 3), <game.Grid object at 0x114b3f460>)",West,"[((10, 3), <game.Grid object at 0x114c20e50>), ((8, 3), <game.Grid object at 0x114c20ec0>)]",57,57,316,12,32,44
317,"((13, 5), <game.Grid object at 0x114b3fd20>)","((13, 4), <game.Grid object at 0x114b3f7e0>)",North,"[((13, 4), <game.Grid object at 0x114c20fa0>), ((14, 5), <game.Grid object at 0x114c21010>), ((12, 5), <game.Grid object at 0x114c21080>)]",57,57,317,14,30,44
318,"((14, 5), <game.Grid object at 0x114bb0130>)","((13, 5), <game.Grid object at 0x114b3fb60>)",East,"[((13, 5), <game.Grid object at 0x114c210f0>)]",57,57,318,13,31,44
319,"((12, 5), <game.Grid object at 0x114bb01a0>)","((13, 5), <game.Grid object at 0x114b3fb60>)",West,"[((13, 5), <game.Grid object at 0x114c211d0>), ((11, 5), <game.Grid object at 0x114c21240>)]",57,57,319,13,31,44
320,"((12, 3), <game.Grid object at 0x114bb0520>)","((13, 3), <game.Grid object at 0x114b3fd90>)",West,"[((13, 3), <game.Grid object at 0x114c21320>), ((11, 3), <game.Grid object at 0x114c21390>)]",57,57,320,15,29,44
321,"((12, 3), <game.Grid object at 0x114bb0c20>)","((13, 3), <game.Grid object at 0x114bb0750>)",West,"[((13, 3), <game.Grid object at 0x114c21400>), ((11, 3), <game.Grid object at 0x114c21470>)]",57,57,321,15,29,44
322,"((18, 4), <game.Grid object at 0x114bb1710>)","((18, 5), <game.Grid object at 0x114bb1390>)",South,"[((18, 5), <game.Grid object at 0x114c214e0>), ((18, 3), <game.Grid object at 0x114c21550>)]",57,57,322,22,22,44
323,"((18, 4), <game.Grid object at 0x114bb1d30>)","((18, 5), <game.Grid object at 0x114bb1a90>)",South,"[((18, 5), <game.Grid object at 0x114c215c0>), ((18, 3), <game.Grid object at 0x114c21630>)]",57,57,323,22,22,44
324,"((18, 4), <game.Grid object at 0x114bb1fd0>)","((18, 5), <game.Grid object at 0x114bb1e10>)",South,"[((18, 5), <game.Grid object at 0x114c216a0>), ((18, 3), <game.Grid object at 0x114c21710>)]",57,57,324,22,22,44
325,"((18, 4), <game.Grid object at 0x114bb20b0>)","((18, 5), <game.Grid object at 0x114bb1ef0>)",South,"[((18, 5), <game.Grid object at 0x114c21780>), ((18, 3), <game.Grid object at 0x114c217f0>)]",57,57,325,22,22,44
326,"((4, 3), <game.Grid object at 0x114bb2270>)","((4, 4), <game.Grid object at 0x114b3c9f0>)",South,"[((4, 4), <game.Grid object at 0x114c21860>), ((5, 3), <game.Grid object at 0x114c218d0>), ((3, 3), <game.Grid object at 0x114c21940>)]",57,58,326,7,37,44
327,"((8, 5), <game.Grid object at 0x114bb2740>)","((7, 5), <game.Grid object at 0x114b3cf30>)",East,"[((9, 5), <game.Grid object at 0x114c219b0>), ((7, 5), <game.Grid object at 0x114c21a20>)]",58,57,327,9,35,44
328,"((11, 5), <game.Grid object at 0x114bb2970>)","((10, 5), <game.Grid object at 0x114b3d010>)",East,"[((12, 5), <game.Grid object at 0x114c21a90>), ((10, 5), <game.Grid object at 0x114c21b00>)]",57,57,328,12,32,44
329,"((10, 4), <game.Grid object at 0x114bb3700>)","((10, 5), <game.Grid object at 0x114b3dda0>)",South,"[((10, 5), <game.Grid object at 0x114c21be0>), ((10, 3), <game.Grid object at 0x114c21c50>)]",57,56,329,12,32,44
330,"((10, 4), <game.Grid object at 0x114bb3850>)","((10, 5), <game.Grid object at 0x114b3de80>)",South,"[((10, 5), <game.Grid object at 0x114c21cc0>), ((10, 3), <game.Grid object at 0x114c21d30>)]",56,56,330,12,32,44
331,"((13, 5), <game.Grid object at 0x114c210f0>)","((14, 5), <game.Grid object at 0x114bb0130>)",West,"[((13, 4), <game.Grid object at 0x114c21e10>), ((14, 5), <game.Grid object at 0x114c21e80>), ((12, 5), <game.Grid object at 0x114c21ef0>)]",56,57,331,14,30,44
332,"((5, 3), <game.Grid object at 0x114c218d0>)","((4, 3), <game.Grid object at 0x114bb2270>)",East,"[((6, 3), <game.Grid object at 0x114c21f60>), ((4, 3), <game.Grid object at 0x114c21fd0>)]",57,57,332,8,36,44
333,"((12, 5), <game.Grid object at 0x114c21a90>)","((11, 5), <game.Grid object at 0x114bb2970>)",East,"[((13, 5), <game.Grid object at 0x114c22040>), ((11, 5), <game.Grid object at 0x114c220b0>)]",57,56,333,13,31,44
334,"((10, 3), <game.Grid object at 0x114c21d30>)","((10, 4), <game.Grid object at 0x114bb3850>)",South,"[((10, 4), <game.Grid object at 0x114c22120>), ((11, 3), <game.Grid object at 0x114c22190>), ((9, 3), <game.Grid object at 0x114c22200>)]",56,57,334,13,31,44
335,"((13, 4), <game.Grid object at 0x114c21e10>)","((13, 5), <game.Grid object at 0x114c210f0>)",South,"[((13, 5), <game.Grid object at 0x114c22350>), ((13, 3), <game.Grid object at 0x114c223c0>)]",57,58,335,15,29,44
336,"((6, 3), <game.Grid object at 0x114c21f60>)","((5, 3), <game.Grid object at 0x114c218d0>)",East,"[((7, 3), <game.Grid object at 0x114c22430>), ((5, 3), <game.Grid object at 0x114c224a0>)]",58,58,336,9,35,44
337,"((11, 3), <game.Grid object at 0x114c22190>)","((10, 3), <game.Grid object at 0x114c21d30>)",East,"[((12, 3), <game.Grid object at 0x114c22510>), ((10, 3), <game.Grid object at 0x114c22580>)]",58,58,337,14,30,44
338,"((13, 3), <game.Grid object at 0x114c223c0>)","((13, 4), <game.Grid object at 0x114c21e10>)",South,"[((13, 4), <game.Grid object at 0x114c225f0>), ((14, 3), <game.Grid object at 0x114c22660>), ((12, 3), <game.Grid object at 0x114c226d0>)]",58,59,338,16,28,44
339,"((7, 3), <game.Grid object at 0x114c22430>)","((6, 3), <game.Grid object at 0x114c21f60>)",East,"[((7, 4), <game.Grid object at 0x114c22740>), ((8, 3), <game.Grid object at 0x114c227b0>), ((6, 3), <game.Grid object at 0x114c22820>)]",59,60,339,10,34,44
340,"((12, 3), <game.Grid object at 0x114c22510>)","((11, 3), <game.Grid object at 0x114c22190>)",East,"[((13, 3), <game.Grid object at 0x114c22890>), ((11, 3), <game.Grid object at 0x114c22900>)]",60,60,340,15,29,44
341,"((14, 3), <game.Grid object at 0x114c22660>)","((13, 3), <game.Grid object at 0x114c223c0>)",East,"[((15, 3), <game.Grid object at 0x114c22970>), ((13, 3), <game.Grid object at 0x114c229e0>)]",60,60,341,17,27,44
342,"((8, 3), <game.Grid object at 0x114c227b0>)","((7, 3), <game.Grid object at 0x114c22430>)",East,"[((9, 3), <game.Grid object at 0x114c22a50>), ((7, 3), <game.Grid object at 0x114c22ac0>)]",60,60,342,11,33,44
343,"((13, 3), <game.Grid object at 0x114c22890>)","((12, 3), <game.Grid object at 0x114c22510>)",East,"[((13, 4), <game.Grid object at 0x114c22b30>), ((14, 3), <game.Grid object at 0x114c22ba0>), ((12, 3), <game.Grid object at 0x114c22c10>)]",60,60,343,16,28,44
344,"((15, 3), <game.Grid object at 0x114c22970>)","((14, 3), <game.Grid object at 0x114c22660>)",East,"[((16, 3), <game.Grid object at 0x114c22c80>), ((14, 3), <game.Grid object at 0x114c22cf0>)]",60,60,344,18,26,44
345,"((9, 3), <game.Grid object at 0x114c22a50>)","((8, 3), <game.Grid object at 0x114c227b0>)",East,"[((10, 3), <game.Grid object at 0x114c22d60>), ((8, 3), <game.Grid object at 0x114c22dd0>)]",60,60,345,12,32,44
346,"((14, 3), <game.Grid object at 0x114c22ba0>)","((13, 3), <game.Grid object at 0x114c22890>)",East,"[((15, 3), <game.Grid object at 0x114c22eb0>), ((13, 3), <game.Grid object at 0x114c22f20>)]",60,60,346,17,27,44
347,"((16, 3), <game.Grid object at 0x114c22c80>)","((15, 3), <game.Grid object at 0x114c22970>)",East,"[((16, 4), <game.Grid object at 0x114c22f90>), ((15, 3), <game.Grid object at 0x114c23000>)]",60,60,347,19,25,44
348,"((10, 3), <game.Grid object at 0x114c22d60>)","((9, 3), <game.Grid object at 0x114c22a50>)",East,"[((10, 4), <game.Grid object at 0x114c23070>), ((11, 3), <game.Grid object at 0x114c230e0>), ((9, 3), <game.Grid object at 0x114c23150>)]",60,61,348,13,31,44
349,"((15, 3), <game.Grid object at 0x114c22eb0>)","((14, 3), <game.Grid object at 0x114c22ba0>)",East,"[((16, 3), <game.Grid object at 0x114c232a0>), ((14, 3), <game.Grid object at 0x114c23310>)]",61,61,349,18,26,44
350,"((16, 4), <game.Grid object at 0x114c22f90>)","((16, 3), <game.Grid object at 0x114c22c80>)",North,"[((16, 5), <game.Grid object at 0x114c23380>), ((16, 3), <game.Grid object at 0x114c233f0>)]",61,61,350,20,24,44
351,"((11, 3), <game.Grid object at 0x114c230e0>)","((10, 3), <game.Grid object at 0x114c22d60>)",East,"[((12, 3), <game.Grid object at 0x114c23460>), ((10, 3), <game.Grid object at 0x114c234d0>)]",61,61,351,14,30,44
352,"((16, 3), <game.Grid object at 0x114c232a0>)","((15, 3), <game.Grid object at 0x114c22eb0>)",East,"[((16, 4), <game.Grid object at 0x114c23540>), ((15, 3), <game.Grid object at 0x114c235b0>)]",61,61,352,19,25,44
353,"((16, 5), <game.Grid object at 0x114c23380>)","((16, 4), <game.Grid object at 0x114c22f90>)",North,"[((16, 4), <game.Grid object at 0x114c23620>), ((17, 5), <game.Grid object at 0x114c23690>)]",61,61,353,21,23,44
354,"((12, 3), <game.Grid object at 0x114c23460>)","((11, 3), <game.Grid object at 0x114c230e0>)",East,"[((13, 3), <game.Grid object at 0x114c23700>), ((11, 3), <game.Grid object at 0x114c23770>)]",61,61,354,15,29,44
355,"((16, 4), <game.Grid object at 0x114c23540>)","((16, 3), <game.Grid object at 0x114c232a0>)",North,"[((16, 5), <game.Grid object at 0x114c237e0>), ((16, 3), <game.Grid object at 0x114c23850>)]",61,61,355,20,24,44
356,"((17, 5), <game.Grid object at 0x114c23690>)","((16, 5), <game.Grid object at 0x114c23380>)",East,"[((18, 5), <game.Grid object at 0x114c238c0>), ((16, 5), <game.Grid object at 0x114c23930>)]",61,61,356,22,22,44
357,"((13, 3), <game.Grid object at 0x114c23700>)","((12, 3), <game.Grid object at 0x114c23460>)",East,"[((13, 4), <game.Grid object at 0x114c239a0>), ((14, 3), <game.Grid object at 0x114c23a10>), ((12, 3), <game.Grid object at 0x114c23a80>)]",61,62,357,16,28,44
358,"((16, 5), <game.Grid object at 0x114c237e0>)","((16, 4), <game.Grid object at 0x114c23540>)",North,"[((16, 4), <game.Grid object at 0x114c23af0>), ((17, 5), <game.Grid object at 0x114c23b60>)]",62,62,358,21,23,44
359,"((18, 5), <game.Grid object at 0x114c238c0>)","((17, 5), <game.Grid object at 0x114c23690>)",East,"[((18, 4), <game.Grid object at 0x114c23bd0>), ((17, 5), <game.Grid object at 0x114c23c40>)]",62,62,359,23,21,44
360,"((14, 3), <game.Grid object at 0x114c23a10>)","((13, 3), <game.Grid object at 0x114c23700>)",East,"[((15, 3), <game.Grid object at 0x114c23cb0>), ((13, 3), <game.Grid object at 0x114c23d20>)]",62,62,360,17,27,44
361,"((17, 5), <game.Grid object at 0x114c23b60>)","((16, 5), <game.Grid object at 0x114c237e0>)",East,"[((18, 5), <game.Grid object at 0x114c23d90>), ((16, 5), <game.Grid object at 0x114c23e00>)]",62,62,361,22,22,44
362,"((15, 3), <game.Grid object at 0x114c23cb0>)","((14, 3), <game.Grid object at 0x114c23a10>)",East,"[((16, 3), <game.Grid object at 0x114c23e70>), ((14, 3), <game.Grid object at 0x114c23ee0>)]",62,62,362,18,26,44
363,"((18, 5), <game.Grid object at 0x114c23d90>)","((17, 5), <game.Grid object at 0x114c23b60>)",East,"[((18, 4), <game.Grid object at 0x114c23f50>), ((17, 5), <game.Grid object at 0x114c94050>)]",62,62,363,23,21,44
364,"((16, 3), <game.Grid object at 0x114c23e70>)","((15, 3), <game.Grid object at 0x114c23cb0>)",East,"[((16, 4), <game.Grid object at 0x114c940c0>), ((15, 3), <game.Grid object at 0x114c94130>)]",62,62,364,19,25,44
365,"((16, 4), <game.Grid object at 0x114c940c0>)","((16, 3), <game.Grid object at 0x114c23e70>)",North,"[((16, 5), <game.Grid object at 0x114c941a0>), ((16, 3), <game.Grid object at 0x114c94210>)]",62,62,365,20,24,44
366,"((16, 5), <game.Grid object at 0x114c941a0>)","((16, 4), <game.Grid object at 0x114c940c0>)",North,"[((16, 4), <game.Grid object at 0x114c94280>), ((17, 5), <game.Grid object at 0x114c942f0>)]",62,62,366,21,23,44
367,"((17, 5), <game.Grid object at 0x114c942f0>)","((16, 5), <game.Grid object at 0x114c941a0>)",East,"[((18, 5), <game.Grid object at 0x114c94360>), ((16, 5), <game.Grid object at 0x114c943d0>)]",62,62,367,22,22,44
368,"((18, 5), <game.Grid object at 0x114c94360>)","((17, 5), <game.Grid object at 0x114c942f0>)",East,"[((18, 4), <game.Grid object at 0x114c94440>), ((17, 5), <game.Grid object at 0x114c944b0>)]",62,62,368,23,21,44
369,"((4, 5), <game.Grid object at 0x114bb2200>)","((5, 5), <game.Grid object at 0x114b3c910>)",West,"[((4, 4), <game.Grid object at 0x114c94520>), ((5, 5), <game.Grid object at 0x114c94590>), ((3, 5), <game.Grid object at 0x114c94600>)]",62,62,369,7,39,46
370,"((4, 5), <game.Grid object at 0x114bb22e0>)","((4, 4), <game.Grid object at 0x114b3c9f0>)",North,"[((4, 4), <game.Grid object at 0x114c946e0>), ((5, 5), <game.Grid object at 0x114c94670>), ((3, 5), <game.Grid object at 0x114c94750>)]",62,63,370,7,39,46
371,"((2, 3), <game.Grid object at 0x114bb23c0>)","((3, 3), <game.Grid object at 0x114b3ca60>)",West,"[((3, 3), <game.Grid object at 0x114c947c0>), ((1, 3), <game.Grid object at 0x114c94830>)]",63,63,371,7,39,46
372,"((5, 5), <game.Grid object at 0x114bb2430>)","((6, 5), <game.Grid object at 0x114b3cbb0>)",West,"[((6, 5), <game.Grid object at 0x114c94910>), ((4, 5), <game.Grid object at 0x114c948a0>)]",63,63,372,8,38,46
373,"((8, 5), <game.Grid object at 0x114bb2580>)","((9, 5), <game.Grid object at 0x114b3cd00>)",West,"[((9, 5), <game.Grid object at 0x114c94980>), ((7, 5), <game.Grid object at 0x114c949f0>)]",63,63,373,11,35,46
374,"((15, 1), <game.Grid object at 0x114bb2660>)","((16, 1), <game.Grid object at 0x114b3cde0>)",West,"[((16, 1), <game.Grid object at 0x114c94a60>), ((14, 1), <game.Grid object at 0x114c94ad0>)]",63,63,374,18,28,46
375,"((6, 5), <game.Grid object at 0x114bb26d0>)","((7, 5), <game.Grid object at 0x114b3cf30>)",West,"[((7, 5), <game.Grid object at 0x114c94bb0>), ((5, 5), <game.Grid object at 0x114c94c20>)]",63,63,375,9,37,46
376,"((4, 3), <game.Grid object at 0x114bb2890>)","((5, 3), <game.Grid object at 0x114b3ce50>)",West,"[((4, 4), <game.Grid object at 0x114c94b40>), ((5, 3), <game.Grid object at 0x114c94c90>), ((3, 3), <game.Grid object at 0x114c94d00>)]",63,64,376,9,37,46
377,"((9, 5), <game.Grid object at 0x114bb29e0>)","((10, 5), <game.Grid object at 0x114b3d010>)",West,"[((10, 5), <game.Grid object at 0x114c94d70>), ((8, 5), <game.Grid object at 0x114c94de0>)]",64,64,377,12,34,46
378,"((7, 3), <game.Grid object at 0x114bb2ac0>)","((8, 3), <game.Grid object at 0x114b3d160>)",West,"[((7, 4), <game.Grid object at 0x114c94ec0>), ((8, 3), <game.Grid object at 0x114c94f30>), ((6, 3), <game.Grid object at 0x114c94fa0>)]",64,65,378,12,34,46
379,"((9, 5), <game.Grid object at 0x114bb2c10>)","((10, 5), <game.Grid object at 0x114b3d240>)",West,"[((10, 5), <game.Grid object at 0x114c950f0>), ((8, 5), <game.Grid object at 0x114c95160>)]",65,65,379,12,34,46
380,"((16, 1), <game.Grid object at 0x114bb2cf0>)","((17, 1), <game.Grid object at 0x114b3d320>)",West,"[((17, 1), <game.Grid object at 0x114c95240>), ((15, 1), <game.Grid object at 0x114c952b0>)]",65,65,380,19,27,46
381,"((16, 1), <game.Grid object at 0x114bb2dd0>)","((17, 1), <game.Grid object at 0x114b3d400>)",West,"[((17, 1), <game.Grid object at 0x114c95320>), ((15, 1), <game.Grid object at 0x114c95390>)]",65,65,381,19,27,46
382,"((8, 3), <game.Grid object at 0x114bb2eb0>)","((9, 3), <game.Grid object at 0x114b3d550>)",West,"[((9, 3), <game.Grid object at 0x114c95400>), ((7, 3), <game.Grid object at 0x114c95470>)]",65,65,382,13,33,46
383,"((8, 3), <game.Grid object at 0x114bb3000>)","((9, 3), <game.Grid object at 0x114b3d6a0>)",West,"[((9, 3), <game.Grid object at 0x114c95550>), ((7, 3), <game.Grid object at 0x114c955c0>)]",65,65,383,13,33,46
384,"((8, 5), <game.Grid object at 0x114bb3150>)","((9, 5), <game.Grid object at 0x114b3d7f0>)",West,"[((9, 5), <game.Grid object at 0x114c956a0>), ((7, 5), <game.Grid object at 0x114c95710>)]",65,65,384,11,35,46
385,"((8, 3), <game.Grid object at 0x114bb3230>)","((9, 3), <game.Grid object at 0x114b3d940>)",West,"[((9, 3), <game.Grid object at 0x114c95780>), ((7, 3), <game.Grid object at 0x114c957f0>)]",65,65,385,13,33,46
386,"((17, 1), <game.Grid object at 0x114bb3380>)","((18, 1), <game.Grid object at 0x114b3da20>)",West,"[((18, 1), <game.Grid object at 0x114c958d0>), ((16, 1), <game.Grid object at 0x114c95940>)]",65,65,386,20,26,46
387,"((17, 1), <game.Grid object at 0x114bb3460>)","((18, 1), <game.Grid object at 0x114b3db00>)",West,"[((18, 1), <game.Grid object at 0x114c959b0>), ((16, 1), <game.Grid object at 0x114c95a20>)]",65,65,387,20,26,46
388,"((17, 1), <game.Grid object at 0x114bb3540>)","((18, 1), <game.Grid object at 0x114b3dbe0>)",West,"[((18, 1), <game.Grid object at 0x114c95a90>), ((16, 1), <game.Grid object at 0x114c95b00>)]",65,65,388,20,26,46
389,"((4, 4), <game.Grid object at 0x114bb35b0>)","((4, 3), <game.Grid object at 0x114b3dcc0>)",North,"[((4, 5), <game.Grid object at 0x114c95b70>), ((4, 3), <game.Grid object at 0x114c95be0>)]",65,66,389,8,38,46
390,"((3, 3), <game.Grid object at 0x114bb3690>)","((4, 3), <game.Grid object at 0x114b3dcc0>)",West,"[((4, 3), <game.Grid object at 0x114c95c50>), ((2, 3), <game.Grid object at 0x114c95cc0>)]",66,66,390,8,38,46
391,"((9, 5), <game.Grid object at 0x114bb37e0>)","((10, 5), <game.Grid object at 0x114b3dda0>)",West,"[((10, 5), <game.Grid object at 0x114c95d30>), ((8, 5), <game.Grid object at 0x114c95da0>)]",66,66,391,12,34,46
392,"((9, 5), <game.Grid object at 0x114bb3930>)","((10, 5), <game.Grid object at 0x114b3de80>)",West,"[((10, 5), <game.Grid object at 0x114c95e80>), ((8, 5), <game.Grid object at 0x114c95ef0>)]",66,66,392,12,34,46
393,"((10, 5), <game.Grid object at 0x114bb3a10>)","((11, 5), <game.Grid object at 0x114b3df60>)",West,"[((10, 4), <game.Grid object at 0x114c95fd0>), ((11, 5), <game.Grid object at 0x114c96040>), ((9, 5), <game.Grid object at 0x114c960b0>)]",66,66,393,13,33,46
394,"((9, 3), <game.Grid object at 0x114bb3bd0>)","((10, 3), <game.Grid object at 0x114b3e040>)",West,"[((10, 3), <game.Grid object at 0x114c96190>), ((8, 3), <game.Grid object at 0x114c96200>)]",66,66,394,14,32,46
395,"((9, 3), <game.Grid object at 0x114bb3d90>)","((10, 3), <game.Grid object at 0x114b3e190>)",West,"[((10, 3), <game.Grid object at 0x114c96270>), ((8, 3), <game.Grid object at 0x114c962e0>)]",66,66,395,14,32,46
396,"((11, 5), <game.Grid object at 0x114c200c0>)","((12, 5), <game.Grid object at 0x114b3e4a0>)",West,"[((12, 5), <game.Grid object at 0x114c96350>), ((10, 5), <game.Grid object at 0x114c963c0>)]",66,66,396,14,32,46
397,"((18, 1), <game.Grid object at 0x114c20210>)","((18, 2), <game.Grid object at 0x114b3e660>)",South,"[((18, 2), <game.Grid object at 0x114c96430>), ((17, 1), <game.Grid object at 0x114c964a0>)]",66,66,397,21,25,46
398,"((18, 1), <game.Grid object at 0x114c202f0>)","((18, 2), <game.Grid object at 0x114b3e740>)",South,"[((18, 2), <game.Grid object at 0x114c96510>), ((17, 1), <game.Grid object at 0x114c96580>)]",66,66,398,21,25,46
399,"((18, 1), <game.Grid object at 0x114c203d0>)","((18, 2), <game.Grid object at 0x114b3e820>)",South,"[((18, 2), <game.Grid object at 0x114c965f0>), ((17, 1), <game.Grid object at 0x114c96660>)]",66,66,399,21,25,46
400,"((10, 3), <game.Grid object at 0x114c204b0>)","((11, 3), <game.Grid object at 0x114b3e9e0>)",West,"[((10, 4), <game.Grid object at 0x114c966d0>), ((11, 3), <game.Grid object at 0x114c96740>), ((9, 3), <game.Grid object at 0x114c967b0>)]",66,67,400,15,31,46
401,"((14, 5), <game.Grid object at 0x114c20590>)","((13, 5), <game.Grid object at 0x114b3eac0>)",East,"[((13, 5), <game.Grid object at 0x114c96820>)]",67,66,401,15,31,46
402,"((12, 5), <game.Grid object at 0x114c20600>)","((13, 5), <game.Grid object at 0x114b3eac0>)",West,"[((13, 5), <game.Grid object at 0x114c96890>), ((11, 5), <game.Grid object at 0x114c96900>)]",66,66,402,15,31,46
403,"((10, 5), <game.Grid object at 0x114c206e0>)","((11, 5), <game.Grid object at 0x114b3ed60>)",West,"[((10, 4), <game.Grid object at 0x114c96970>), ((11, 5), <game.Grid object at 0x114c969e0>), ((9, 5), <game.Grid object at 0x114c96a50>)]",66,67,403,13,33,46
404,"((10, 3), <game.Grid object at 0x114c20830>)","((11, 3), <game.Grid object at 0x114b3ee40>)",West,"[((10, 4), <game.Grid object at 0x114c96ba0>), ((11, 3), <game.Grid object at 0x114c96c10>), ((9, 3), <game.Grid object at 0x114c96c80>)]",67,68,404,15,31,46
405,"((18, 2), <game.Grid object at 0x114c20910>)","((18, 3), <game.Grid object at 0x114b3ef90>)",South,"[((18, 3), <game.Grid object at 0x114c96cf0>), ((18, 1), <game.Grid object at 0x114c96d60>)]",68,68,405,22,24,46
406,"((18, 2), <game.Grid object at 0x114c209f0>)","((18, 3), <game.Grid object at 0x114b3f070>)",South,"[((18, 3), <game.Grid object at 0x114c96dd0>), ((18, 1), <game.Grid object at 0x114c96e40>)]",68,68,406,22,24,46
407,"((18, 2), <game.Grid object at 0x114c20ad0>)","((18, 3), <game.Grid object at 0x114b3f150>)",South,"[((18, 3), <game.Grid object at 0x114c96eb0>), ((18, 1), <game.Grid object at 0x114c96f20>)]",68,68,407,22,24,46
408,"((5, 3), <game.Grid object at 0x114c20bb0>)","((6, 3), <game.Grid object at 0x114b3f380>)",West,"[((6, 3), <game.Grid object at 0x114c96f90>), ((4, 3), <game.Grid object at 0x114c97000>)]",68,68,408,10,36,46
409,"((11, 3), <game.Grid object at 0x114c20c90>)","((12, 3), <game.Grid object at 0x114b3f770>)",West,"[((12, 3), <game.Grid object at 0x114c97070>), ((10, 3), <game.Grid object at 0x114c970e0>)]",68,68,409,16,30,46
410,"((11, 5), <game.Grid object at 0x114c20d70>)","((12, 5), <game.Grid object at 0x114b3f8c0>)",West,"[((12, 5), <game.Grid object at 0x114c97150>), ((10, 5), <game.Grid object at 0x114c971c0>)]",68,68,410,14,32,46
411,"((8, 3), <game.Grid object at 0x114c20ec0>)","((9, 3), <game.Grid object at 0x114b3faf0>)",West,"[((9, 3), <game.Grid object at 0x114c97230>), ((7, 3), <game.Grid object at 0x114c972a0>)]",68,68,411,13,33,46
412,"((12, 5), <game.Grid object at 0x114c21080>)","((13, 5), <game.Grid object at 0x114b3fd20>)",West,"[((13, 5), <game.Grid object at 0x114c97380>), ((11, 5), <game.Grid object at 0x114c973f0>)]",68,68,412,15,31,46
413,"((11, 5), <game.Grid object at 0x114c21240>)","((12, 5), <game.Grid object at 0x114bb01a0>)",West,"[((12, 5), <game.Grid object at 0x114c97460>), ((10, 5), <game.Grid object at 0x114c974d0>)]",68,68,413,14,32,46
414,"((11, 3), <game.Grid object at 0x114c21390>)","((12, 3), <game.Grid object at 0x114bb0520>)",West,"[((12, 3), <game.Grid object at 0x114c97540>), ((10, 3), <game.Grid object at 0x114c975b0>)]",68,68,414,16,30,46
415,"((11, 3), <game.Grid object at 0x114c21470>)","((12, 3), <game.Grid object at 0x114bb0c20>)",West,"[((12, 3), <game.Grid object at 0x114c97620>), ((10, 3), <game.Grid object at 0x114c97690>)]",68,68,415,16,30,46
416,"((18, 3), <game.Grid object at 0x114c21550>)","((18, 4), <game.Grid object at 0x114bb1710>)",South,"[((18, 4), <game.Grid object at 0x114c97700>), ((18, 2), <game.Grid object at 0x114c97770>)]",68,68,416,23,23,46
417,"((18, 3), <game.Grid object at 0x114c21630>)","((18, 4), <game.Grid object at 0x114bb1d30>)",South,"[((18, 4), <game.Grid object at 0x114c977e0>), ((18, 2), <game.Grid object at 0x114c97850>)]",68,68,417,23,23,46
418,"((18, 3), <game.Grid object at 0x114c21710>)","((18, 4), <game.Grid object at 0x114bb1fd0>)",South,"[((18, 4), <game.Grid object at 0x114c978c0>), ((18, 2), <game.Grid object at 0x114c97930>)]",68,68,418,23,23,46
419,"((18, 3), <game.Grid object at 0x114c217f0>)","((18, 4), <game.Grid object at 0x114bb20b0>)",South,"[((18, 4), <game.Grid object at 0x114c979a0>), ((18, 2), <game.Grid object at 0x114c97a10>)]",68,68,419,23,23,46
420,"((3, 3), <game.Grid object at 0x114c21940>)","((4, 3), <game.Grid object at 0x114bb2270>)",West,"[((4, 3), <game.Grid object at 0x114c97a80>), ((2, 3), <game.Grid object at 0x114c97af0>)]",68,68,420,8,38,46
421,"((12, 5), <game.Grid object at 0x114c21ef0>)","((13, 5), <game.Grid object at 0x114c210f0>)",West,"[((13, 5), <game.Grid object at 0x114c97b60>), ((11, 5), <game.Grid object at 0x114c97bd0>)]",68,68,421,15,31,46
422,"((9, 3), <game.Grid object at 0x114c22200>)","((10, 3), <game.Grid object at 0x114c21d30>)",West,"[((10, 3), <game.Grid object at 0x114c97c40>), ((8, 3), <game.Grid object at 0x114c97cb0>)]",68,68,422,14,32,46
423,"((13, 5), <game.Grid object at 0x114c22350>)","((13, 4), <game.Grid object at 0x114c21e10>)",North,"[((13, 4), <game.Grid object at 0x114c97d20>), ((14, 5), <game.Grid object at 0x114c97d90>), ((12, 5), <game.Grid object at 0x114c97e00>)]",68,68,423,16,30,46
424,"((12, 3), <game.Grid object at 0x114c226d0>)","((13, 3), <game.Grid object at 0x114c223c0>)",West,"[((13, 3), <game.Grid object at 0x114c97e70>), ((11, 3), <game.Grid object at 0x114c97ee0>)]",68,68,424,17,29,46
425,"((7, 4), <game.Grid object at 0x114c22740>)","((7, 3), <game.Grid object at 0x114c22430>)",North,"[((7, 5), <game.Grid object at 0x114c97f50>), ((7, 3), <game.Grid object at 0x114d04050>)]",68,69,425,11,35,46
426,"((10, 4), <game.Grid object at 0x114c23070>)","((10, 3), <game.Grid object at 0x114c22d60>)",North,"[((10, 5), <game.Grid object at 0x114d040c0>), ((10, 3), <game.Grid object at 0x114d04130>)]",69,70,426,14,32,46
427,"((13, 4), <game.Grid object at 0x114c239a0>)","((13, 3), <game.Grid object at 0x114c23700>)",North,"[((13, 5), <game.Grid object at 0x114d041a0>), ((13, 3), <game.Grid object at 0x114d04210>)]",70,71,427,17,29,46
428,"((18, 4), <game.Grid object at 0x114c23bd0>)","((18, 5), <game.Grid object at 0x114c238c0>)",South,"[((18, 5), <game.Grid object at 0x114d04280>), ((18, 3), <game.Grid object at 0x114d042f0>)]",71,71,428,24,22,46
429,"((18, 4), <game.Grid object at 0x114c23f50>)","((18, 5), <game.Grid object at 0x114c23d90>)",South,"[((18, 5), <game.Grid object at 0x114d04360>), ((18, 3), <game.Grid object at 0x114d043d0>)]",71,71,429,24,22,46
430,"((18, 4), <game.Grid object at 0x114c94440>)","((18, 5), <game.Grid object at 0x114c94360>)",South,"[((18, 5), <game.Grid object at 0x114d04440>), ((18, 3), <game.Grid object at 0x114d044b0>)]",71,71,430,24,22,46
431,"((5, 5), <game.Grid object at 0x114c94670>)","((4, 5), <game.Grid object at 0x114bb22e0>)",East,"[((6, 5), <game.Grid object at 0x114d04520>), ((4, 5), <game.Grid object at 0x114d04590>)]",71,71,431,8,38,46
432,"((4, 3), <game.Grid object at 0x114c95be0>)","((4, 4), <game.Grid object at 0x114bb35b0>)",South,"[((4, 4), <game.Grid object at 0x114d04600>), ((5, 3), <game.Grid object at 0x114d04670>), ((3, 3), <game.Grid object at 0x114d046e0>)]",71,72,432,9,37,46
433,"((10, 4), <game.Grid object at 0x114c96970>)","((10, 5), <game.Grid object at 0x114c206e0>)",South,"[((10, 5), <game.Grid object at 0x114d04750>), ((10, 3), <game.Grid object at 0x114d047c0>)]",72,72,433,14,32,46
434,"((7, 3), <game.Grid object at 0x114d04050>)","((7, 4), <game.Grid object at 0x114c22740>)",South,"[((7, 4), <game.Grid object at 0x114d04830>), ((8, 3), <game.Grid object at 0x114d048a0>), ((6, 3), <game.Grid object at 0x114d04910>)]",72,73,434,12,34,46
435,"((10, 3), <game.Grid object at 0x114d04130>)","((10, 4), <game.Grid object at 0x114c23070>)",South,"[((10, 4), <game.Grid object at 0x114d04a60>), ((11, 3), <game.Grid object at 0x114d04ad0>), ((9, 3), <game.Grid object at 0x114d04b40>)]",73,74,435,15,31,46
436,"((13, 3), <game.Grid object at 0x114d04210>)","((13, 4), <game.Grid object at 0x114c239a0>)",South,"[((13, 4), <game.Grid object at 0x114d04bb0>), ((14, 3), <game.Grid object at 0x114d04c20>), ((12, 3), <game.Grid object at 0x114d04c90>)]",74,75,436,18,28,46
437,"((6, 5), <game.Grid object at 0x114d04520>)","((5, 5), <game.Grid object at 0x114c94670>)",East,"[((7, 5), <game.Grid object at 0x114d04d00>), ((5, 5), <game.Grid object at 0x114d04d70>)]",75,75,437,9,37,46
438,"((5, 3), <game.Grid object at 0x114d04670>)","((4, 3), <game.Grid object at 0x114c95be0>)",East,"[((6, 3), <game.Grid object at 0x114d04de0>), ((4, 3), <game.Grid object at 0x114d04e50>)]",75,74,438,10,36,46
439,"((10, 3), <game.Grid object at 0x114d047c0>)","((10, 4), <game.Grid object at 0x114c96970>)",South,"[((10, 4), <game.Grid object at 0x114d049f0>), ((11, 3), <game.Grid object at 0x114d04ec0>), ((9, 3), <game.Grid object at 0x114d04f30>)]",74,75,439,15,31,46
440,"((8, 3), <game.Grid object at 0x114d048a0>)","((7, 3), <game.Grid object at 0x114d04050>)",East,"[((9, 3), <game.Grid object at 0x114d04fa0>), ((7, 3), <game.Grid object at 0x114d05010>)]",75,75,440,13,33,46
441,"((6, 3), <game.Grid object at 0x114d04de0>)","((5, 3), <game.Grid object at 0x114d04670>)",East,"[((7, 3), <game.Grid object at 0x114d050f0>), ((5, 3), <game.Grid object at 0x114d05160>)]",75,74,441,11,35,46
442,"((11, 3), <game.Grid object at 0x114d04ad0>)","((10, 3), <game.Grid object at 0x114d04130>)",East,"[((12, 3), <game.Grid object at 0x114d051d0>), ((10, 3), <game.Grid object at 0x114d05240>)]",74,74,442,16,30,46
443,"((14, 3), <game.Grid object at 0x114d04c20>)","((13, 3), <game.Grid object at 0x114d04210>)",East,"[((15, 3), <game.Grid object at 0x114d052b0>), ((13, 3), <game.Grid object at 0x114d05320>)]",74,74,443,19,27,46
444,"((7, 5), <game.Grid object at 0x114d04d00>)","((6, 5), <game.Grid object at 0x114d04520>)",East,"[((7, 4), <game.Grid object at 0x114d05390>), ((8, 5), <game.Grid object at 0x114d05400>), ((6, 5), <game.Grid object at 0x114d05470>)]",74,74,444,10,36,46
445,"((11, 3), <game.Grid object at 0x114d04ec0>)","((10, 3), <game.Grid object at 0x114d047c0>)",East,"[((12, 3), <game.Grid object at 0x114d054e0>), ((10, 3), <game.Grid object at 0x114d05550>)]",74,74,445,16,30,46
446,"((9, 3), <game.Grid object at 0x114d04fa0>)","((8, 3), <game.Grid object at 0x114d048a0>)",East,"[((10, 3), <game.Grid object at 0x114d055c0>), ((8, 3), <game.Grid object at 0x114d05630>)]",74,74,446,14,32,46
447,"((12, 3), <game.Grid object at 0x114d051d0>)","((11, 3), <game.Grid object at 0x114d04ad0>)",East,"[((13, 3), <game.Grid object at 0x114d056a0>), ((11, 3), <game.Grid object at 0x114d05710>)]",74,74,447,17,29,46
448,"((15, 3), <game.Grid object at 0x114d052b0>)","((14, 3), <game.Grid object at 0x114d04c20>)",East,"[((16, 3), <game.Grid object at 0x114d05780>), ((14, 3), <game.Grid object at 0x114d057f0>)]",74,74,448,20,26,46
449,"((8, 5), <game.Grid object at 0x114d05400>)","((7, 5), <game.Grid object at 0x114d04d00>)",East,"[((9, 5), <game.Grid object at 0x114d05860>), ((7, 5), <game.Grid object at 0x114d058d0>)]",74,74,449,11,35,46
450,"((12, 3), <game.Grid object at 0x114d054e0>)","((11, 3), <game.Grid object at 0x114d04ec0>)",East,"[((13, 3), <game.Grid object at 0x114d05940>), ((11, 3), <game.Grid object at 0x114d059b0>)]",74,74,450,17,29,46
451,"((10, 3), <game.Grid object at 0x114d055c0>)","((9, 3), <game.Grid object at 0x114d04fa0>)",East,"[((10, 4), <game.Grid object at 0x114d05a20>), ((11, 3), <game.Grid object at 0x114d05a90>), ((9, 3), <game.Grid object at 0x114d05b00>)]",74,75,451,15,31,46
452,"((13, 3), <game.Grid object at 0x114d056a0>)","((12, 3), <game.Grid object at 0x114d051d0>)",East,"[((13, 4), <game.Grid object at 0x114d05b70>), ((14, 3), <game.Grid object at 0x114d05be0>), ((12, 3), <game.Grid object at 0x114d05c50>)]",75,76,452,18,28,46
453,"((16, 3), <game.Grid object at 0x114d05780>)","((15, 3), <game.Grid object at 0x114d052b0>)",East,"[((16, 4), <game.Grid object at 0x114d05cc0>), ((15, 3), <game.Grid object at 0x114d05d30>)]",76,76,453,21,25,46
454,"((9, 5), <game.Grid object at 0x114d05860>)","((8, 5), <game.Grid object at 0x114d05400>)",East,"[((10, 5), <game.Grid object at 0x114d05da0>), ((8, 5), <game.Grid object at 0x114d05e10>)]",76,76,454,12,34,46
455,"((13, 3), <game.Grid object at 0x114d05940>)","((12, 3), <game.Grid object at 0x114d054e0>)",East,"[((13, 4), <game.Grid object at 0x114d05ef0>), ((14, 3), <game.Grid object at 0x114d05f60>), ((12, 3), <game.Grid object at 0x114d05fd0>)]",76,76,455,18,28,46
456,"((11, 3), <game.Grid object at 0x114d05a90>)","((10, 3), <game.Grid object at 0x114d055c0>)",East,"[((12, 3), <game.Grid object at 0x114d06040>), ((10, 3), <game.Grid object at 0x114d060b0>)]",76,76,456,16,30,46
457,"((14, 3), <game.Grid object at 0x114d05be0>)","((13, 3), <game.Grid object at 0x114d056a0>)",East,"[((15, 3), <game.Grid object at 0x114d06120>), ((13, 3), <game.Grid object at 0x114d06190>)]",76,76,457,19,27,46
458,"((16, 4), <game.Grid object at 0x114d05cc0>)","((16, 3), <game.Grid object at 0x114d05780>)",North,"[((16, 5), <game.Grid object at 0x114d06200>), ((16, 3), <game.Grid object at 0x114d06270>)]",76,76,458,22,24,46
459,"((10, 5), <game.Grid object at 0x114d05da0>)","((9, 5), <game.Grid object at 0x114d05860>)",East,"[((10, 4), <game.Grid object at 0x114d062e0>), ((11, 5), <game.Grid object at 0x114d06350>), ((9, 5), <game.Grid object at 0x114d063c0>)]",76,76,459,13,33,46
460,"((14, 3), <game.Grid object at 0x114d05f60>)","((13, 3), <game.Grid object at 0x114d05940>)",East,"[((15, 3), <game.Grid object at 0x114d064a0>), ((13, 3), <game.Grid object at 0x114d06510>)]",76,76,460,19,27,46
461,"((12, 3), <game.Grid object at 0x114d06040>)","((11, 3), <game.Grid object at 0x114d05a90>)",East,"[((13, 3), <game.Grid object at 0x114d06580>), ((11, 3), <game.Grid object at 0x114d065f0>)]",76,76,461,17,29,46
462,"((15, 3), <game.Grid object at 0x114d06120>)","((14, 3), <game.Grid object at 0x114d05be0>)",East,"[((16, 3), <game.Grid object at 0x114d06660>), ((14, 3), <game.Grid object at 0x114d066d0>)]",76,76,462,20,26,46
463,"((16, 5), <game.Grid object at 0x114d06200>)","((16, 4), <game.Grid object at 0x114d05cc0>)",North,"[((16, 4), <game.Grid object at 0x114d06740>), ((17, 5), <game.Grid object at 0x114d067b0>)]",76,76,463,23,23,46
464,"((11, 5), <game.Grid object at 0x114d06350>)","((10, 5), <game.Grid object at 0x114d05da0>)",East,"[((12, 5), <game.Grid object at 0x114d06820>), ((10, 5), <game.Grid object at 0x114d06890>)]",76,76,464,14,32,46
465,"((15, 3), <game.Grid object at 0x114d064a0>)","((14, 3), <game.Grid object at 0x114d05f60>)",East,"[((16, 3), <game.Grid object at 0x114d06900>), ((14, 3), <game.Grid object at 0x114d06970>)]",76,76,465,20,26,46
466,"((13, 3), <game.Grid object at 0x114d06580>)","((12, 3), <game.Grid object at 0x114d06040>)",East,"[((13, 4), <game.Grid object at 0x114d069e0>), ((14, 3), <game.Grid object at 0x114d06a50>), ((12, 3), <game.Grid object at 0x114d06ac0>)]",76,77,466,18,28,46
467,"((16, 3), <game.Grid object at 0x114d06660>)","((15, 3), <game.Grid object at 0x114d06120>)",East,"[((16, 4), <game.Grid object at 0x114d06b30>), ((15, 3), <game.Grid object at 0x114d06ba0>)]",77,77,467,21,25,46
468,"((17, 5), <game.Grid object at 0x114d067b0>)","((16, 5), <game.Grid object at 0x114d06200>)",East,"[((18, 5), <game.Grid object at 0x114d06c10>), ((16, 5), <game.Grid object at 0x114d06c80>)]",77,77,468,24,22,46
469,"((12, 5), <game.Grid object at 0x114d06820>)","((11, 5), <game.Grid object at 0x114d06350>)",East,"[((13, 5), <game.Grid object at 0x114d06cf0>), ((11, 5), <game.Grid object at 0x114d06d60>)]",77,77,469,15,31,46
470,"((16, 3), <game.Grid object at 0x114d06900>)","((15, 3), <game.Grid object at 0x114d064a0>)",East,"[((16, 4), <game.Grid object at 0x114d06dd0>), ((15, 3), <game.Grid object at 0x114d06e40>)]",77,77,470,21,25,46
471,"((14, 3), <game.Grid object at 0x114d06a50>)","((13, 3), <game.Grid object at 0x114d06580>)",East,"[((15, 3), <game.Grid object at 0x114d06eb0>), ((13, 3), <game.Grid object at 0x114d06f20>)]",77,77,471,19,27,46
472,"((16, 4), <game.Grid object at 0x114d06b30>)","((16, 3), <game.Grid object at 0x114d06660>)",North,"[((16, 5), <game.Grid object at 0x114d06f90>), ((16, 3), <game.Grid object at 0x114d07000>)]",77,77,472,22,24,46
473,"((18, 5), <game.Grid object at 0x114d06c10>)","((17, 5), <game.Grid object at 0x114d067b0>)",East,"[((18, 4), <game.Grid object at 0x114d07070>), ((17, 5), <game.Grid object at 0x114d070e0>)]",77,77,473,25,21,46
474,"((13, 5), <game.Grid object at 0x114d06cf0>)","((12, 5), <game.Grid object at 0x114d06820>)",East,"[((13, 4), <game.Grid object at 0x114d07150>), ((14, 5), <game.Grid object at 0x114d071c0>), ((12, 5), <game.Grid object at 0x114d07230>)]",77,79,474,16,30,46
475,"((16, 4), <game.Grid object at 0x114d06dd0>)","((16, 3), <game.Grid object at 0x114d06900>)",North,"[((16, 5), <game.Grid object at 0x114d072a0>), ((16, 3), <game.Grid object at 0x114d07310>)]",79,79,475,22,24,46
476,"((15, 3), <game.Grid object at 0x114d06eb0>)","((14, 3), <game.Grid object at 0x114d06a50>)",East,"[((16, 3), <game.Grid object at 0x114d07380>), ((14, 3), <game.Grid object at 0x114d073f0>)]",79,79,476,20,26,46
477,"((16, 5), <game.Grid object at 0x114d06f90>)","((16, 4), <game.Grid object at 0x114d06b30>)",North,"[((16, 4), <game.Grid object at 0x114d07460>), ((17, 5), <game.Grid object at 0x114d074d0>)]",79,79,477,23,23,46
478,"((13, 4), <game.Grid object at 0x114d07150>)","((13, 5), <game.Grid object at 0x114d06cf0>)",South,"[((13, 5), <game.Grid object at 0x114d07540>), ((13, 3), <game.Grid object at 0x114d075b0>)]",79,79,478,17,29,46
479,"((16, 5), <game.Grid object at 0x114d072a0>)","((16, 4), <game.Grid object at 0x114d06dd0>)",North,"[((16, 4), <game.Grid object at 0x114d07620>), ((17, 5), <game.Grid object at 0x114d07690>)]",79,79,479,23,23,46
480,"((16, 3), <game.Grid object at 0x114d07380>)","((15, 3), <game.Grid object at 0x114d06eb0>)",East,"[((16, 4), <game.Grid object at 0x114d07700>), ((15, 3), <game.Grid object at 0x114d07770>)]",79,79,480,21,25,46
481,"((17, 5), <game.Grid object at 0x114d074d0>)","((16, 5), <game.Grid object at 0x114d06f90>)",East,"[((18, 5), <game.Grid object at 0x114d077e0>), ((16, 5), <game.Grid object at 0x114d07850>)]",79,79,481,24,22,46
482,"((13, 3), <game.Grid object at 0x114d075b0>)","((13, 4), <game.Grid object at 0x114d07150>)",South,"[((13, 4), <game.Grid object at 0x114d078c0>), ((14, 3), <game.Grid object at 0x114d07930>), ((12, 3), <game.Grid object at 0x114d079a0>)]",79,80,482,18,28,46
483,"((17, 5), <game.Grid object at 0x114d07690>)","((16, 5), <game.Grid object at 0x114d072a0>)",East,"[((18, 5), <game.Grid object at 0x114d07a10>), ((16, 5), <game.Grid object at 0x114d07a80>)]",80,80,483,24,22,46
484,"((16, 4), <game.Grid object at 0x114d07700>)","((16, 3), <game.Grid object at 0x114d07380>)",North,"[((16, 5), <game.Grid object at 0x114d07af0>), ((16, 3), <game.Grid object at 0x114d07b60>)]",80,80,484,22,24,46
485,"((18, 5), <game.Grid object at 0x114d077e0>)","((17, 5), <game.Grid object at 0x114d074d0>)",East,"[((18, 4), <game.Grid object at 0x114d07bd0>), ((17, 5), <game.Grid object at 0x114d07c40>)]",80,80,485,25,21,46
486,"((14, 3), <game.Grid object at 0x114d07930>)","((13, 3), <game.Grid object at 0x114d075b0>)",East,"[((15, 3), <game.Grid object at 0x114d07cb0>), ((13, 3), <game.Grid object at 0x114d07d20>)]",80,80,486,19,27,46
487,"((18, 5), <game.Grid object at 0x114d07a10>)","((17, 5), <game.Grid object at 0x114d07690>)",East,"[((18, 4), <game.Grid object at 0x114d07d90>), ((17, 5), <game.Grid object at 0x114d07e00>)]",80,80,487,25,21,46
488,"((16, 5), <game.Grid object at 0x114d07af0>)","((16, 4), <game.Grid object at 0x114d07700>)",North,"[((16, 4), <game.Grid object at 0x114d07e70>), ((17, 5), <game.Grid object at 0x114d07ee0>)]",80,80,488,23,23,46
489,"((15, 3), <game.Grid object at 0x114d07cb0>)","((14, 3), <game.Grid object at 0x114d07930>)",East,"[((16, 3), <game.Grid object at 0x114d07f50>), ((14, 3), <game.Grid object at 0x11570c050>)]",80,80,489,20,26,46
490,"((17, 5), <game.Grid object at 0x114d07ee0>)","((16, 5), <game.Grid object at 0x114d07af0>)",East,"[((18, 5), <game.Grid object at 0x11570c0c0>), ((16, 5), <game.Grid object at 0x11570c130>)]",80,80,490,24,22,46
491,"((16, 3), <game.Grid object at 0x114d07f50>)","((15, 3), <game.Grid object at 0x114d07cb0>)",East,"[((16, 4), <game.Grid object at 0x11570c1a0>), ((15, 3), <game.Grid object at 0x11570c210>)]",80,80,491,21,25,46
492,"((18, 5), <game.Grid object at 0x11570c0c0>)","((17, 5), <game.Grid object at 0x114d07ee0>)",East,"[((18, 4), <game.Grid object at 0x11570c280>), ((17, 5), <game.Grid object at 0x11570c2f0>)]",80,80,492,25,21,46
493,"((16, 4), <game.Grid object at 0x11570c1a0>)","((16, 3), <game.Grid object at 0x114d07f50>)",North,"[((16, 5), <game.Grid object at 0x11570c360>), ((16, 3), <game.Grid object at 0x11570c3d0>)]",80,80,493,22,24,46
494,"((16, 5), <game.Grid object at 0x11570c360>)","((16, 4), <game.Grid object at 0x11570c1a0>)",North,"[((16, 4), <game.Grid object at 0x11570c440>), ((17, 5), <game.Grid object at 0x11570c4b0>)]",80,80,494,23,23,46
495,"((17, 5), <game.Grid object at 0x11570c4b0>)","((16, 5), <game.Grid object at 0x11570c360>)",East,"[((18, 5), <game.Grid object at 0x11570c520>), ((16, 5), <game.Grid object at 0x11570c590>)]",80,80,495,24,22,46
496,"((18, 5), <game.Grid object at 0x11570c520>)","((17, 5), <game.Grid object at 0x11570c4b0>)",East,"[((18, 4), <game.Grid object at 0x11570c600>), ((17, 5), <game.Grid object at 0x11570c670>)]",80,80,496,25,21,46
497,"((3, 5), <game.Grid object at 0x114c94600>)","((4, 5), <game.Grid object at 0x114bb2200>)",West,"[((4, 5), <game.Grid object at 0x11570c6e0>), ((2, 5), <game.Grid object at 0x11570c750>)]",80,80,497,8,40,48
498,"((3, 5), <game.Grid object at 0x114c94750>)","((4, 5), <game.Grid object at 0x114bb22e0>)",West,"[((4, 5), <game.Grid object at 0x11570c830>), ((2, 5), <game.Grid object at 0x11570c7c0>)]",80,80,498,8,40,48
499,"((1, 3), <game.Grid object at 0x114c94830>)","((2, 3), <game.Grid object at 0x114bb23c0>)",West,"[((1, 4), <game.Grid object at 0x11570c8a0>), ((2, 3), <game.Grid object at 0x11570c910>)]",80,80,499,8,40,48
500,"((4, 5), <game.Grid object at 0x114c948a0>)","((5, 5), <game.Grid object at 0x114bb2430>)",West,"[((4, 4), <game.Grid object at 0x11570cad0>), ((5, 5), <game.Grid object at 0x11570ca60>), ((3, 5), <game.Grid object at 0x11570c9f0>)]",80,80,500,9,39,48
501,"((7, 5), <game.Grid object at 0x114c949f0>)","((8, 5), <game.Grid object at 0x114bb2580>)",West,"[((7, 4), <game.Grid object at 0x11570c980>), ((8, 5), <game.Grid object at 0x11570cb40>), ((6, 5), <game.Grid object at 0x11570cbb0>)]",80,81,501,12,36,48
502,"((14, 1), <game.Grid object at 0x114c94ad0>)","((15, 1), <game.Grid object at 0x114bb2660>)",West,"[((15, 1), <game.Grid object at 0x11570cd00>), ((13, 1), <game.Grid object at 0x11570cd70>)]",81,81,502,19,29,48
503,"((5, 5), <game.Grid object at 0x114c94c20>)","((6, 5), <game.Grid object at 0x114bb26d0>)",West,"[((6, 5), <game.Grid object at 0x11570cde0>), ((4, 5), <game.Grid object at 0x11570ce50>)]",81,81,503,10,38,48
504,"((4, 4), <game.Grid object at 0x114c94b40>)","((4, 3), <game.Grid object at 0x114bb2890>)",North,"[((4, 5), <game.Grid object at 0x11570cec0>), ((4, 3), <game.Grid object at 0x11570cf30>)]",81,82,504,10,38,48
505,"((3, 3), <game.Grid object at 0x114c94d00>)","((4, 3), <game.Grid object at 0x114bb2890>)",West,"[((4, 3), <game.Grid object at 0x11570cfa0>), ((2, 3), <game.Grid object at 0x11570d010>)]",82,82,505,10,38,48
506,"((8, 5), <game.Grid object at 0x114c94de0>)","((9, 5), <game.Grid object at 0x114bb29e0>)",West,"[((9, 5), <game.Grid object at 0x11570d080>), ((7, 5), <game.Grid object at 0x11570d0f0>)]",82,82,506,13,35,48
507,"((7, 4), <game.Grid object at 0x114c94ec0>)","((7, 3), <game.Grid object at 0x114bb2ac0>)",North,"[((7, 5), <game.Grid object at 0x11570d1d0>), ((7, 3), <game.Grid object at 0x11570d240>)]",82,83,507,13,35,48
508,"((6, 3), <game.Grid object at 0x114c94fa0>)","((7, 3), <game.Grid object at 0x114bb2ac0>)",West,"[((7, 3), <game.Grid object at 0x11570d390>), ((5, 3), <game.Grid object at 0x11570d400>)]",83,83,508,13,35,48
509,"((8, 5), <game.Grid object at 0x114c95160>)","((9, 5), <game.Grid object at 0x114bb2c10>)",West,"[((9, 5), <game.Grid object at 0x11570d4e0>), ((7, 5), <game.Grid object at 0x11570d550>)]",83,83,509,13,35,48
510,"((15, 1), <game.Grid object at 0x114c952b0>)","((16, 1), <game.Grid object at 0x114bb2cf0>)",West,"[((16, 1), <game.Grid object at 0x11570d630>), ((14, 1), <game.Grid object at 0x11570d6a0>)]",83,83,510,20,28,48
511,"((15, 1), <game.Grid object at 0x114c95390>)","((16, 1), <game.Grid object at 0x114bb2dd0>)",West,"[((16, 1), <game.Grid object at 0x11570d710>), ((14, 1), <game.Grid object at 0x11570d780>)]",83,83,511,20,28,48
512,"((7, 3), <game.Grid object at 0x114c95470>)","((8, 3), <game.Grid object at 0x114bb2eb0>)",West,"[((7, 4), <game.Grid object at 0x11570d7f0>), ((8, 3), <game.Grid object at 0x11570d860>), ((6, 3), <game.Grid object at 0x11570d8d0>)]",83,84,512,14,34,48
513,"((7, 3), <game.Grid object at 0x114c955c0>)","((8, 3), <game.Grid object at 0x114bb3000>)",West,"[((7, 4), <game.Grid object at 0x11570d940>), ((8, 3), <game.Grid object at 0x11570d9b0>), ((6, 3), <game.Grid object at 0x11570da20>)]",84,84,513,14,34,48
514,"((7, 5), <game.Grid object at 0x114c95710>)","((8, 5), <game.Grid object at 0x114bb3150>)",West,"[((7, 4), <game.Grid object at 0x11570da90>), ((8, 5), <game.Grid object at 0x11570db00>), ((6, 5), <game.Grid object at 0x11570db70>)]",84,85,514,12,36,48
515,"((7, 3), <game.Grid object at 0x114c957f0>)","((8, 3), <game.Grid object at 0x114bb3230>)",West,"[((7, 4), <game.Grid object at 0x11570dcc0>), ((8, 3), <game.Grid object at 0x11570dd30>), ((6, 3), <game.Grid object at 0x11570dda0>)]",85,86,515,14,34,48
516,"((16, 1), <game.Grid object at 0x114c95940>)","((17, 1), <game.Grid object at 0x114bb3380>)",West,"[((17, 1), <game.Grid object at 0x11570de10>), ((15, 1), <game.Grid object at 0x11570de80>)]",86,86,516,21,27,48
517,"((16, 1), <game.Grid object at 0x114c95a20>)","((17, 1), <game.Grid object at 0x114bb3460>)",West,"[((17, 1), <game.Grid object at 0x11570def0>), ((15, 1), <game.Grid object at 0x11570df60>)]",86,86,517,21,27,48
518,"((16, 1), <game.Grid object at 0x114c95b00>)","((17, 1), <game.Grid object at 0x114bb3540>)",West,"[((17, 1), <game.Grid object at 0x11570dfd0>), ((15, 1), <game.Grid object at 0x11570e040>)]",86,86,518,21,27,48
519,"((4, 5), <game.Grid object at 0x114c95b70>)","((4, 4), <game.Grid object at 0x114bb35b0>)",North,"[((4, 4), <game.Grid object at 0x11570e0b0>), ((5, 5), <game.Grid object at 0x11570e120>), ((3, 5), <game.Grid object at 0x11570e190>)]",86,87,519,9,39,48
520,"((2, 3), <game.Grid object at 0x114c95cc0>)","((3, 3), <game.Grid object at 0x114bb3690>)",West,"[((3, 3), <game.Grid object at 0x11570e200>), ((1, 3), <game.Grid object at 0x11570e270>)]",87,87,520,9,39,48
521,"((8, 5), <game.Grid object at 0x114c95da0>)","((9, 5), <game.Grid object at 0x114bb37e0>)",West,"[((9, 5), <game.Grid object at 0x11570e2e0>), ((7, 5), <game.Grid object at 0x11570e350>)]",87,87,521,13,35,48
522,"((8, 5), <game.Grid object at 0x114c95ef0>)","((9, 5), <game.Grid object at 0x114bb3930>)",West,"[((9, 5), <game.Grid object at 0x11570e430>), ((7, 5), <game.Grid object at 0x11570e4a0>)]",87,87,522,13,35,48
523,"((9, 5), <game.Grid object at 0x114c960b0>)","((10, 5), <game.Grid object at 0x114bb3a10>)",West,"[((10, 5), <game.Grid object at 0x11570e580>), ((8, 5), <game.Grid object at 0x11570e5f0>)]",87,87,523,14,34,48
524,"((8, 3), <game.Grid object at 0x114c96200>)","((9, 3), <game.Grid object at 0x114bb3bd0>)",West,"[((9, 3), <game.Grid object at 0x11570e660>), ((7, 3), <game.Grid object at 0x11570e6d0>)]",87,87,524,15,33,48
525,"((8, 3), <game.Grid object at 0x114c962e0>)","((9, 3), <game.Grid object at 0x114bb3d90>)",West,"[((9, 3), <game.Grid object at 0x11570e740>), ((7, 3), <game.Grid object at 0x11570e7b0>)]",87,87,525,15,33,48
526,"((10, 5), <game.Grid object at 0x114c963c0>)","((11, 5), <game.Grid object at 0x114c200c0>)",West,"[((10, 4), <game.Grid object at 0x11570e820>), ((11, 5), <game.Grid object at 0x11570e890>), ((9, 5), <game.Grid object at 0x11570e900>)]",87,87,526,15,33,48
527,"((17, 1), <game.Grid object at 0x114c964a0>)","((18, 1), <game.Grid object at 0x114c20210>)",West,"[((18, 1), <game.Grid object at 0x11570e970>), ((16, 1), <game.Grid object at 0x11570e9e0>)]",87,87,527,22,26,48
528,"((17, 1), <game.Grid object at 0x114c96580>)","((18, 1), <game.Grid object at 0x114c202f0>)",West,"[((18, 1), <game.Grid object at 0x11570ea50>), ((16, 1), <game.Grid object at 0x11570eac0>)]",87,87,528,22,26,48
529,"((17, 1), <game.Grid object at 0x114c96660>)","((18, 1), <game.Grid object at 0x114c203d0>)",West,"[((18, 1), <game.Grid object at 0x11570eb30>), ((16, 1), <game.Grid object at 0x11570eba0>)]",87,87,529,22,26,48
530,"((10, 4), <game.Grid object at 0x114c966d0>)","((10, 3), <game.Grid object at 0x114c204b0>)",North,"[((10, 5), <game.Grid object at 0x11570ec10>), ((10, 3), <game.Grid object at 0x11570ec80>)]",87,87,530,16,32,48
531,"((9, 3), <game.Grid object at 0x114c967b0>)","((10, 3), <game.Grid object at 0x114c204b0>)",West,"[((10, 3), <game.Grid object at 0x11570ecf0>), ((8, 3), <game.Grid object at 0x11570ed60>)]",87,87,531,16,32,48
532,"((11, 5), <game.Grid object at 0x114c96900>)","((12, 5), <game.Grid object at 0x114c20600>)",West,"[((12, 5), <game.Grid object at 0x11570edd0>), ((10, 5), <game.Grid object at 0x11570ee40>)]",87,87,532,16,32,48
533,"((9, 5), <game.Grid object at 0x114c96a50>)","((10, 5), <game.Grid object at 0x114c206e0>)",West,"[((10, 5), <game.Grid object at 0x11570eeb0>), ((8, 5), <game.Grid object at 0x11570ef20>)]",87,87,533,14,34,48
534,"((10, 4), <game.Grid object at 0x114c96ba0>)","((10, 3), <game.Grid object at 0x114c20830>)",North,"[((10, 5), <game.Grid object at 0x11570ef90>), ((10, 3), <game.Grid object at 0x11570f000>)]",87,86,534,16,32,48
535,"((9, 3), <game.Grid object at 0x114c96c80>)","((10, 3), <game.Grid object at 0x114c20830>)",West,"[((10, 3), <game.Grid object at 0x11570f070>), ((8, 3), <game.Grid object at 0x11570f0e0>)]",86,86,535,16,32,48
536,"((18, 1), <game.Grid object at 0x114c96d60>)","((18, 2), <game.Grid object at 0x114c20910>)",South,"[((18, 2), <game.Grid object at 0x11570f150>), ((17, 1), <game.Grid object at 0x11570f1c0>)]",86,86,536,23,25,48
537,"((18, 1), <game.Grid object at 0x114c96e40>)","((18, 2), <game.Grid object at 0x114c209f0>)",South,"[((18, 2), <game.Grid object at 0x11570f230>), ((17, 1), <game.Grid object at 0x11570f2a0>)]",86,86,537,23,25,48
538,"((18, 1), <game.Grid object at 0x114c96f20>)","((18, 2), <game.Grid object at 0x114c20ad0>)",South,"[((18, 2), <game.Grid object at 0x11570f310>), ((17, 1), <game.Grid object at 0x11570f380>)]",86,86,538,23,25,48
539,"((4, 3), <game.Grid object at 0x114c97000>)","((5, 3), <game.Grid object at 0x114c20bb0>)",West,"[((4, 4), <game.Grid object at 0x11570f3f0>), ((5, 3), <game.Grid object at 0x11570f460>), ((3, 3), <game.Grid object at 0x11570f4d0>)]",86,87,539,11,37,48
540,"((10, 3), <game.Grid object at 0x114c970e0>)","((11, 3), <game.Grid object at 0x114c20c90>)",West,"[((10, 4), <game.Grid object at 0x11570f540>), ((11, 3), <game.Grid object at 0x11570f5b0>), ((9, 3), <game.Grid object at 0x11570f620>)]",87,87,540,17,31,48
541,"((10, 5), <game.Grid object at 0x114c971c0>)","((11, 5), <game.Grid object at 0x114c20d70>)",West,"[((10, 4), <game.Grid object at 0x11570f690>), ((11, 5), <game.Grid object at 0x11570f700>), ((9, 5), <game.Grid object at 0x11570f770>)]",87,88,541,15,33,48
542,"((7, 3), <game.Grid object at 0x114c972a0>)","((8, 3), <game.Grid object at 0x114c20ec0>)",West,"[((7, 4), <game.Grid object at 0x11570f7e0>), ((8, 3), <game.Grid object at 0x11570f850>), ((6, 3), <game.Grid object at 0x11570f8c0>)]",88,88,542,14,34,48
543,"((11, 5), <game.Grid object at 0x114c973f0>)","((12, 5), <game.Grid object at 0x114c21080>)",West,"[((12, 5), <game.Grid object at 0x11570f930>), ((10, 5), <game.Grid object at 0x11570f9a0>)]",88,88,543,16,32,48
544,"((10, 5), <game.Grid object at 0x114c974d0>)","((11, 5), <game.Grid object at 0x114c21240>)",West,"[((10, 4), <game.Grid object at 0x11570fa10>), ((11, 5), <game.Grid object at 0x11570fa80>), ((9, 5), <game.Grid object at 0x11570faf0>)]",88,88,544,15,33,48
545,"((10, 3), <game.Grid object at 0x114c975b0>)","((11, 3), <game.Grid object at 0x114c21390>)",West,"[((10, 4), <game.Grid object at 0x11570fb60>), ((11, 3), <game.Grid object at 0x11570fbd0>), ((9, 3), <game.Grid object at 0x11570fc40>)]",88,89,545,17,31,48
546,"((10, 3), <game.Grid object at 0x114c97690>)","((11, 3), <game.Grid object at 0x114c21470>)",West,"[((10, 4), <game.Grid object at 0x11570fcb0>), ((11, 3), <game.Grid object at 0x11570fd20>), ((9, 3), <game.Grid object at 0x11570fd90>)]",89,89,546,17,31,48
547,"((18, 2), <game.Grid object at 0x114c97770>)","((18, 3), <game.Grid object at 0x114c21550>)",South,"[((18, 3), <game.Grid object at 0x11570fe00>), ((18, 1), <game.Grid object at 0x11570fe70>)]",89,89,547,24,24,48
548,"((18, 2), <game.Grid object at 0x114c97850>)","((18, 3), <game.Grid object at 0x114c21630>)",South,"[((18, 3), <game.Grid object at 0x11570fee0>), ((18, 1), <game.Grid object at 0x11570ff50>)]",89,89,548,24,24,48
549,"((18, 2), <game.Grid object at 0x114c97930>)","((18, 3), <game.Grid object at 0x114c21710>)",South,"[((18, 3), <game.Grid object at 0x11577c050>), ((18, 1), <game.Grid object at 0x11577c0c0>)]",89,89,549,24,24,48
550,"((18, 2), <game.Grid object at 0x114c97a10>)","((18, 3), <game.Grid object at 0x114c217f0>)",South,"[((18, 3), <game.Grid object at 0x11577c130>), ((18, 1), <game.Grid object at 0x11577c1a0>)]",89,89,550,24,24,48
551,"((2, 3), <game.Grid object at 0x114c97af0>)","((3, 3), <game.Grid object at 0x114c21940>)",West,"[((3, 3), <game.Grid object at 0x11577c210>), ((1, 3), <game.Grid object at 0x11577c280>)]",89,89,551,9,39,48
552,"((11, 5), <game.Grid object at 0x114c97bd0>)","((12, 5), <game.Grid object at 0x114c21ef0>)",West,"[((12, 5), <game.Grid object at 0x11577c2f0>), ((10, 5), <game.Grid object at 0x11577c360>)]",89,89,552,16,32,48
553,"((8, 3), <game.Grid object at 0x114c97cb0>)","((9, 3), <game.Grid object at 0x114c22200>)",West,"[((9, 3), <game.Grid object at 0x11577c3d0>), ((7, 3), <game.Grid object at 0x11577c440>)]",89,89,553,15,33,48
554,"((12, 5), <game.Grid object at 0x114c97e00>)","((13, 5), <game.Grid object at 0x114c22350>)",West,"[((13, 5), <game.Grid object at 0x11577c4b0>), ((11, 5), <game.Grid object at 0x11577c520>)]",89,89,554,17,31,48
555,"((11, 3), <game.Grid object at 0x114c97ee0>)","((12, 3), <game.Grid object at 0x114c226d0>)",West,"[((12, 3), <game.Grid object at 0x11577c590>), ((10, 3), <game.Grid object at 0x11577c600>)]",89,89,555,18,30,48
556,"((7, 5), <game.Grid object at 0x114c97f50>)","((7, 4), <game.Grid object at 0x114c22740>)",North,"[((7, 4), <game.Grid object at 0x11577c670>), ((8, 5), <game.Grid object at 0x11577c6e0>), ((6, 5), <game.Grid object at 0x11577c750>)]",89,90,556,12,36,48
557,"((10, 5), <game.Grid object at 0x114d040c0>)","((10, 4), <game.Grid object at 0x114c23070>)",North,"[((10, 4), <game.Grid object at 0x11577c8a0>), ((11, 5), <game.Grid object at 0x11577c910>), ((9, 5), <game.Grid object at 0x11577c980>)]",90,91,557,15,33,48
558,"((13, 5), <game.Grid object at 0x114d041a0>)","((13, 4), <game.Grid object at 0x114c239a0>)",North,"[((13, 4), <game.Grid object at 0x11577c9f0>), ((14, 5), <game.Grid object at 0x11577ca60>), ((12, 5), <game.Grid object at 0x11577cad0>)]",91,92,558,18,30,48
559,"((18, 3), <game.Grid object at 0x114d042f0>)","((18, 4), <game.Grid object at 0x114c23bd0>)",South,"[((18, 4), <game.Grid object at 0x11577cb40>), ((18, 2), <game.Grid object at 0x11577cbb0>)]",92,92,559,25,23,48
560,"((18, 3), <game.Grid object at 0x114d043d0>)","((18, 4), <game.Grid object at 0x114c23f50>)",South,"[((18, 4), <game.Grid object at 0x11577cc20>), ((18, 2), <game.Grid object at 0x11577cc90>)]",92,92,560,25,23,48
561,"((18, 3), <game.Grid object at 0x114d044b0>)","((18, 4), <game.Grid object at 0x114c94440>)",South,"[((18, 4), <game.Grid object at 0x11577cd00>), ((18, 2), <game.Grid object at 0x11577cd70>)]",92,92,561,25,23,48
562,"((3, 3), <game.Grid object at 0x114d046e0>)","((4, 3), <game.Grid object at 0x114c95be0>)",West,"[((4, 3), <game.Grid object at 0x11577cde0>), ((2, 3), <game.Grid object at 0x11577ce50>)]",92,92,562,10,38,48
563,"((9, 3), <game.Grid object at 0x114d04b40>)","((10, 3), <game.Grid object at 0x114d04130>)",West,"[((10, 3), <game.Grid object at 0x11577cec0>), ((8, 3), <game.Grid object at 0x11577cf30>)]",92,92,563,16,32,48
564,"((12, 3), <game.Grid object at 0x114d04c90>)","((13, 3), <game.Grid object at 0x114d04210>)",West,"[((13, 3), <game.Grid object at 0x11577cfa0>), ((11, 3), <game.Grid object at 0x11577d010>)]",92,92,564,19,29,48
565,"((9, 3), <game.Grid object at 0x114d04f30>)","((10, 3), <game.Grid object at 0x114d047c0>)",West,"[((10, 3), <game.Grid object at 0x11577d080>), ((8, 3), <game.Grid object at 0x11577d0f0>)]",92,92,565,16,32,48
566,"((10, 4), <game.Grid object at 0x114d05a20>)","((10, 3), <game.Grid object at 0x114d055c0>)",North,"[((10, 5), <game.Grid object at 0x11577d160>), ((10, 3), <game.Grid object at 0x11577d1d0>)]",92,93,566,16,32,48
567,"((13, 4), <game.Grid object at 0x114d05b70>)","((13, 3), <game.Grid object at 0x114d056a0>)",North,"[((13, 5), <game.Grid object at 0x11577d240>), ((13, 3), <game.Grid object at 0x11577d2b0>)]",93,94,567,19,29,48
568,"((13, 4), <game.Grid object at 0x114d069e0>)","((13, 3), <game.Grid object at 0x114d06580>)",North,"[((13, 5), <game.Grid object at 0x11577d320>), ((13, 3), <game.Grid object at 0x11577d390>)]",94,95,568,19,29,48
569,"((18, 4), <game.Grid object at 0x114d07070>)","((18, 5), <game.Grid object at 0x114d06c10>)",South,"[((18, 5), <game.Grid object at 0x11577d400>), ((18, 3), <game.Grid object at 0x11577d470>)]",95,95,569,26,22,48
570,"((14, 5), <game.Grid object at 0x114d071c0>)","((13, 5), <game.Grid object at 0x114d06cf0>)",East,"[((13, 5), <game.Grid object at 0x11577d4e0>)]",95,95,570,17,31,48
571,"((12, 5), <game.Grid object at 0x114d07230>)","((13, 5), <game.Grid object at 0x114d06cf0>)",West,"[((13, 5), <game.Grid object at 0x11577d550>), ((11, 5), <game.Grid object at 0x11577d5c0>)]",95,95,571,17,31,48
572,"((12, 3), <game.Grid object at 0x114d079a0>)","((13, 3), <game.Grid object at 0x114d075b0>)",West,"[((13, 3), <game.Grid object at 0x11577d630>), ((11, 3), <game.Grid object at 0x11577d6a0>)]",95,95,572,19,29,48
573,"((18, 4), <game.Grid object at 0x114d07bd0>)","((18, 5), <game.Grid object at 0x114d077e0>)",South,"[((18, 5), <game.Grid object at 0x11577d710>), ((18, 3), <game.Grid object at 0x11577d780>)]",95,95,573,26,22,48
574,"((18, 4), <game.Grid object at 0x114d07d90>)","((18, 5), <game.Grid object at 0x114d07a10>)",South,"[((18, 5), <game.Grid object at 0x11577d7f0>), ((18, 3), <game.Grid object at 0x11577d860>)]",95,95,574,26,22,48
575,"((18, 4), <game.Grid object at 0x11570c280>)","((18, 5), <game.Grid object at 0x11570c0c0>)",South,"[((18, 5), <game.Grid object at 0x11577d8d0>), ((18, 3), <game.Grid object at 0x11577d940>)]",95,95,575,26,22,48
576,"((18, 4), <game.Grid object at 0x11570c600>)","((18, 5), <game.Grid object at 0x11570c520>)",South,"[((18, 5), <game.Grid object at 0x11577d9b0>), ((18, 3), <game.Grid object at 0x11577da20>)]",95,95,576,26,22,48
577,"((7, 4), <game.Grid object at 0x11570c980>)","((7, 5), <game.Grid object at 0x114c949f0>)",South,"[((7, 5), <game.Grid object at 0x11577da90>), ((7, 3), <game.Grid object at 0x11577db00>)]",95,96,577,13,35,48
578,"((4, 3), <game.Grid object at 0x11570cf30>)","((4, 4), <game.Grid object at 0x114c94b40>)",South,"[((4, 4), <game.Grid object at 0x11577dc50>), ((5, 3), <game.Grid object at 0x11577dcc0>), ((3, 3), <game.Grid object at 0x11577dd30>)]",96,97,578,11,37,48
579,"((7, 3), <game.Grid object at 0x11570d240>)","((7, 4), <game.Grid object at 0x114c94ec0>)",South,"[((7, 4), <game.Grid object at 0x11577dda0>), ((8, 3), <game.Grid object at 0x11577de10>), ((6, 3), <game.Grid object at 0x11577de80>)]",97,97,579,14,34,48
580,"((7, 4), <game.Grid object at 0x11570da90>)","((7, 5), <game.Grid object at 0x114c95710>)",South,"[((7, 5), <game.Grid object at 0x11577def0>), ((7, 3), <game.Grid object at 0x11577df60>)]",97,98,580,13,35,48
581,"((5, 5), <game.Grid object at 0x11570e120>)","((4, 5), <game.Grid object at 0x114c95b70>)",East,"[((6, 5), <game.Grid object at 0x11577e0b0>), ((4, 5), <game.Grid object at 0x11577e120>)]",98,97,581,10,38,48
582,"((8, 3), <game.Grid object at 0x11577de10>)","((7, 3), <game.Grid object at 0x11570d240>)",East,"[((9, 3), <game.Grid object at 0x11577c830>), ((7, 3), <game.Grid object at 0x11577e190>)]",97,96,582,15,33,48
583,"((10, 4), <game.Grid object at 0x11570f690>)","((10, 5), <game.Grid object at 0x114c971c0>)",South,"[((10, 5), <game.Grid object at 0x11577e200>), ((10, 3), <game.Grid object at 0x11577e270>)]",96,96,583,16,32,48
584,"((8, 5), <game.Grid object at 0x11577c6e0>)","((7, 5), <game.Grid object at 0x114c97f50>)",East,"[((9, 5), <game.Grid object at 0x11577e2e0>), ((7, 5), <game.Grid object at 0x11577e350>)]",96,96,584,13,35,48
585,"((6, 5), <game.Grid object at 0x11577e0b0>)","((5, 5), <game.Grid object at 0x11570e120>)",East,"[((7, 5), <game.Grid object at 0x11577e430>), ((5, 5), <game.Grid object at 0x11577e4a0>)]",96,95,585,11,37,48
586,"((11, 5), <game.Grid object at 0x11577c910>)","((10, 5), <game.Grid object at 0x114d040c0>)",East,"[((12, 5), <game.Grid object at 0x11577e510>), ((10, 5), <game.Grid object at 0x11577e580>)]",95,95,586,16,32,48
587,"((10, 3), <game.Grid object at 0x11577d1d0>)","((10, 4), <game.Grid object at 0x114d05a20>)",South,"[((10, 4), <game.Grid object at 0x11577e5f0>), ((11, 3), <game.Grid object at 0x11577e660>), ((9, 3), <game.Grid object at 0x11577e6d0>)]",95,96,587,17,31,48
588,"((13, 3), <game.Grid object at 0x11577d2b0>)","((13, 4), <game.Grid object at 0x114d05b70>)",South,"[((13, 4), <game.Grid object at 0x11577e740>), ((14, 3), <game.Grid object at 0x11577e7b0>), ((12, 3), <game.Grid object at 0x11577e820>)]",96,97,588,20,28,48
589,"((13, 3), <game.Grid object at 0x11577d390>)","((13, 4), <game.Grid object at 0x114d069e0>)",South,"[((13, 4), <game.Grid object at 0x11577e890>), ((14, 3), <game.Grid object at 0x11577e900>), ((12, 3), <game.Grid object at 0x11577e970>)]",97,98,589,20,28,48
590,"((13, 5), <game.Grid object at 0x11577d4e0>)","((14, 5), <game.Grid object at 0x114d071c0>)",West,"[((13, 4), <game.Grid object at 0x11577e9e0>), ((14, 5), <game.Grid object at 0x11577ea50>), ((12, 5), <game.Grid object at 0x11577eac0>)]",98,99,590,18,30,48
591,"((7, 3), <game.Grid object at 0x11577db00>)","((7, 4), <game.Grid object at 0x11570c980>)",South,"[((7, 4), <game.Grid object at 0x11577eb30>), ((8, 3), <game.Grid object at 0x11577eba0>), ((6, 3), <game.Grid object at 0x11577ec10>)]",99,99,591,14,34,48
592,"((8, 3), <game.Grid object at 0x11577eba0>)","((7, 3), <game.Grid object at 0x11577db00>)",East,"[((9, 3), <game.Grid object at 0x11577ec80>), ((7, 3), <game.Grid object at 0x11577ecf0>)]",99,98,592,15,33,48
593,"((5, 3), <game.Grid object at 0x11577dcc0>)","((4, 3), <game.Grid object at 0x11570cf30>)",East,"[((6, 3), <game.Grid object at 0x11577ed60>), ((4, 3), <game.Grid object at 0x11577edd0>)]",98,98,593,12,36,48
594,"((7, 3), <game.Grid object at 0x11577df60>)","((7, 4), <game.Grid object at 0x11570da90>)",South,"[((7, 4), <game.Grid object at 0x11577eeb0>), ((8, 3), <game.Grid object at 0x11577ef20>), ((6, 3), <game.Grid object at 0x11577ef90>)]",98,98,594,14,34,48
595,"((8, 3), <game.Grid object at 0x11577ef20>)","((7, 3), <game.Grid object at 0x11577df60>)",East,"[((9, 3), <game.Grid object at 0x11577f000>), ((7, 3), <game.Grid object at 0x11577f070>)]",98,97,595,15,33,48
596,"((10, 3), <game.Grid object at 0x11577e270>)","((10, 4), <game.Grid object at 0x11570f690>)",South,"[((10, 4), <game.Grid object at 0x11577f0e0>), ((11, 3), <game.Grid object at 0x11577f150>), ((9, 3), <game.Grid object at 0x11577f1c0>)]",97,98,596,17,31,48
597,"((9, 5), <game.Grid object at 0x11577e2e0>)","((8, 5), <game.Grid object at 0x11577c6e0>)",East,"[((10, 5), <game.Grid object at 0x11577f230>), ((8, 5), <game.Grid object at 0x11577f2a0>)]",98,98,597,14,34,48
598,"((12, 5), <game.Grid object at 0x11577e510>)","((11, 5), <game.Grid object at 0x11577c910>)",East,"[((13, 5), <game.Grid object at 0x11577f310>), ((11, 5), <game.Grid object at 0x11577f380>)]",98,98,598,17,31,48
599,"((11, 3), <game.Grid object at 0x11577e660>)","((10, 3), <game.Grid object at 0x11577d1d0>)",East,"[((12, 3), <game.Grid object at 0x11577f3f0>), ((10, 3), <game.Grid object at 0x11577f460>)]",98,98,599,18,30,48
600,"((14, 3), <game.Grid object at 0x11577e7b0>)","((13, 3), <game.Grid object at 0x11577d2b0>)",East,"[((15, 3), <game.Grid object at 0x11577f4d0>), ((13, 3), <game.Grid object at 0x11577f540>)]",98,98,600,21,27,48
601,"((14, 3), <game.Grid object at 0x11577e900>)","((13, 3), <game.Grid object at 0x11577d390>)",East,"[((15, 3), <game.Grid object at 0x11577f5b0>), ((13, 3), <game.Grid object at 0x11577f620>)]",98,98,601,21,27,48
602,"((13, 4), <game.Grid object at 0x11577e9e0>)","((13, 5), <game.Grid object at 0x11577d4e0>)",South,"[((13, 5), <game.Grid object at 0x11577f690>), ((13, 3), <game.Grid object at 0x11577f700>)]",98,99,602,19,29,48
603,"((6, 3), <game.Grid object at 0x11577ed60>)","((5, 3), <game.Grid object at 0x11577dcc0>)",East,"[((7, 3), <game.Grid object at 0x11577f770>), ((5, 3), <game.Grid object at 0x11577f7e0>)]",99,99,603,13,35,48
604,"((11, 3), <game.Grid object at 0x11577f150>)","((10, 3), <game.Grid object at 0x11577e270>)",East,"[((12, 3), <game.Grid object at 0x11577f8c0>), ((10, 3), <game.Grid object at 0x11577f930>)]",99,99,604,18,30,48
605,"((10, 5), <game.Grid object at 0x11577f230>)","((9, 5), <game.Grid object at 0x11577e2e0>)",East,"[((10, 4), <game.Grid object at 0x11577f9a0>), ((11, 5), <game.Grid object at 0x11577fa10>), ((9, 5), <game.Grid object at 0x11577fa80>)]",99,99,605,15,33,48
606,"((13, 5), <game.Grid object at 0x11577f310>)","((12, 5), <game.Grid object at 0x11577e510>)",East,"[((13, 4), <game.Grid object at 0x11577faf0>), ((14, 5), <game.Grid object at 0x11577fb60>), ((12, 5), <game.Grid object at 0x11577fbd0>)]",99,101,606,18,30,48
607,"((12, 3), <game.Grid object at 0x11577f3f0>)","((11, 3), <game.Grid object at 0x11577e660>)",East,"[((13, 3), <game.Grid object at 0x11577fc40>), ((11, 3), <game.Grid object at 0x11577fcb0>)]",101,101,607,19,29,48
608,"((15, 3), <game.Grid object at 0x11577f4d0>)","((14, 3), <game.Grid object at 0x11577e7b0>)",East,"[((16, 3), <game.Grid object at 0x11577fd20>), ((14, 3), <game.Grid object at 0x11577fd90>)]",101,101,608,22,26,48
609,"((15, 3), <game.Grid object at 0x11577f5b0>)","((14, 3), <game.Grid object at 0x11577e900>)",East,"[((16, 3), <game.Grid object at 0x11577fe00>), ((14, 3), <game.Grid object at 0x11577fe70>)]",101,101,609,22,26,48
610,"((13, 3), <game.Grid object at 0x11577f700>)","((13, 4), <game.Grid object at 0x11577e9e0>)",South,"[((13, 4), <game.Grid object at 0x11577fee0>), ((14, 3), <game.Grid object at 0x11577ff50>), ((12, 3), <game.Grid object at 0x11684c050>)]",101,102,610,20,28,48
611,"((7, 3), <game.Grid object at 0x11577f770>)","((6, 3), <game.Grid object at 0x11577ed60>)",East,"[((7, 4), <game.Grid object at 0x11684c0c0>), ((8, 3), <game.Grid object at 0x11684c130>), ((6, 3), <game.Grid object at 0x11684c1a0>)]",102,102,611,14,34,48
612,"((8, 3), <game.Grid object at 0x11684c130>)","((7, 3), <game.Grid object at 0x11577f770>)",East,"[((9, 3), <game.Grid object at 0x11684c210>), ((7, 3), <game.Grid object at 0x11684c280>)]",102,101,612,15,33,48
613,"((12, 3), <game.Grid object at 0x11577f8c0>)","((11, 3), <game.Grid object at 0x11577f150>)",East,"[((13, 3), <game.Grid object at 0x11684c2f0>), ((11, 3), <game.Grid object at 0x11684c360>)]",101,101,613,19,29,48
614,"((11, 5), <game.Grid object at 0x11577fa10>)","((10, 5), <game.Grid object at 0x11577f230>)",East,"[((12, 5), <game.Grid object at 0x11684c3d0>), ((10, 5), <game.Grid object at 0x11684c440>)]",101,101,614,16,32,48
615,"((13, 4), <game.Grid object at 0x11577faf0>)","((13, 5), <game.Grid object at 0x11577f310>)",South,"[((13, 5), <game.Grid object at 0x11684c4b0>), ((13, 3), <game.Grid object at 0x11684c520>)]",101,101,615,19,29,48
616,"((13, 3), <game.Grid object at 0x11577fc40>)","((12, 3), <game.Grid object at 0x11577f3f0>)",East,"[((13, 4), <game.Grid object at 0x11684c590>), ((14, 3), <game.Grid object at 0x11684c600>), ((12, 3), <game.Grid object at 0x11684c670>)]",101,102,616,20,28,48
617,"((16, 3), <game.Grid object at 0x11577fd20>)","((15, 3), <game.Grid object at 0x11577f4d0>)",East,"[((16, 4), <game.Grid object at 0x11684c6e0>), ((15, 3), <game.Grid object at 0x11684c750>)]",102,102,617,23,25,48
618,"((16, 3), <game.Grid object at 0x11577fe00>)","((15, 3), <game.Grid object at 0x11577f5b0>)",East,"[((16, 4), <game.Grid object at 0x11684c7c0>), ((15, 3), <game.Grid object at 0x11684c830>)]",102,102,618,23,25,48
619,"((14, 3), <game.Grid object at 0x11577ff50>)","((13, 3), <game.Grid object at 0x11577f700>)",East,"[((15, 3), <game.Grid object at 0x11684c8a0>), ((13, 3), <game.Grid object at 0x11684c910>)]",102,102,619,21,27,48
620,"((13, 3), <game.Grid object at 0x11684c2f0>)","((12, 3), <game.Grid object at 0x11577f8c0>)",East,"[((13, 4), <game.Grid object at 0x11684c980>), ((14, 3), <game.Grid object at 0x11684c9f0>), ((12, 3), <game.Grid object at 0x11684ca60>)]",102,102,620,20,28,48
621,"((12, 5), <game.Grid object at 0x11684c3d0>)","((11, 5), <game.Grid object at 0x11577fa10>)",East,"[((13, 5), <game.Grid object at 0x11684cad0>), ((11, 5), <game.Grid object at 0x11684cb40>)]",102,102,621,17,31,48
622,"((13, 3), <game.Grid object at 0x11684c520>)","((13, 4), <game.Grid object at 0x11577faf0>)",South,"[((13, 4), <game.Grid object at 0x11684cbb0>), ((14, 3), <game.Grid object at 0x11684cc20>), ((12, 3), <game.Grid object at 0x11684cc90>)]",102,103,622,20,28,48
623,"((14, 3), <game.Grid object at 0x11684c600>)","((13, 3), <game.Grid object at 0x11577fc40>)",East,"[((15, 3), <game.Grid object at 0x11684cd00>), ((13, 3), <game.Grid object at 0x11684cd70>)]",103,103,623,21,27,48
624,"((16, 4), <game.Grid object at 0x11684c6e0>)","((16, 3), <game.Grid object at 0x11577fd20>)",North,"[((16, 5), <game.Grid object at 0x11684cde0>), ((16, 3), <game.Grid object at 0x11684ce50>)]",103,103,624,24,24,48
625,"((16, 4), <game.Grid object at 0x11684c7c0>)","((16, 3), <game.Grid object at 0x11577fe00>)",North,"[((16, 5), <game.Grid object at 0x11684cec0>), ((16, 3), <game.Grid object at 0x11684cf30>)]",103,103,625,24,24,48
626,"((15, 3), <game.Grid object at 0x11684c8a0>)","((14, 3), <game.Grid object at 0x11577ff50>)",East,"[((16, 3), <game.Grid object at 0x11684cfa0>), ((14, 3), <game.Grid object at 0x11684d010>)]",103,103,626,22,26,48
627,"((14, 3), <game.Grid object at 0x11684c9f0>)","((13, 3), <game.Grid object at 0x11684c2f0>)",East,"[((15, 3), <game.Grid object at 0x11684d080>), ((13, 3), <game.Grid object at 0x11684d0f0>)]",103,103,627,21,27,48
628,"((13, 5), <game.Grid object at 0x11684cad0>)","((12, 5), <game.Grid object at 0x11684c3d0>)",East,"[((13, 4), <game.Grid object at 0x11684d160>), ((14, 5), <game.Grid object at 0x11684d1d0>), ((12, 5), <game.Grid object at 0x11684d240>)]",103,105,628,18,30,48
629,"((14, 3), <game.Grid object at 0x11684cc20>)","((13, 3), <game.Grid object at 0x11684c520>)",East,"[((15, 3), <game.Grid object at 0x11684d2b0>), ((13, 3), <game.Grid object at 0x11684d320>)]",105,105,629,21,27,48
630,"((15, 3), <game.Grid object at 0x11684cd00>)","((14, 3), <game.Grid object at 0x11684c600>)",East,"[((16, 3), <game.Grid object at 0x11684d390>), ((14, 3), <game.Grid object at 0x11684d400>)]",105,105,630,22,26,48
631,"((16, 5), <game.Grid object at 0x11684cde0>)","((16, 4), <game.Grid object at 0x11684c6e0>)",North,"[((16, 4), <game.Grid object at 0x11684d470>), ((17, 5), <game.Grid object at 0x11684d4e0>)]",105,105,631,25,23,48
632,"((16, 5), <game.Grid object at 0x11684cec0>)","((16, 4), <game.Grid object at 0x11684c7c0>)",North,"[((16, 4), <game.Grid object at 0x11684d550>), ((17, 5), <game.Grid object at 0x11684d5c0>)]",105,105,632,25,23,48
633,"((16, 3), <game.Grid object at 0x11684cfa0>)","((15, 3), <game.Grid object at 0x11684c8a0>)",East,"[((16, 4), <game.Grid object at 0x11684d630>), ((15, 3), <game.Grid object at 0x11684d6a0>)]",105,105,633,23,25,48
634,"((15, 3), <game.Grid object at 0x11684d080>)","((14, 3), <game.Grid object at 0x11684c9f0>)",East,"[((16, 3), <game.Grid object at 0x11684d710>), ((14, 3), <game.Grid object at 0x11684d780>)]",105,105,634,22,26,48
635,"((13, 4), <game.Grid object at 0x11684d160>)","((13, 5), <game.Grid object at 0x11684cad0>)",South,"[((13, 5), <game.Grid object at 0x11684d7f0>), ((13, 3), <game.Grid object at 0x11684d860>)]",105,105,635,19,29,48
636,"((15, 3), <game.Grid object at 0x11684d2b0>)","((14, 3), <game.Grid object at 0x11684cc20>)",East,"[((16, 3), <game.Grid object at 0x11684d8d0>), ((14, 3), <game.Grid object at 0x11684d940>)]",105,105,636,22,26,48
637,"((16, 3), <game.Grid object at 0x11684d390>)","((15, 3), <game.Grid object at 0x11684cd00>)",East,"[((16, 4), <game.Grid object at 0x11684d9b0>), ((15, 3), <game.Grid object at 0x11684da20>)]",105,105,637,23,25,48
638,"((17, 5), <game.Grid object at 0x11684d4e0>)","((16, 5), <game.Grid object at 0x11684cde0>)",East,"[((18, 5), <game.Grid object at 0x11684da90>), ((16, 5), <game.Grid object at 0x11684db00>)]",105,105,638,26,22,48
639,"((17, 5), <game.Grid object at 0x11684d5c0>)","((16, 5), <game.Grid object at 0x11684cec0>)",East,"[((18, 5), <game.Grid object at 0x11684db70>), ((16, 5), <game.Grid object at 0x11684dbe0>)]",105,105,639,26,22,48
640,"((16, 4), <game.Grid object at 0x11684d630>)","((16, 3), <game.Grid object at 0x11684cfa0>)",North,"[((16, 5), <game.Grid object at 0x11684dc50>), ((16, 3), <game.Grid object at 0x11684dcc0>)]",105,105,640,24,24,48
641,"((16, 3), <game.Grid object at 0x11684d710>)","((15, 3), <game.Grid object at 0x11684d080>)",East,"[((16, 4), <game.Grid object at 0x11684dd30>), ((15, 3), <game.Grid object at 0x11684dda0>)]",105,105,641,23,25,48
642,"((13, 3), <game.Grid object at 0x11684d860>)","((13, 4), <game.Grid object at 0x11684d160>)",South,"[((13, 4), <game.Grid object at 0x11684de10>), ((14, 3), <game.Grid object at 0x11684de80>), ((12, 3), <game.Grid object at 0x11684def0>)]",105,106,642,20,28,48
643,"((16, 3), <game.Grid object at 0x11684d8d0>)","((15, 3), <game.Grid object at 0x11684d2b0>)",East,"[((16, 4), <game.Grid object at 0x11684df60>), ((15, 3), <game.Grid object at 0x11684dfd0>)]",106,106,643,23,25,48
644,"((16, 4), <game.Grid object at 0x11684d9b0>)","((16, 3), <game.Grid object at 0x11684d390>)",North,"[((16, 5), <game.Grid object at 0x11684e040>), ((16, 3), <game.Grid object at 0x11684e0b0>)]",106,106,644,24,24,48
645,"((18, 5), <game.Grid object at 0x11684da90>)","((17, 5), <game.Grid object at 0x11684d4e0>)",East,"[((18, 4), <game.Grid object at 0x11684e120>), ((17, 5), <game.Grid object at 0x11684e190>)]",106,106,645,27,21,48
646,"((18, 5), <game.Grid object at 0x11684db70>)","((17, 5), <game.Grid object at 0x11684d5c0>)",East,"[((18, 4), <game.Grid object at 0x11684e200>), ((17, 5), <game.Grid object at 0x11684e270>)]",106,106,646,27,21,48
647,"((16, 5), <game.Grid object at 0x11684dc50>)","((16, 4), <game.Grid object at 0x11684d630>)",North,"[((16, 4), <game.Grid object at 0x11684e2e0>), ((17, 5), <game.Grid object at 0x11684e350>)]",106,106,647,25,23,48
648,"((16, 4), <game.Grid object at 0x11684dd30>)","((16, 3), <game.Grid object at 0x11684d710>)",North,"[((16, 5), <game.Grid object at 0x11684e3c0>), ((16, 3), <game.Grid object at 0x11684e430>)]",106,106,648,24,24,48
649,"((14, 3), <game.Grid object at 0x11684de80>)","((13, 3), <game.Grid object at 0x11684d860>)",East,"[((15, 3), <game.Grid object at 0x11684e4a0>), ((13, 3), <game.Grid object at 0x11684e510>)]",106,106,649,21,27,48
650,"((16, 4), <game.Grid object at 0x11684df60>)","((16, 3), <game.Grid object at 0x11684d8d0>)",North,"[((16, 5), <game.Grid object at 0x11684e580>), ((16, 3), <game.Grid object at 0x11684e5f0>)]",106,106,650,24,24,48
651,"((16, 5), <game.Grid object at 0x11684e040>)","((16, 4), <game.Grid object at 0x11684d9b0>)",North,"[((16, 4), <game.Grid object at 0x11684e660>), ((17, 5), <game.Grid object at 0x11684e6d0>)]",106,106,651,25,23,48
652,"((17, 5), <game.Grid object at 0x11684e350>)","((16, 5), <game.Grid object at 0x11684dc50>)",East,"[((18, 5), <game.Grid object at 0x11684e740>), ((16, 5), <game.Grid object at 0x11684e7b0>)]",106,106,652,26,22,48
653,"((16, 5), <game.Grid object at 0x11684e3c0>)","((16, 4), <game.Grid object at 0x11684dd30>)",North,"[((16, 4), <game.Grid object at 0x11684e820>), ((17, 5), <game.Grid object at 0x11684e890>)]",106,106,653,25,23,48
654,"((15, 3), <game.Grid object at 0x11684e4a0>)","((14, 3), <game.Grid object at 0x11684de80>)",East,"[((16, 3), <game.Grid object at 0x11684e900>), ((14, 3), <game.Grid object at 0x11684e970>)]",106,106,654,22,26,48
655,"((16, 5), <game.Grid object at 0x11684e580>)","((16, 4), <game.Grid object at 0x11684df60>)",North,"[((16, 4), <game.Grid object at 0x11684e9e0>), ((17, 5), <game.Grid object at 0x11684ea50>)]",106,106,655,25,23,48
656,"((17, 5), <game.Grid object at 0x11684e6d0>)","((16, 5), <game.Grid object at 0x11684e040>)",East,"[((18, 5), <game.Grid object at 0x11684eac0>), ((16, 5), <game.Grid object at 0x11684eb30>)]",106,106,656,26,22,48
657,"((18, 5), <game.Grid object at 0x11684e740>)","((17, 5), <game.Grid object at 0x11684e350>)",East,"[((18, 4), <game.Grid object at 0x11684eba0>), ((17, 5), <game.Grid object at 0x11684ec10>)]",106,106,657,27,21,48
658,"((17, 5), <game.Grid object at 0x11684e890>)","((16, 5), <game.Grid object at 0x11684e3c0>)",East,"[((18, 5), <game.Grid object at 0x11684ec80>), ((16, 5), <game.Grid object at 0x11684ecf0>)]",106,106,658,26,22,48
659,"((16, 3), <game.Grid object at 0x11684e900>)","((15, 3), <game.Grid object at 0x11684e4a0>)",East,"[((16, 4), <game.Grid object at 0x11684ed60>), ((15, 3), <game.Grid object at 0x11684edd0>)]",106,106,659,23,25,48
660,"((17, 5), <game.Grid object at 0x11684ea50>)","((16, 5), <game.Grid object at 0x11684e580>)",East,"[((18, 5), <game.Grid object at 0x11684ee40>), ((16, 5), <game.Grid object at 0x11684eeb0>)]",106,106,660,26,22,48
661,"((18, 5), <game.Grid object at 0x11684eac0>)","((17, 5), <game.Grid object at 0x11684e6d0>)",East,"[((18, 4), <game.Grid object at 0x11684ef20>), ((17, 5), <game.Grid object at 0x11684ef90>)]",106,106,661,27,21,48
662,"((18, 5), <game.Grid object at 0x11684ec80>)","((17, 5), <game.Grid object at 0x11684e890>)",East,"[((18, 4), <game.Grid object at 0x11684f000>), ((17, 5), <game.Grid object at 0x11684f070>)]",106,106,662,27,21,48
663,"((16, 4), <game.Grid object at 0x11684ed60>)","((16, 3), <game.Grid object at 0x11684e900>)",North,"[((16, 5), <game.Grid object at 0x11684f0e0>), ((16, 3), <game.Grid object at 0x11684f150>)]",106,106,663,24,24,48
664,"((18, 5), <game.Grid object at 0x11684ee40>)","((17, 5), <game.Grid object at 0x11684ea50>)",East,"[((18, 4), <game.Grid object at 0x11684f1c0>), ((17, 5), <game.Grid object at 0x11684f230>)]",106,106,664,27,21,48
665,"((16, 5), <game.Grid object at 0x11684f0e0>)","((16, 4), <game.Grid object at 0x11684ed60>)",North,"[((16, 4), <game.Grid object at 0x11684f2a0>), ((17, 5), <game.Grid object at 0x11684f310>)]",106,106,665,25,23,48
666,"((17, 5), <game.Grid object at 0x11684f310>)","((16, 5), <game.Grid object at 0x11684f0e0>)",East,"[((18, 5), <game.Grid object at 0x11684f380>), ((16, 5), <game.Grid object at 0x11684f3f0>)]",106,106,666,26,22,48
667,"((18, 5), <game.Grid object at 0x11684f380>)","((17, 5), <game.Grid object at 0x11684f310>)",East,"[((18, 4), <game.Grid object at 0x11684f460>), ((17, 5), <game.Grid object at 0x11684f4d0>)]",106,106,667,27,21,48
668,"((2, 5), <game.Grid object at 0x11570c750>)","((3, 5), <game.Grid object at 0x114c94600>)",West,"[((3, 5), <game.Grid object at 0x11684f540>), ((1, 5), <game.Grid object at 0x11684f5b0>)]",106,106,668,9,41,50
669,"((2, 5), <game.Grid object at 0x11570c7c0>)","((3, 5), <game.Grid object at 0x114c94750>)",West,"[((3, 5), <game.Grid object at 0x11684f690>), ((1, 5), <game.Grid object at 0x11684f770>)]",106,106,669,9,41,50
670,"((1, 4), <game.Grid object at 0x11570c8a0>)","((1, 3), <game.Grid object at 0x114c94830>)",North,"[((1, 5), <game.Grid object at 0x11684f620>), ((1, 3), <game.Grid object at 0x11684f700>)]",106,107,670,9,41,50
671,"((3, 5), <game.Grid object at 0x11570c9f0>)","((4, 5), <game.Grid object at 0x114c948a0>)",West,"[((4, 5), <game.Grid object at 0x11684f7e0>), ((2, 5), <game.Grid object at 0x11684f850>)]",107,107,671,10,40,50
672,"((6, 5), <game.Grid object at 0x11570cbb0>)","((7, 5), <game.Grid object at 0x114c949f0>)",West,"[((7, 5), <game.Grid object at 0x11684f8c0>), ((5, 5), <game.Grid object at 0x11684f930>)]",107,107,672,13,37,50
673,"((13, 1), <game.Grid object at 0x11570cd70>)","((14, 1), <game.Grid object at 0x114c94ad0>)",West,"[((14, 1), <game.Grid object at 0x11684fa10>), ((12, 1), <game.Grid object at 0x11684fa80>)]",107,107,673,20,30,50
674,"((4, 5), <game.Grid object at 0x11570ce50>)","((5, 5), <game.Grid object at 0x114c94c20>)",West,"[((4, 4), <game.Grid object at 0x11684faf0>), ((5, 5), <game.Grid object at 0x11684fb60>), ((3, 5), <game.Grid object at 0x11684fbd0>)]",107,107,674,11,39,50
675,"((4, 5), <game.Grid object at 0x11570cec0>)","((4, 4), <game.Grid object at 0x114c94b40>)",North,"[((4, 4), <game.Grid object at 0x11684fc40>), ((5, 5), <game.Grid object at 0x11684fcb0>), ((3, 5), <game.Grid object at 0x11684fd20>)]",107,108,675,11,39,50
676,"((2, 3), <game.Grid object at 0x11570d010>)","((3, 3), <game.Grid object at 0x114c94d00>)",West,"[((3, 3), <game.Grid object at 0x11684fd90>), ((1, 3), <game.Grid object at 0x11684fe00>)]",108,108,676,11,39,50
677,"((7, 5), <game.Grid object at 0x11570d0f0>)","((8, 5), <game.Grid object at 0x114c94de0>)",West,"[((7, 4), <game.Grid object at 0x11684fe70>), ((8, 5), <game.Grid object at 0x11684fee0>), ((6, 5), <game.Grid object at 0x11684ff50>)]",108,108,677,14,36,50
678,"((7, 5), <game.Grid object at 0x11570d1d0>)","((7, 4), <game.Grid object at 0x114c94ec0>)",North,"[((7, 4), <game.Grid object at 0x1168c4050>), ((8, 5), <game.Grid object at 0x1168c40c0>), ((6, 5), <game.Grid object at 0x1168c4130>)]",108,109,678,14,36,50
679,"((5, 3), <game.Grid object at 0x11570d400>)","((6, 3), <game.Grid object at 0x114c94fa0>)",West,"[((6, 3), <game.Grid object at 0x1168c41a0>), ((4, 3), <game.Grid object at 0x1168c4210>)]",109,109,679,14,36,50
680,"((7, 5), <game.Grid object at 0x11570d550>)","((8, 5), <game.Grid object at 0x114c95160>)",West,"[((7, 4), <game.Grid object at 0x1168c4280>), ((8, 5), <game.Grid object at 0x1168c42f0>), ((6, 5), <game.Grid object at 0x1168c4360>)]",109,109,680,14,36,50
681,"((14, 1), <game.Grid object at 0x11570d6a0>)","((15, 1), <game.Grid object at 0x114c952b0>)",West,"[((15, 1), <game.Grid object at 0x1168c43d0>), ((13, 1), <game.Grid object at 0x1168c4440>)]",109,109,681,21,29,50
682,"((14, 1), <game.Grid object at 0x11570d780>)","((15, 1), <game.Grid object at 0x114c95390>)",West,"[((15, 1), <game.Grid object at 0x1168c44b0>), ((13, 1), <game.Grid object at 0x1168c4520>)]",109,109,682,21,29,50
683,"((7, 4), <game.Grid object at 0x11570d7f0>)","((7, 3), <game.Grid object at 0x114c95470>)",North,"[((7, 5), <game.Grid object at 0x1168c4590>), ((7, 3), <game.Grid object at 0x1168c4600>)]",109,110,683,15,35,50
684,"((6, 3), <game.Grid object at 0x11570d8d0>)","((7, 3), <game.Grid object at 0x114c95470>)",West,"[((7, 3), <game.Grid object at 0x1168c4670>), ((5, 3), <game.Grid object at 0x1168c46e0>)]",110,110,684,15,35,50
685,"((6, 3), <game.Grid object at 0x11570da20>)","((7, 3), <game.Grid object at 0x114c955c0>)",West,"[((7, 3), <game.Grid object at 0x1168c4750>), ((5, 3), <game.Grid object at 0x1168c47c0>)]",110,110,685,15,35,50
686,"((6, 5), <game.Grid object at 0x11570db70>)","((7, 5), <game.Grid object at 0x114c95710>)",West,"[((7, 5), <game.Grid object at 0x1168c4830>), ((5, 5), <game.Grid object at 0x1168c48a0>)]",110,110,686,13,37,50
687,"((7, 4), <game.Grid object at 0x11570dcc0>)","((7, 3), <game.Grid object at 0x114c957f0>)",North,"[((7, 5), <game.Grid object at 0x1168c4980>), ((7, 3), <game.Grid object at 0x1168c49f0>)]",110,111,687,15,35,50
688,"((6, 3), <game.Grid object at 0x11570dda0>)","((7, 3), <game.Grid object at 0x114c957f0>)",West,"[((7, 3), <game.Grid object at 0x1168c4a60>), ((5, 3), <game.Grid object at 0x1168c4ad0>)]",111,111,688,15,35,50
689,"((15, 1), <game.Grid object at 0x11570de80>)","((16, 1), <game.Grid object at 0x114c95940>)",West,"[((16, 1), <game.Grid object at 0x1168c4b40>), ((14, 1), <game.Grid object at 0x1168c4bb0>)]",111,111,689,22,28,50
690,"((15, 1), <game.Grid object at 0x11570df60>)","((16, 1), <game.Grid object at 0x114c95a20>)",West,"[((16, 1), <game.Grid object at 0x1168c4c20>), ((14, 1), <game.Grid object at 0x1168c4c90>)]",111,111,690,22,28,50
691,"((15, 1), <game.Grid object at 0x11570e040>)","((16, 1), <game.Grid object at 0x114c95b00>)",West,"[((16, 1), <game.Grid object at 0x1168c4d00>), ((14, 1), <game.Grid object at 0x1168c4d70>)]",111,111,691,22,28,50
692,"((3, 5), <game.Grid object at 0x11570e190>)","((4, 5), <game.Grid object at 0x114c95b70>)",West,"[((4, 5), <game.Grid object at 0x1168c4de0>), ((2, 5), <game.Grid object at 0x1168c4e50>)]",111,111,692,10,40,50
693,"((1, 3), <game.Grid object at 0x11570e270>)","((2, 3), <game.Grid object at 0x114c95cc0>)",West,"[((1, 4), <game.Grid object at 0x1168c4ec0>), ((2, 3), <game.Grid object at 0x1168c4f30>)]",111,111,693,10,40,50
694,"((7, 5), <game.Grid object at 0x11570e350>)","((8, 5), <game.Grid object at 0x114c95da0>)",West,"[((7, 4), <game.Grid object at 0x1168c4fa0>), ((8, 5), <game.Grid object at 0x1168c5010>), ((6, 5), <game.Grid object at 0x1168c5080>)]",111,112,694,14,36,50
695,"((7, 5), <game.Grid object at 0x11570e4a0>)","((8, 5), <game.Grid object at 0x114c95ef0>)",West,"[((7, 4), <game.Grid object at 0x1168c50f0>), ((8, 5), <game.Grid object at 0x1168c5160>), ((6, 5), <game.Grid object at 0x1168c51d0>)]",112,113,695,14,36,50
696,"((8, 5), <game.Grid object at 0x11570e5f0>)","((9, 5), <game.Grid object at 0x114c960b0>)",West,"[((9, 5), <game.Grid object at 0x1168c5240>), ((7, 5), <game.Grid object at 0x1168c52b0>)]",113,113,696,15,35,50
697,"((7, 3), <game.Grid object at 0x11570e6d0>)","((8, 3), <game.Grid object at 0x114c96200>)",West,"[((7, 4), <game.Grid object at 0x1168c5320>), ((8, 3), <game.Grid object at 0x1168c5390>), ((6, 3), <game.Grid object at 0x1168c5400>)]",113,113,697,16,34,50
698,"((7, 3), <game.Grid object at 0x11570e7b0>)","((8, 3), <game.Grid object at 0x114c962e0>)",West,"[((7, 4), <game.Grid object at 0x1168c5470>), ((8, 3), <game.Grid object at 0x1168c54e0>), ((6, 3), <game.Grid object at 0x1168c5550>)]",113,114,698,16,34,50
699,"((9, 5), <game.Grid object at 0x11570e900>)","((10, 5), <game.Grid object at 0x114c963c0>)",West,"[((10, 5), <game.Grid object at 0x1168c55c0>), ((8, 5), <game.Grid object at 0x1168c5630>)]",114,114,699,16,34,50
700,"((16, 1), <game.Grid object at 0x11570e9e0>)","((17, 1), <game.Grid object at 0x114c964a0>)",West,"[((17, 1), <game.Grid object at 0x1168c56a0>), ((15, 1), <game.Grid object at 0x1168c5710>)]",114,114,700,23,27,50
701,"((16, 1), <game.Grid object at 0x11570eac0>)","((17, 1), <game.Grid object at 0x114c96580>)",West,"[((17, 1), <game.Grid object at 0x1168c5780>), ((15, 1), <game.Grid object at 0x1168c57f0>)]",114,114,701,23,27,50
702,"((16, 1), <game.Grid object at 0x11570eba0>)","((17, 1), <game.Grid object at 0x114c96660>)",West,"[((17, 1), <game.Grid object at 0x1168c5860>), ((15, 1), <game.Grid object at 0x1168c58d0>)]",114,114,702,23,27,50
703,"((10, 5), <game.Grid object at 0x11570ec10>)","((10, 4), <game.Grid object at 0x114c966d0>)",North,"[((10, 4), <game.Grid object at 0x1168c5940>), ((11, 5), <game.Grid object at 0x1168c59b0>), ((9, 5), <game.Grid object at 0x1168c5a20>)]",114,115,703,17,33,50
704,"((10, 5), <game.Grid object at 0x11570ee40>)","((11, 5), <game.Grid object at 0x114c96900>)",West,"[((10, 4), <game.Grid object at 0x1168c5a90>), ((11, 5), <game.Grid object at 0x1168c5b00>), ((9, 5), <game.Grid object at 0x1168c5b70>)]",115,115,704,17,33,50
705,"((8, 5), <game.Grid object at 0x11570ef20>)","((9, 5), <game.Grid object at 0x114c96a50>)",West,"[((9, 5), <game.Grid object at 0x1168c5be0>), ((7, 5), <game.Grid object at 0x1168c5c50>)]",115,115,705,15,35,50
706,"((17, 1), <game.Grid object at 0x11570f1c0>)","((18, 1), <game.Grid object at 0x114c96d60>)",West,"[((18, 1), <game.Grid object at 0x1168c5cc0>), ((16, 1), <game.Grid object at 0x1168c5d30>)]",115,115,706,24,26,50
707,"((17, 1), <game.Grid object at 0x11570f2a0>)","((18, 1), <game.Grid object at 0x114c96e40>)",West,"[((18, 1), <game.Grid object at 0x1168c5da0>), ((16, 1), <game.Grid object at 0x1168c5e10>)]",115,115,707,24,26,50
708,"((17, 1), <game.Grid object at 0x11570f380>)","((18, 1), <game.Grid object at 0x114c96f20>)",West,"[((18, 1), <game.Grid object at 0x1168c5e80>), ((16, 1), <game.Grid object at 0x1168c5ef0>)]",115,115,708,24,26,50
709,"((4, 4), <game.Grid object at 0x11570f3f0>)","((4, 3), <game.Grid object at 0x114c97000>)",North,"[((4, 5), <game.Grid object at 0x1168c5f60>), ((4, 3), <game.Grid object at 0x1168c5fd0>)]",115,116,709,12,38,50
710,"((3, 3), <game.Grid object at 0x11570f4d0>)","((4, 3), <game.Grid object at 0x114c97000>)",West,"[((4, 3), <game.Grid object at 0x1168c6120>), ((2, 3), <game.Grid object at 0x1168c6190>)]",116,116,710,12,38,50
711,"((9, 3), <game.Grid object at 0x11570f620>)","((10, 3), <game.Grid object at 0x114c970e0>)",West,"[((10, 3), <game.Grid object at 0x1168c6270>), ((8, 3), <game.Grid object at 0x1168c62e0>)]",116,116,711,18,32,50
712,"((9, 5), <game.Grid object at 0x11570f770>)","((10, 5), <game.Grid object at 0x114c971c0>)",West,"[((10, 5), <game.Grid object at 0x1168c6350>), ((8, 5), <game.Grid object at 0x1168c63c0>)]",116,116,712,16,34,50
713,"((6, 3), <game.Grid object at 0x11570f8c0>)","((7, 3), <game.Grid object at 0x114c972a0>)",West,"[((7, 3), <game.Grid object at 0x1168c6430>), ((5, 3), <game.Grid object at 0x1168c64a0>)]",116,116,713,15,35,50
714,"((10, 5), <game.Grid object at 0x11570f9a0>)","((11, 5), <game.Grid object at 0x114c973f0>)",West,"[((10, 4), <game.Grid object at 0x1168c6510>), ((11, 5), <game.Grid object at 0x1168c6580>), ((9, 5), <game.Grid object at 0x1168c65f0>)]",116,116,714,17,33,50
715,"((9, 5), <game.Grid object at 0x11570faf0>)","((10, 5), <game.Grid object at 0x114c974d0>)",West,"[((10, 5), <game.Grid object at 0x1168c6660>), ((8, 5), <game.Grid object at 0x1168c66d0>)]",116,116,715,16,34,50
716,"((10, 4), <game.Grid object at 0x11570fb60>)","((10, 3), <game.Grid object at 0x114c975b0>)",North,"[((10, 5), <game.Grid object at 0x1168c6740>), ((10, 3), <game.Grid object at 0x1168c67b0>)]",116,116,716,18,32,50
717,"((9, 3), <game.Grid object at 0x11570fc40>)","((10, 3), <game.Grid object at 0x114c975b0>)",West,"[((10, 3), <game.Grid object at 0x1168c6820>), ((8, 3), <game.Grid object at 0x1168c6890>)]",116,116,717,18,32,50
718,"((9, 3), <game.Grid object at 0x11570fd90>)","((10, 3), <game.Grid object at 0x114c97690>)",West,"[((10, 3), <game.Grid object at 0x1168c6900>), ((8, 3), <game.Grid object at 0x1168c6970>)]",116,116,718,18,32,50
719,"((18, 1), <game.Grid object at 0x11570fe70>)","((18, 2), <game.Grid object at 0x114c97770>)",South,"[((18, 2), <game.Grid object at 0x1168c69e0>), ((17, 1), <game.Grid object at 0x1168c6a50>)]",116,116,719,25,25,50
720,"((18, 1), <game.Grid object at 0x11570ff50>)","((18, 2), <game.Grid object at 0x114c97850>)",South,"[((18, 2), <game.Grid object at 0x1168c6ac0>), ((17, 1), <game.Grid object at 0x1168c6b30>)]",116,116,720,25,25,50
721,"((18, 1), <game.Grid object at 0x11577c0c0>)","((18, 2), <game.Grid object at 0x114c97930>)",South,"[((18, 2), <game.Grid object at 0x1168c6ba0>), ((17, 1), <game.Grid object at 0x1168c6c10>)]",116,116,721,25,25,50
722,"((18, 1), <game.Grid object at 0x11577c1a0>)","((18, 2), <game.Grid object at 0x114c97a10>)",South,"[((18, 2), <game.Grid object at 0x1168c6c80>), ((17, 1), <game.Grid object at 0x1168c6cf0>)]",116,116,722,25,25,50
723,"((1, 3), <game.Grid object at 0x11577c280>)","((2, 3), <game.Grid object at 0x114c97af0>)",West,"[((1, 4), <game.Grid object at 0x1168c6d60>), ((2, 3), <game.Grid object at 0x1168c6dd0>)]",116,116,723,10,40,50
724,"((10, 5), <game.Grid object at 0x11577c360>)","((11, 5), <game.Grid object at 0x114c97bd0>)",West,"[((10, 4), <game.Grid object at 0x1168c6e40>), ((11, 5), <game.Grid object at 0x1168c6eb0>), ((9, 5), <game.Grid object at 0x1168c6f20>)]",116,116,724,17,33,50
725,"((7, 3), <game.Grid object at 0x11577c440>)","((8, 3), <game.Grid object at 0x114c97cb0>)",West,"[((7, 4), <game.Grid object at 0x1168c6f90>), ((8, 3), <game.Grid object at 0x1168c7000>), ((6, 3), <game.Grid object at 0x1168c7070>)]",116,116,725,16,34,50
726,"((11, 5), <game.Grid object at 0x11577c520>)","((12, 5), <game.Grid object at 0x114c97e00>)",West,"[((12, 5), <game.Grid object at 0x1168c70e0>), ((10, 5), <game.Grid object at 0x1168c7150>)]",116,115,726,18,32,50
727,"((10, 3), <game.Grid object at 0x11577c600>)","((11, 3), <game.Grid object at 0x114c97ee0>)",West,"[((10, 4), <game.Grid object at 0x1168c71c0>), ((11, 3), <game.Grid object at 0x1168c7230>), ((9, 3), <game.Grid object at 0x1168c72a0>)]",115,115,727,19,31,50
728,"((9, 5), <game.Grid object at 0x11577c980>)","((10, 5), <game.Grid object at 0x114d040c0>)",West,"[((10, 5), <game.Grid object at 0x1168c7310>), ((8, 5), <game.Grid object at 0x1168c7380>)]",115,115,728,16,34,50
729,"((14, 5), <game.Grid object at 0x11577ca60>)","((13, 5), <game.Grid object at 0x114d041a0>)",East,"[((13, 5), <game.Grid object at 0x1168c73f0>)]",115,114,729,19,31,50
730,"((12, 5), <game.Grid object at 0x11577cad0>)","((13, 5), <game.Grid object at 0x114d041a0>)",West,"[((13, 5), <game.Grid object at 0x1168c7460>), ((11, 5), <game.Grid object at 0x1168c74d0>)]",114,114,730,19,31,50
731,"((18, 2), <game.Grid object at 0x11577cbb0>)","((18, 3), <game.Grid object at 0x114d042f0>)",South,"[((18, 3), <game.Grid object at 0x1168c7540>), ((18, 1), <game.Grid object at 0x1168c75b0>)]",114,114,731,26,24,50
732,"((18, 2), <game.Grid object at 0x11577cc90>)","((18, 3), <game.Grid object at 0x114d043d0>)",South,"[((18, 3), <game.Grid object at 0x1168c7620>), ((18, 1), <game.Grid object at 0x1168c7690>)]",114,114,732,26,24,50
733,"((18, 2), <game.Grid object at 0x11577cd70>)","((18, 3), <game.Grid object at 0x114d044b0>)",South,"[((18, 3), <game.Grid object at 0x1168c7700>), ((18, 1), <game.Grid object at 0x1168c7770>)]",114,114,733,26,24,50
734,"((2, 3), <game.Grid object at 0x11577ce50>)","((3, 3), <game.Grid object at 0x114d046e0>)",West,"[((3, 3), <game.Grid object at 0x1168c77e0>), ((1, 3), <game.Grid object at 0x1168c7850>)]",114,114,734,11,39,50
735,"((11, 3), <game.Grid object at 0x11577d010>)","((12, 3), <game.Grid object at 0x114d04c90>)",West,"[((12, 3), <game.Grid object at 0x1168c78c0>), ((10, 3), <game.Grid object at 0x1168c7930>)]",114,114,735,20,30,50
736,"((10, 5), <game.Grid object at 0x11577d160>)","((10, 4), <game.Grid object at 0x114d05a20>)",North,"[((10, 4), <game.Grid object at 0x1168c79a0>), ((11, 5), <game.Grid object at 0x1168c7a10>), ((9, 5), <game.Grid object at 0x1168c7a80>)]",114,115,736,17,33,50
737,"((13, 5), <game.Grid object at 0x11577d240>)","((13, 4), <game.Grid object at 0x114d05b70>)",North,"[((13, 4), <game.Grid object at 0x1168c7af0>), ((14, 5), <game.Grid object at 0x1168c7b60>), ((12, 5), <game.Grid object at 0x1168c7bd0>)]",115,116,737,20,30,50
738,"((13, 5), <game.Grid object at 0x11577d320>)","((13, 4), <game.Grid object at 0x114d069e0>)",North,"[((13, 4), <game.Grid object at 0x1168c7c40>), ((14, 5), <game.Grid object at 0x1168c7cb0>), ((12, 5), <game.Grid object at 0x1168c7d20>)]",116,117,738,20,30,50
739,"((18, 3), <game.Grid object at 0x11577d470>)","((18, 4), <game.Grid object at 0x114d07070>)",South,"[((18, 4), <game.Grid object at 0x1168c7d90>), ((18, 2), <game.Grid object at 0x1168c7e00>)]",117,117,739,27,23,50
740,"((11, 5), <game.Grid object at 0x11577d5c0>)","((12, 5), <game.Grid object at 0x114d07230>)",West,"[((12, 5), <game.Grid object at 0x1168c7e70>), ((10, 5), <game.Grid object at 0x1168c7ee0>)]",117,117,740,18,32,50
741,"((11, 3), <game.Grid object at 0x11577d6a0>)","((12, 3), <game.Grid object at 0x114d079a0>)",West,"[((12, 3), <game.Grid object at 0x1168c7f50>), ((10, 3), <game.Grid object at 0x11693c050>)]",117,117,741,20,30,50
742,"((18, 3), <game.Grid object at 0x11577d780>)","((18, 4), <game.Grid object at 0x114d07bd0>)",South,"[((18, 4), <game.Grid object at 0x11693c0c0>), ((18, 2), <game.Grid object at 0x11693c130>)]",117,117,742,27,23,50
743,"((18, 3), <game.Grid object at 0x11577d860>)","((18, 4), <game.Grid object at 0x114d07d90>)",South,"[((18, 4), <game.Grid object at 0x11693c1a0>), ((18, 2), <game.Grid object at 0x11693c210>)]",117,117,743,27,23,50
744,"((18, 3), <game.Grid object at 0x11577d940>)","((18, 4), <game.Grid object at 0x11570c280>)",South,"[((18, 4), <game.Grid object at 0x11693c280>), ((18, 2), <game.Grid object at 0x11693c2f0>)]",117,117,744,27,23,50
745,"((18, 3), <game.Grid object at 0x11577da20>)","((18, 4), <game.Grid object at 0x11570c600>)",South,"[((18, 4), <game.Grid object at 0x11693c360>), ((18, 2), <game.Grid object at 0x11693c3d0>)]",117,117,745,27,23,50
746,"((7, 5), <game.Grid object at 0x11577da90>)","((7, 4), <game.Grid object at 0x11570c980>)",North,"[((7, 4), <game.Grid object at 0x11693c440>), ((8, 5), <game.Grid object at 0x11693c4b0>), ((6, 5), <game.Grid object at 0x11693c520>)]",117,117,746,14,36,50
747,"((3, 3), <game.Grid object at 0x11577dd30>)","((4, 3), <game.Grid object at 0x11570cf30>)",West,"[((4, 3), <game.Grid object at 0x11693c590>), ((2, 3), <game.Grid object at 0x11693c600>)]",117,117,747,12,38,50
748,"((6, 3), <game.Grid object at 0x11577de80>)","((7, 3), <game.Grid object at 0x11570d240>)",West,"[((7, 3), <game.Grid object at 0x11693c6e0>), ((5, 3), <game.Grid object at 0x11693c750>)]",117,117,748,15,35,50
749,"((7, 5), <game.Grid object at 0x11577def0>)","((7, 4), <game.Grid object at 0x11570da90>)",North,"[((7, 4), <game.Grid object at 0x11693c7c0>), ((8, 5), <game.Grid object at 0x11693c830>), ((6, 5), <game.Grid object at 0x11693c8a0>)]",117,117,749,14,36,50
750,"((9, 3), <game.Grid object at 0x11577e6d0>)","((10, 3), <game.Grid object at 0x11577d1d0>)",West,"[((10, 3), <game.Grid object at 0x11693c910>), ((8, 3), <game.Grid object at 0x11693c980>)]",117,117,750,18,32,50
751,"((12, 3), <game.Grid object at 0x11577e820>)","((13, 3), <game.Grid object at 0x11577d2b0>)",West,"[((13, 3), <game.Grid object at 0x11693c9f0>), ((11, 3), <game.Grid object at 0x11693ca60>)]",117,117,751,21,29,50
752,"((12, 3), <game.Grid object at 0x11577e970>)","((13, 3), <game.Grid object at 0x11577d390>)",West,"[((13, 3), <game.Grid object at 0x11693cad0>), ((11, 3), <game.Grid object at 0x11693cb40>)]",117,117,752,21,29,50
753,"((12, 5), <game.Grid object at 0x11577eac0>)","((13, 5), <game.Grid object at 0x11577d4e0>)",West,"[((13, 5), <game.Grid object at 0x11693cbb0>), ((11, 5), <game.Grid object at 0x11693cc20>)]",117,117,753,19,31,50
754,"((6, 3), <game.Grid object at 0x11577ec10>)","((7, 3), <game.Grid object at 0x11577db00>)",West,"[((7, 3), <game.Grid object at 0x11693cc90>), ((5, 3), <game.Grid object at 0x11693cd00>)]",117,117,754,15,35,50
755,"((6, 3), <game.Grid object at 0x11577ef90>)","((7, 3), <game.Grid object at 0x11577df60>)",West,"[((7, 3), <game.Grid object at 0x11693cd70>), ((5, 3), <game.Grid object at 0x11693cde0>)]",117,117,755,15,35,50
756,"((9, 3), <game.Grid object at 0x11577f1c0>)","((10, 3), <game.Grid object at 0x11577e270>)",West,"[((10, 3), <game.Grid object at 0x11693ce50>), ((8, 3), <game.Grid object at 0x11693cec0>)]",117,117,756,18,32,50
757,"((13, 5), <game.Grid object at 0x11577f690>)","((13, 4), <game.Grid object at 0x11577e9e0>)",North,"[((13, 4), <game.Grid object at 0x11693cf30>), ((14, 5), <game.Grid object at 0x11693cfa0>), ((12, 5), <game.Grid object at 0x11693d010>)]",117,117,757,20,30,50
758,"((14, 5), <game.Grid object at 0x11577fb60>)","((13, 5), <game.Grid object at 0x11577f310>)",East,"[((13, 5), <game.Grid object at 0x11693d080>)]",117,117,758,19,31,50
759,"((12, 5), <game.Grid object at 0x11577fbd0>)","((13, 5), <game.Grid object at 0x11577f310>)",West,"[((13, 5), <game.Grid object at 0x11693d0f0>), ((11, 5), <game.Grid object at 0x11693d160>)]",117,117,759,19,31,50
760,"((12, 3), <game.Grid object at 0x11684c050>)","((13, 3), <game.Grid object at 0x11577f700>)",West,"[((13, 3), <game.Grid object at 0x11693d1d0>), ((11, 3), <game.Grid object at 0x11693d240>)]",117,117,760,21,29,50
761,"((7, 4), <game.Grid object at 0x11684c0c0>)","((7, 3), <game.Grid object at 0x11577f770>)",North,"[((7, 5), <game.Grid object at 0x11693d2b0>), ((7, 3), <game.Grid object at 0x11693d320>)]",117,118,761,15,35,50
762,"((13, 4), <game.Grid object at 0x11684c590>)","((13, 3), <game.Grid object at 0x11577fc40>)",North,"[((13, 5), <game.Grid object at 0x11693d390>), ((13, 3), <game.Grid object at 0x11693d400>)]",118,119,762,21,29,50
763,"((12, 3), <game.Grid object at 0x11684cc90>)","((13, 3), <game.Grid object at 0x11684c520>)",West,"[((13, 3), <game.Grid object at 0x11693d470>), ((11, 3), <game.Grid object at 0x11693d4e0>)]",119,119,763,21,29,50
764,"((14, 5), <game.Grid object at 0x11684d1d0>)","((13, 5), <game.Grid object at 0x11684cad0>)",East,"[((13, 5), <game.Grid object at 0x11693d550>)]",119,119,764,19,31,50
765,"((12, 5), <game.Grid object at 0x11684d240>)","((13, 5), <game.Grid object at 0x11684cad0>)",West,"[((13, 5), <game.Grid object at 0x11693d5c0>), ((11, 5), <game.Grid object at 0x11693d630>)]",119,119,765,19,31,50
766,"((12, 3), <game.Grid object at 0x11684def0>)","((13, 3), <game.Grid object at 0x11684d860>)",West,"[((13, 3), <game.Grid object at 0x11693d6a0>), ((11, 3), <game.Grid object at 0x11693d710>)]",119,119,766,21,29,50
767,"((18, 4), <game.Grid object at 0x11684e120>)","((18, 5), <game.Grid object at 0x11684da90>)",South,"[((18, 5), <game.Grid object at 0x11693d780>), ((18, 3), <game.Grid object at 0x11693d7f0>)]",119,119,767,28,22,50
768,"((18, 4), <game.Grid object at 0x11684e200>)","((18, 5), <game.Grid object at 0x11684db70>)",South,"[((18, 5), <game.Grid object at 0x11693d860>), ((18, 3), <game.Grid object at 0x11693d8d0>)]",119,119,768,28,22,50
769,"((18, 4), <game.Grid object at 0x11684eba0>)","((18, 5), <game.Grid object at 0x11684e740>)",South,"[((18, 5), <game.Grid object at 0x11693d940>), ((18, 3), <game.Grid object at 0x11693d9b0>)]",119,119,769,28,22,50
770,"((18, 4), <game.Grid object at 0x11684ef20>)","((18, 5), <game.Grid object at 0x11684eac0>)",South,"[((18, 5), <game.Grid object at 0x11693da20>), ((18, 3), <game.Grid object at 0x11693da90>)]",119,119,770,28,22,50
771,"((18, 4), <game.Grid object at 0x11684f000>)","((18, 5), <game.Grid object at 0x11684ec80>)",South,"[((18, 5), <game.Grid object at 0x11693db00>), ((18, 3), <game.Grid object at 0x11693db70>)]",119,119,771,28,22,50
772,"((18, 4), <game.Grid object at 0x11684f1c0>)","((18, 5), <game.Grid object at 0x11684ee40>)",South,"[((18, 5), <game.Grid object at 0x11693dbe0>), ((18, 3), <game.Grid object at 0x11693dc50>)]",119,119,772,28,22,50
773,"((18, 4), <game.Grid object at 0x11684f460>)","((18, 5), <game.Grid object at 0x11684f380>)",South,"[((18, 5), <game.Grid object at 0x11693dcc0>), ((18, 3), <game.Grid object at 0x11693dd30>)]",119,119,773,28,22,50
774,"((1, 3), <game.Grid object at 0x11684f700>)","((1, 4), <game.Grid object at 0x11570c8a0>)",South,"[((1, 4), <game.Grid object at 0x11693dda0>), ((2, 3), <game.Grid object at 0x11693de10>)]",119,119,774,10,40,50
775,"((5, 5), <game.Grid object at 0x11684fcb0>)","((4, 5), <game.Grid object at 0x11570cec0>)",East,"[((6, 5), <game.Grid object at 0x11693de80>), ((4, 5), <game.Grid object at 0x11693def0>)]",119,119,775,12,38,50
776,"((8, 5), <game.Grid object at 0x1168c40c0>)","((7, 5), <game.Grid object at 0x11570d1d0>)",East,"[((9, 5), <game.Grid object at 0x11693dfd0>), ((7, 5), <game.Grid object at 0x11693e040>)]",119,119,776,15,35,50
777,"((7, 3), <game.Grid object at 0x1168c4600>)","((7, 4), <game.Grid object at 0x11570d7f0>)",South,"[((7, 4), <game.Grid object at 0x11693e0b0>), ((8, 3), <game.Grid object at 0x11693e120>), ((6, 3), <game.Grid object at 0x11693e190>)]",119,119,777,16,34,50
778,"((7, 3), <game.Grid object at 0x1168c49f0>)","((7, 4), <game.Grid object at 0x11570dcc0>)",South,"[((7, 4), <game.Grid object at 0x11693e200>), ((8, 3), <game.Grid object at 0x11693e270>), ((6, 3), <game.Grid object at 0x11693e2e0>)]",119,119,778,16,34,50
779,"((7, 4), <game.Grid object at 0x1168c4fa0>)","((7, 5), <game.Grid object at 0x11570e350>)",South,"[((7, 5), <game.Grid object at 0x11693e350>), ((7, 3), <game.Grid object at 0x11693e3c0>)]",119,120,779,15,35,50
780,"((7, 4), <game.Grid object at 0x1168c50f0>)","((7, 5), <game.Grid object at 0x11570e4a0>)",South,"[((7, 5), <game.Grid object at 0x11693e430>), ((7, 3), <game.Grid object at 0x11693e4a0>)]",120,121,780,15,35,50
781,"((8, 5), <game.Grid object at 0x11693c4b0>)","((7, 5), <game.Grid object at 0x11577da90>)",East,"[((9, 5), <game.Grid object at 0x11693e510>), ((7, 5), <game.Grid object at 0x11693e580>)]",121,120,781,15,35,50
782,"((11, 5), <game.Grid object at 0x1168c59b0>)","((10, 5), <game.Grid object at 0x11570ec10>)",East,"[((12, 5), <game.Grid object at 0x11693e5f0>), ((10, 5), <game.Grid object at 0x11693e660>)]",120,120,782,18,32,50
783,"((4, 3), <game.Grid object at 0x1168c5fd0>)","((4, 4), <game.Grid object at 0x11570f3f0>)",South,"[((4, 4), <game.Grid object at 0x11693e6d0>), ((5, 3), <game.Grid object at 0x11693e740>), ((3, 3), <game.Grid object at 0x11693e7b0>)]",120,121,783,13,37,50
784,"((8, 3), <game.Grid object at 0x11693e120>)","((7, 3), <game.Grid object at 0x1168c4600>)",East,"[((9, 3), <game.Grid object at 0x11693e900>), ((7, 3), <game.Grid object at 0x11693e970>)]",121,120,784,17,33,50
785,"((8, 5), <game.Grid object at 0x11693c830>)","((7, 5), <game.Grid object at 0x11577def0>)",East,"[((9, 5), <game.Grid object at 0x11693e9e0>), ((7, 5), <game.Grid object at 0x11693ea50>)]",120,119,785,15,35,50
786,"((8, 3), <game.Grid object at 0x11693e270>)","((7, 3), <game.Grid object at 0x1168c49f0>)",East,"[((9, 3), <game.Grid object at 0x11693eac0>), ((7, 3), <game.Grid object at 0x11693eb30>)]",119,118,786,17,33,50
787,"((11, 5), <game.Grid object at 0x1168c7a10>)","((10, 5), <game.Grid object at 0x11577d160>)",East,"[((12, 5), <game.Grid object at 0x11693eba0>), ((10, 5), <game.Grid object at 0x11693ec10>)]",118,118,787,18,32,50
788,"((13, 5), <game.Grid object at 0x11693d080>)","((14, 5), <game.Grid object at 0x11577fb60>)",West,"[((13, 4), <game.Grid object at 0x11693ec80>), ((14, 5), <game.Grid object at 0x11693ecf0>), ((12, 5), <game.Grid object at 0x11693ed60>)]",118,119,788,20,30,50
789,"((7, 3), <game.Grid object at 0x11693d320>)","((7, 4), <game.Grid object at 0x11684c0c0>)",South,"[((7, 4), <game.Grid object at 0x11693edd0>), ((8, 3), <game.Grid object at 0x11693ee40>), ((6, 3), <game.Grid object at 0x11693eeb0>)]",119,119,789,16,34,50
790,"((8, 3), <game.Grid object at 0x11693ee40>)","((7, 3), <game.Grid object at 0x11693d320>)",East,"[((9, 3), <game.Grid object at 0x11693ef20>), ((7, 3), <game.Grid object at 0x11693ef90>)]",119,118,790,17,33,50
791,"((13, 3), <game.Grid object at 0x11693d400>)","((13, 4), <game.Grid object at 0x11684c590>)",South,"[((13, 4), <game.Grid object at 0x11693f000>), ((14, 3), <game.Grid object at 0x11693f070>), ((12, 3), <game.Grid object at 0x11693f0e0>)]",118,119,791,22,28,50
792,"((13, 5), <game.Grid object at 0x11693d550>)","((14, 5), <game.Grid object at 0x11684d1d0>)",West,"[((13, 4), <game.Grid object at 0x11693f150>), ((14, 5), <game.Grid object at 0x11693f1c0>), ((12, 5), <game.Grid object at 0x11693f230>)]",119,120,792,20,30,50
793,"((2, 3), <game.Grid object at 0x11693de10>)","((1, 3), <game.Grid object at 0x11684f700>)",East,"[((3, 3), <game.Grid object at 0x11693f2a0>), ((1, 3), <game.Grid object at 0x11693f310>)]",120,120,793,11,39,50
794,"((6, 5), <game.Grid object at 0x11693de80>)","((5, 5), <game.Grid object at 0x11684fcb0>)",East,"[((7, 5), <game.Grid object at 0x11693f380>), ((5, 5), <game.Grid object at 0x11693f3f0>)]",120,120,794,13,37,50
795,"((9, 5), <game.Grid object at 0x11693dfd0>)","((8, 5), <game.Grid object at 0x1168c40c0>)",East,"[((10, 5), <game.Grid object at 0x11693f4d0>), ((8, 5), <game.Grid object at 0x11693f540>)]",120,120,795,16,34,50
796,"((7, 3), <game.Grid object at 0x11693e3c0>)","((7, 4), <game.Grid object at 0x1168c4fa0>)",South,"[((7, 4), <game.Grid object at 0x11693f5b0>), ((8, 3), <game.Grid object at 0x11693f620>), ((6, 3), <game.Grid object at 0x11693f690>)]",120,120,796,16,34,50
797,"((8, 3), <game.Grid object at 0x11693f620>)","((7, 3), <game.Grid object at 0x11693e3c0>)",East,"[((9, 3), <game.Grid object at 0x11693f700>), ((7, 3), <game.Grid object at 0x11693f770>)]",120,119,797,17,33,50
798,"((7, 3), <game.Grid object at 0x11693e4a0>)","((7, 4), <game.Grid object at 0x1168c50f0>)",South,"[((7, 4), <game.Grid object at 0x11693f7e0>), ((8, 3), <game.Grid object at 0x11693f850>), ((6, 3), <game.Grid object at 0x11693f8c0>)]",119,119,798,16,34,50
799,"((8, 3), <game.Grid object at 0x11693f850>)","((7, 3), <game.Grid object at 0x11693e4a0>)",East,"[((9, 3), <game.Grid object at 0x11693f930>), ((7, 3), <game.Grid object at 0x11693f9a0>)]",119,118,799,17,33,50
800,"((12, 5), <game.Grid object at 0x11693e5f0>)","((11, 5), <game.Grid object at 0x1168c59b0>)",East,"[((13, 5), <game.Grid object at 0x11693fa10>), ((11, 5), <game.Grid object at 0x11693fa80>)]",118,117,800,19,31,50
801,"((5, 3), <game.Grid object at 0x11693e740>)","((4, 3), <game.Grid object at 0x1168c5fd0>)",East,"[((6, 3), <game.Grid object at 0x11693faf0>), ((4, 3), <game.Grid object at 0x11693fb60>)]",117,116,801,14,36,50
802,"((12, 5), <game.Grid object at 0x11693eba0>)","((11, 5), <game.Grid object at 0x1168c7a10>)",East,"[((13, 5), <game.Grid object at 0x11693fbd0>), ((11, 5), <game.Grid object at 0x11693fc40>)]",116,116,802,19,31,50
803,"((13, 4), <game.Grid object at 0x11693ec80>)","((13, 5), <game.Grid object at 0x11693d080>)",South,"[((13, 5), <game.Grid object at 0x11693fcb0>), ((13, 3), <game.Grid object at 0x11693fd20>)]",116,117,803,21,29,50
804,"((6, 3), <game.Grid object at 0x11693faf0>)","((5, 3), <game.Grid object at 0x11693e740>)",East,"[((7, 3), <game.Grid object at 0x11693fd90>), ((5, 3), <game.Grid object at 0x11693fe00>)]",117,116,804,15,35,50
805,"((14, 3), <game.Grid object at 0x11693f070>)","((13, 3), <game.Grid object at 0x11693d400>)",East,"[((15, 3), <game.Grid object at 0x11693fe70>), ((13, 3), <game.Grid object at 0x11693fee0>)]",116,116,805,23,27,50
806,"((13, 4), <game.Grid object at 0x11693f150>)","((13, 5), <game.Grid object at 0x11693d550>)",South,"[((13, 5), <game.Grid object at 0x11693ff50>), ((13, 3), <game.Grid object at 0x1169c4050>)]",116,117,806,21,29,50
807,"((3, 3), <game.Grid object at 0x11693f2a0>)","((2, 3), <game.Grid object at 0x11693de10>)",East,"[((4, 3), <game.Grid object at 0x1169c40c0>), ((2, 3), <game.Grid object at 0x1169c4130>)]",117,117,807,12,38,50
808,"((7, 5), <game.Grid object at 0x11693f380>)","((6, 5), <game.Grid object at 0x11693de80>)",East,"[((7, 4), <game.Grid object at 0x1169c4210>), ((8, 5), <game.Grid object at 0x1169c4280>), ((6, 5), <game.Grid object at 0x1169c42f0>)]",117,116,808,14,36,50
809,"((8, 5), <game.Grid object at 0x1169c4280>)","((7, 5), <game.Grid object at 0x11693f380>)",East,"[((9, 5), <game.Grid object at 0x1169c4360>), ((7, 5), <game.Grid object at 0x1169c43d0>)]",116,115,809,15,35,50
810,"((10, 5), <game.Grid object at 0x11693f4d0>)","((9, 5), <game.Grid object at 0x11693dfd0>)",East,"[((10, 4), <game.Grid object at 0x1169c4440>), ((11, 5), <game.Grid object at 0x1169c44b0>), ((9, 5), <game.Grid object at 0x1169c4520>)]",115,115,810,17,33,50
811,"((13, 5), <game.Grid object at 0x11693fbd0>)","((12, 5), <game.Grid object at 0x11693eba0>)",East,"[((13, 4), <game.Grid object at 0x1169c4590>), ((14, 5), <game.Grid object at 0x1169c4600>), ((12, 5), <game.Grid object at 0x1169c4670>)]",115,117,811,20,30,50
812,"((13, 3), <game.Grid object at 0x11693fd20>)","((13, 4), <game.Grid object at 0x11693ec80>)",South,"[((13, 4), <game.Grid object at 0x1169c46e0>), ((14, 3), <game.Grid object at 0x1169c4750>), ((12, 3), <game.Grid object at 0x1169c47c0>)]",117,118,812,22,28,50
813,"((15, 3), <game.Grid object at 0x11693fe70>)","((14, 3), <game.Grid object at 0x11693f070>)",East,"[((16, 3), <game.Grid object at 0x1169c4830>), ((14, 3), <game.Grid object at 0x1169c48a0>)]",118,118,813,24,26,50
814,"((13, 3), <game.Grid object at 0x1169c4050>)","((13, 4), <game.Grid object at 0x11693f150>)",South,"[((13, 4), <game.Grid object at 0x1169c4910>), ((14, 3), <game.Grid object at 0x1169c4980>), ((12, 3), <game.Grid object at 0x1169c49f0>)]",118,119,814,22,28,50
815,"((4, 3), <game.Grid object at 0x1169c40c0>)","((3, 3), <game.Grid object at 0x11693f2a0>)",East,"[((4, 4), <game.Grid object at 0x1169c4a60>), ((5, 3), <game.Grid object at 0x1169c4ad0>), ((3, 3), <game.Grid object at 0x1169c4b40>)]",119,120,815,13,37,50
816,"((11, 5), <game.Grid object at 0x1169c44b0>)","((10, 5), <game.Grid object at 0x11693f4d0>)",East,"[((12, 5), <game.Grid object at 0x1169c4c90>), ((10, 5), <game.Grid object at 0x1169c4d00>)]",120,120,816,18,32,50
817,"((13, 4), <game.Grid object at 0x1169c4590>)","((13, 5), <game.Grid object at 0x11693fbd0>)",South,"[((13, 5), <game.Grid object at 0x1169c4d70>), ((13, 3), <game.Grid object at 0x1169c4de0>)]",120,120,817,21,29,50
818,"((14, 3), <game.Grid object at 0x1169c4750>)","((13, 3), <game.Grid object at 0x11693fd20>)",East,"[((15, 3), <game.Grid object at 0x1169c4e50>), ((13, 3), <game.Grid object at 0x1169c4ec0>)]",120,120,818,23,27,50
819,"((16, 3), <game.Grid object at 0x1169c4830>)","((15, 3), <game.Grid object at 0x11693fe70>)",East,"[((16, 4), <game.Grid object at 0x1169c4f30>), ((15, 3), <game.Grid object at 0x1169c4fa0>)]",120,120,819,25,25,50
820,"((14, 3), <game.Grid object at 0x1169c4980>)","((13, 3), <game.Grid object at 0x1169c4050>)",East,"[((15, 3), <game.Grid object at 0x1169c5010>), ((13, 3), <game.Grid object at 0x1169c5080>)]",120,120,820,23,27,50
821,"((5, 3), <game.Grid object at 0x1169c4ad0>)","((4, 3), <game.Grid object at 0x1169c40c0>)",East,"[((6, 3), <game.Grid object at 0x1169c50f0>), ((4, 3), <game.Grid object at 0x1169c5160>)]",120,120,821,14,36,50
822,"((12, 5), <game.Grid object at 0x1169c4c90>)","((11, 5), <game.Grid object at 0x1169c44b0>)",East,"[((13, 5), <game.Grid object at 0x1169c51d0>), ((11, 5), <game.Grid object at 0x1169c5240>)]",120,119,822,19,31,50
823,"((13, 3), <game.Grid object at 0x1169c4de0>)","((13, 4), <game.Grid object at 0x1169c4590>)",South,"[((13, 4), <game.Grid object at 0x1169c52b0>), ((14, 3), <game.Grid object at 0x1169c5320>), ((12, 3), <game.Grid object at 0x1169c5390>)]",119,120,823,22,28,50
824,"((15, 3), <game.Grid object at 0x1169c4e50>)","((14, 3), <game.Grid object at 0x1169c4750>)",East,"[((16, 3), <game.Grid object at 0x1169c5400>), ((14, 3), <game.Grid object at 0x1169c5470>)]",120,120,824,24,26,50
825,"((16, 4), <game.Grid object at 0x1169c4f30>)","((16, 3), <game.Grid object at 0x1169c4830>)",North,"[((16, 5), <game.Grid object at 0x1169c54e0>), ((16, 3), <game.Grid object at 0x1169c5550>)]",120,120,825,26,24,50
826,"((15, 3), <game.Grid object at 0x1169c5010>)","((14, 3), <game.Grid object at 0x1169c4980>)",East,"[((16, 3), <game.Grid object at 0x1169c55c0>), ((14, 3), <game.Grid object at 0x1169c5630>)]",120,120,826,24,26,50
827,"((6, 3), <game.Grid object at 0x1169c50f0>)","((5, 3), <game.Grid object at 0x1169c4ad0>)",East,"[((7, 3), <game.Grid object at 0x1169c56a0>), ((5, 3), <game.Grid object at 0x1169c5710>)]",120,120,827,15,35,50
828,"((14, 3), <game.Grid object at 0x1169c5320>)","((13, 3), <game.Grid object at 0x1169c4de0>)",East,"[((15, 3), <game.Grid object at 0x1169c5780>), ((13, 3), <game.Grid object at 0x1169c57f0>)]",120,120,828,23,27,50
829,"((16, 3), <game.Grid object at 0x1169c5400>)","((15, 3), <game.Grid object at 0x1169c4e50>)",East,"[((16, 4), <game.Grid object at 0x1169c5860>), ((15, 3), <game.Grid object at 0x1169c58d0>)]",120,120,829,25,25,50
830,"((16, 5), <game.Grid object at 0x1169c54e0>)","((16, 4), <game.Grid object at 0x1169c4f30>)",North,"[((16, 4), <game.Grid object at 0x1169c5940>), ((17, 5), <game.Grid object at 0x1169c59b0>)]",120,120,830,27,23,50
831,"((16, 3), <game.Grid object at 0x1169c55c0>)","((15, 3), <game.Grid object at 0x1169c5010>)",East,"[((16, 4), <game.Grid object at 0x1169c5a20>), ((15, 3), <game.Grid object at 0x1169c5a90>)]",120,120,831,25,25,50
832,"((7, 3), <game.Grid object at 0x1169c56a0>)","((6, 3), <game.Grid object at 0x1169c50f0>)",East,"[((7, 4), <game.Grid object at 0x1169c5b00>), ((8, 3), <game.Grid object at 0x1169c5b70>), ((6, 3), <game.Grid object at 0x1169c5be0>)]",120,121,832,16,34,50
833,"((15, 3), <game.Grid object at 0x1169c5780>)","((14, 3), <game.Grid object at 0x1169c5320>)",East,"[((16, 3), <game.Grid object at 0x1169c5c50>), ((14, 3), <game.Grid object at 0x1169c5cc0>)]",121,121,833,24,26,50
834,"((16, 4), <game.Grid object at 0x1169c5860>)","((16, 3), <game.Grid object at 0x1169c5400>)",North,"[((16, 5), <game.Grid object at 0x1169c5d30>), ((16, 3), <game.Grid object at 0x1169c5da0>)]",121,121,834,26,24,50
835,"((17, 5), <game.Grid object at 0x1169c59b0>)","((16, 5), <game.Grid object at 0x1169c54e0>)",East,"[((18, 5), <game.Grid object at 0x1169c5e10>), ((16, 5), <game.Grid object at 0x1169c5e80>)]",121,121,835,28,22,50
836,"((16, 4), <game.Grid object at 0x1169c5a20>)","((16, 3), <game.Grid object at 0x1169c55c0>)",North,"[((16, 5), <game.Grid object at 0x1169c5ef0>), ((16, 3), <game.Grid object at 0x1169c5f60>)]",121,121,836,26,24,50
837,"((8, 3), <game.Grid object at 0x1169c5b70>)","((7, 3), <game.Grid object at 0x1169c56a0>)",East,"[((9, 3), <game.Grid object at 0x1169c5fd0>), ((7, 3), <game.Grid object at 0x1169c6040>)]",121,121,837,17,33,50
838,"((16, 3), <game.Grid object at 0x1169c5c50>)","((15, 3), <game.Grid object at 0x1169c5780>)",East,"[((16, 4), <game.Grid object at 0x1169c60b0>), ((15, 3), <game.Grid object at 0x1169c6120>)]",121,121,838,25,25,50
839,"((16, 5), <game.Grid object at 0x1169c5d30>)","((16, 4), <game.Grid object at 0x1169c5860>)",North,"[((16, 4), <game.Grid object at 0x1169c6190>), ((17, 5), <game.Grid object at 0x1169c6200>)]",121,121,839,27,23,50
840,"((18, 5), <game.Grid object at 0x1169c5e10>)","((17, 5), <game.Grid object at 0x1169c59b0>)",East,"[((18, 4), <game.Grid object at 0x1169c6270>), ((17, 5), <game.Grid object at 0x1169c62e0>)]",121,121,840,29,21,50
841,"((16, 5), <game.Grid object at 0x1169c5ef0>)","((16, 4), <game.Grid object at 0x1169c5a20>)",North,"[((16, 4), <game.Grid object at 0x1169c6350>), ((17, 5), <game.Grid object at 0x1169c63c0>)]",121,121,841,27,23,50
842,"((9, 3), <game.Grid object at 0x1169c5fd0>)","((8, 3), <game.Grid object at 0x1169c5b70>)",East,"[((10, 3), <game.Grid object at 0x1169c6430>), ((8, 3), <game.Grid object at 0x1169c64a0>)]",121,121,842,18,32,50
843,"((16, 4), <game.Grid object at 0x1169c60b0>)","((16, 3), <game.Grid object at 0x1169c5c50>)",North,"[((16, 5), <game.Grid object at 0x1169c6510>), ((16, 3), <game.Grid object at 0x1169c6580>)]",121,121,843,26,24,50
844,"((17, 5), <game.Grid object at 0x1169c6200>)","((16, 5), <game.Grid object at 0x1169c5d30>)",East,"[((18, 5), <game.Grid object at 0x1169c65f0>), ((16, 5), <game.Grid object at 0x1169c6660>)]",121,121,844,28,22,50
845,"((17, 5), <game.Grid object at 0x1169c63c0>)","((16, 5), <game.Grid object at 0x1169c5ef0>)",East,"[((18, 5), <game.Grid object at 0x1169c66d0>), ((16, 5), <game.Grid object at 0x1169c6740>)]",121,121,845,28,22,50
846,"((10, 3), <game.Grid object at 0x1169c6430>)","((9, 3), <game.Grid object at 0x1169c5fd0>)",East,"[((10, 4), <game.Grid object at 0x1169c67b0>), ((11, 3), <game.Grid object at 0x1169c6820>), ((9, 3), <game.Grid object at 0x1169c6890>)]",121,122,846,19,31,50
847,"((16, 5), <game.Grid object at 0x1169c6510>)","((16, 4), <game.Grid object at 0x1169c60b0>)",North,"[((16, 4), <game.Grid object at 0x1169c6900>), ((17, 5), <game.Grid object at 0x1169c6970>)]",122,122,847,27,23,50
848,"((18, 5), <game.Grid object at 0x1169c65f0>)","((17, 5), <game.Grid object at 0x1169c6200>)",East,"[((18, 4), <game.Grid object at 0x1169c69e0>), ((17, 5), <game.Grid object at 0x1169c6a50>)]",122,122,848,29,21,50
849,"((18, 5), <game.Grid object at 0x1169c66d0>)","((17, 5), <game.Grid object at 0x1169c63c0>)",East,"[((18, 4), <game.Grid object at 0x1169c6ac0>), ((17, 5), <game.Grid object at 0x1169c6b30>)]",122,122,849,29,21,50
850,"((11, 3), <game.Grid object at 0x1169c6820>)","((10, 3), <game.Grid object at 0x1169c6430>)",East,"[((12, 3), <game.Grid object at 0x1169c6ba0>), ((10, 3), <game.Grid object at 0x1169c6c10>)]",122,122,850,20,30,50
851,"((17, 5), <game.Grid object at 0x1169c6970>)","((16, 5), <game.Grid object at 0x1169c6510>)",East,"[((18, 5), <game.Grid object at 0x1169c6c80>), ((16, 5), <game.Grid object at 0x1169c6cf0>)]",122,122,851,28,22,50
852,"((12, 3), <game.Grid object at 0x1169c6ba0>)","((11, 3), <game.Grid object at 0x1169c6820>)",East,"[((13, 3), <game.Grid object at 0x1169c6d60>), ((11, 3), <game.Grid object at 0x1169c6dd0>)]",122,122,852,21,29,50
853,"((18, 5), <game.Grid object at 0x1169c6c80>)","((17, 5), <game.Grid object at 0x1169c6970>)",East,"[((18, 4), <game.Grid object at 0x1169c6e40>), ((17, 5), <game.Grid object at 0x1169c6eb0>)]",122,122,853,29,21,50
854,"((13, 3), <game.Grid object at 0x1169c6d60>)","((12, 3), <game.Grid object at 0x1169c6ba0>)",East,"[((13, 4), <game.Grid object at 0x1169c6f20>), ((14, 3), <game.Grid object at 0x1169c6f90>), ((12, 3), <game.Grid object at 0x1169c7000>)]",122,123,854,22,28,50
855,"((14, 3), <game.Grid object at 0x1169c6f90>)","((13, 3), <game.Grid object at 0x1169c6d60>)",East,"[((15, 3), <game.Grid object at 0x1169c7070>), ((13, 3), <game.Grid object at 0x1169c70e0>)]",123,123,855,23,27,50
856,"((15, 3), <game.Grid object at 0x1169c7070>)","((14, 3), <game.Grid object at 0x1169c6f90>)",East,"[((16, 3), <game.Grid object at 0x1169c7150>), ((14, 3), <game.Grid object at 0x1169c71c0>)]",123,123,856,24,26,50
857,"((16, 3), <game.Grid object at 0x1169c7150>)","((15, 3), <game.Grid object at 0x1169c7070>)",East,"[((16, 4), <game.Grid object at 0x1169c7230>), ((15, 3), <game.Grid object at 0x1169c72a0>)]",123,123,857,25,25,50
858,"((16, 4), <game.Grid object at 0x1169c7230>)","((16, 3), <game.Grid object at 0x1169c7150>)",North,"[((16, 5), <game.Grid object at 0x1169c7310>), ((16, 3), <game.Grid object at 0x1169c7380>)]",123,123,858,26,24,50
859,"((16, 5), <game.Grid object at 0x1169c7310>)","((16, 4), <game.Grid object at 0x1169c7230>)",North,"[((16, 4), <game.Grid object at 0x1169c73f0>), ((17, 5), <game.Grid object at 0x1169c7460>)]",123,123,859,27,23,50
860,"((17, 5), <game.Grid object at 0x1169c7460>)","((16, 5), <game.Grid object at 0x1169c7310>)",East,"[((18, 5), <game.Grid object at 0x1169c74d0>), ((16, 5), <game.Grid object at 0x1169c7540>)]",123,123,860,28,22,50
861,"((18, 5), <game.Grid object at 0x1169c74d0>)","((17, 5), <game.Grid object at 0x1169c7460>)",East,"[((18, 4), <game.Grid object at 0x1169c75b0>), ((17, 5), <game.Grid object at 0x1169c7620>)]",123,123,861,29,21,50
862,"((1, 5), <game.Grid object at 0x11684f5b0>)","((2, 5), <game.Grid object at 0x11570c750>)",West,"[((1, 4), <game.Grid object at 0x1169c7690>), ((2, 5), <game.Grid object at 0x1169c7700>)]",123,124,862,10,42,52
863,"((1, 5), <game.Grid object at 0x11684f770>)","((2, 5), <game.Grid object at 0x11570c7c0>)",West,"[((1, 4), <game.Grid object at 0x1169c7770>), ((2, 5), <game.Grid object at 0x1169c77e0>)]",124,125,863,10,42,52
864,"((1, 5), <game.Grid object at 0x11684f620>)","((1, 4), <game.Grid object at 0x11570c8a0>)",North,"[((1, 4), <game.Grid object at 0x1169c7850>), ((2, 5), <game.Grid object at 0x1169c78c0>)]",125,126,864,10,42,52
865,"((2, 5), <game.Grid object at 0x11684f850>)","((3, 5), <game.Grid object at 0x11570c9f0>)",West,"[((3, 5), <game.Grid object at 0x1169c7930>), ((1, 5), <game.Grid object at 0x1169c79a0>)]",126,126,865,11,41,52
866,"((5, 5), <game.Grid object at 0x11684f930>)","((6, 5), <game.Grid object at 0x11570cbb0>)",West,"[((6, 5), <game.Grid object at 0x1169c7a10>), ((4, 5), <game.Grid object at 0x1169c7a80>)]",126,126,866,14,38,52
867,"((12, 1), <game.Grid object at 0x11684fa80>)","((13, 1), <game.Grid object at 0x11570cd70>)",West,"[((13, 1), <game.Grid object at 0x1169c7af0>), ((11, 1), <game.Grid object at 0x1169c7b60>)]",126,126,867,21,31,52
868,"((3, 5), <game.Grid object at 0x11684fbd0>)","((4, 5), <game.Grid object at 0x11570ce50>)",West,"[((4, 5), <game.Grid object at 0x1169c7bd0>), ((2, 5), <game.Grid object at 0x1169c7c40>)]",126,126,868,12,40,52
869,"((3, 5), <game.Grid object at 0x11684fd20>)","((4, 5), <game.Grid object at 0x11570cec0>)",West,"[((4, 5), <game.Grid object at 0x1169c7d20>), ((2, 5), <game.Grid object at 0x1169c7d90>)]",126,126,869,12,40,52
870,"((1, 3), <game.Grid object at 0x11684fe00>)","((2, 3), <game.Grid object at 0x11570d010>)",West,"[((1, 4), <game.Grid object at 0x1169c7e70>), ((2, 3), <game.Grid object at 0x1169c7ee0>)]",126,126,870,12,40,52
871,"((6, 5), <game.Grid object at 0x11684ff50>)","((7, 5), <game.Grid object at 0x11570d0f0>)",West,"[((7, 5), <game.Grid object at 0x116a3c050>), ((5, 5), <game.Grid object at 0x116a3c0c0>)]",126,126,871,15,37,52
872,"((6, 5), <game.Grid object at 0x1168c4130>)","((7, 5), <game.Grid object at 0x11570d1d0>)",West,"[((7, 5), <game.Grid object at 0x116a3c130>), ((5, 5), <game.Grid object at 0x116a3c1a0>)]",126,126,872,15,37,52
873,"((4, 3), <game.Grid object at 0x1168c4210>)","((5, 3), <game.Grid object at 0x11570d400>)",West,"[((4, 4), <game.Grid object at 0x116a3c210>), ((5, 3), <game.Grid object at 0x116a3c280>), ((3, 3), <game.Grid object at 0x116a3c2f0>)]",126,127,873,15,37,52
874,"((6, 5), <game.Grid object at 0x1168c4360>)","((7, 5), <game.Grid object at 0x11570d550>)",West,"[((7, 5), <game.Grid object at 0x116a3c360>), ((5, 5), <game.Grid object at 0x116a3c3d0>)]",127,127,874,15,37,52
875,"((13, 1), <game.Grid object at 0x1168c4440>)","((14, 1), <game.Grid object at 0x11570d6a0>)",West,"[((14, 1), <game.Grid object at 0x116a3c440>), ((12, 1), <game.Grid object at 0x116a3c4b0>)]",127,127,875,22,30,52
876,"((13, 1), <game.Grid object at 0x1168c4520>)","((14, 1), <game.Grid object at 0x11570d780>)",West,"[((14, 1), <game.Grid object at 0x116a3c520>), ((12, 1), <game.Grid object at 0x116a3c590>)]",127,127,876,22,30,52
877,"((7, 5), <game.Grid object at 0x1168c4590>)","((7, 4), <game.Grid object at 0x11570d7f0>)",North,"[((7, 4), <game.Grid object at 0x116a3c600>), ((8, 5), <game.Grid object at 0x116a3c670>), ((6, 5), <game.Grid object at 0x116a3c6e0>)]",127,128,877,16,36,52
878,"((5, 3), <game.Grid object at 0x1168c46e0>)","((6, 3), <game.Grid object at 0x11570d8d0>)",West,"[((6, 3), <game.Grid object at 0x116a3c750>), ((4, 3), <game.Grid object at 0x116a3c7c0>)]",128,128,878,16,36,52
879,"((5, 3), <game.Grid object at 0x1168c47c0>)","((6, 3), <game.Grid object at 0x11570da20>)",West,"[((6, 3), <game.Grid object at 0x116a3c830>), ((4, 3), <game.Grid object at 0x116a3c8a0>)]",128,128,879,16,36,52
880,"((5, 5), <game.Grid object at 0x1168c48a0>)","((6, 5), <game.Grid object at 0x11570db70>)",West,"[((6, 5), <game.Grid object at 0x116a3c910>), ((4, 5), <game.Grid object at 0x116a3c980>)]",128,128,880,14,38,52
881,"((7, 5), <game.Grid object at 0x1168c4980>)","((7, 4), <game.Grid object at 0x11570dcc0>)",North,"[((7, 4), <game.Grid object at 0x116a3c9f0>), ((8, 5), <game.Grid object at 0x116a3ca60>), ((6, 5), <game.Grid object at 0x116a3cad0>)]",128,129,881,16,36,52
882,"((5, 3), <game.Grid object at 0x1168c4ad0>)","((6, 3), <game.Grid object at 0x11570dda0>)",West,"[((6, 3), <game.Grid object at 0x116a3cb40>), ((4, 3), <game.Grid object at 0x116a3cbb0>)]",129,129,882,16,36,52
883,"((14, 1), <game.Grid object at 0x1168c4bb0>)","((15, 1), <game.Grid object at 0x11570de80>)",West,"[((15, 1), <game.Grid object at 0x116a3cc20>), ((13, 1), <game.Grid object at 0x116a3cc90>)]",129,129,883,23,29,52
884,"((14, 1), <game.Grid object at 0x1168c4c90>)","((15, 1), <game.Grid object at 0x11570df60>)",West,"[((15, 1), <game.Grid object at 0x116a3cd00>), ((13, 1), <game.Grid object at 0x116a3cd70>)]",129,129,884,23,29,52
885,"((14, 1), <game.Grid object at 0x1168c4d70>)","((15, 1), <game.Grid object at 0x11570e040>)",West,"[((15, 1), <game.Grid object at 0x116a3cde0>), ((13, 1), <game.Grid object at 0x116a3ce50>)]",129,129,885,23,29,52
886,"((2, 5), <game.Grid object at 0x1168c4e50>)","((3, 5), <game.Grid object at 0x11570e190>)",West,"[((3, 5), <game.Grid object at 0x116a3cec0>), ((1, 5), <game.Grid object at 0x116a3cf30>)]",129,129,886,11,41,52
887,"((1, 4), <game.Grid object at 0x1168c4ec0>)","((1, 3), <game.Grid object at 0x11570e270>)",North,"[((1, 5), <game.Grid object at 0x116a3cfa0>), ((1, 3), <game.Grid object at 0x116a3d010>)]",129,130,887,11,41,52
888,"((6, 5), <game.Grid object at 0x1168c5080>)","((7, 5), <game.Grid object at 0x11570e350>)",West,"[((7, 5), <game.Grid object at 0x116a3d080>), ((5, 5), <game.Grid object at 0x116a3d0f0>)]",130,130,888,15,37,52
889,"((6, 5), <game.Grid object at 0x1168c51d0>)","((7, 5), <game.Grid object at 0x11570e4a0>)",West,"[((7, 5), <game.Grid object at 0x116a3d160>), ((5, 5), <game.Grid object at 0x116a3d1d0>)]",130,130,889,15,37,52
890,"((7, 5), <game.Grid object at 0x1168c52b0>)","((8, 5), <game.Grid object at 0x11570e5f0>)",West,"[((7, 4), <game.Grid object at 0x116a3d240>), ((8, 5), <game.Grid object at 0x116a3d2b0>), ((6, 5), <game.Grid object at 0x116a3d320>)]",130,130,890,16,36,52
891,"((6, 3), <game.Grid object at 0x1168c5400>)","((7, 3), <game.Grid object at 0x11570e6d0>)",West,"[((7, 3), <game.Grid object at 0x116a3d390>), ((5, 3), <game.Grid object at 0x116a3d400>)]",130,130,891,17,35,52
892,"((7, 4), <game.Grid object at 0x1168c5470>)","((7, 3), <game.Grid object at 0x11570e7b0>)",North,"[((7, 5), <game.Grid object at 0x116a3d470>), ((7, 3), <game.Grid object at 0x116a3d4e0>)]",130,131,892,17,35,52
893,"((6, 3), <game.Grid object at 0x1168c5550>)","((7, 3), <game.Grid object at 0x11570e7b0>)",West,"[((7, 3), <game.Grid object at 0x116a3d550>), ((5, 3), <game.Grid object at 0x116a3d5c0>)]",131,131,893,17,35,52
894,"((15, 1), <game.Grid object at 0x1168c5710>)","((16, 1), <game.Grid object at 0x11570e9e0>)",West,"[((16, 1), <game.Grid object at 0x116a3d630>), ((14, 1), <game.Grid object at 0x116a3d6a0>)]",131,131,894,24,28,52
895,"((15, 1), <game.Grid object at 0x1168c57f0>)","((16, 1), <game.Grid object at 0x11570eac0>)",West,"[((16, 1), <game.Grid object at 0x116a3d710>), ((14, 1), <game.Grid object at 0x116a3d780>)]",131,131,895,24,28,52
896,"((15, 1), <game.Grid object at 0x1168c58d0>)","((16, 1), <game.Grid object at 0x11570eba0>)",West,"[((16, 1), <game.Grid object at 0x116a3d7f0>), ((14, 1), <game.Grid object at 0x116a3d860>)]",131,131,896,24,28,52
897,"((9, 5), <game.Grid object at 0x1168c5a20>)","((10, 5), <game.Grid object at 0x11570ec10>)",West,"[((10, 5), <game.Grid object at 0x116a3d8d0>), ((8, 5), <game.Grid object at 0x116a3d940>)]",131,130,897,18,34,52
898,"((9, 5), <game.Grid object at 0x1168c5b70>)","((10, 5), <game.Grid object at 0x11570ee40>)",West,"[((10, 5), <game.Grid object at 0x116a3d9b0>), ((8, 5), <game.Grid object at 0x116a3da20>)]",130,129,898,18,34,52
899,"((7, 5), <game.Grid object at 0x1168c5c50>)","((8, 5), <game.Grid object at 0x11570ef20>)",West,"[((7, 4), <game.Grid object at 0x116a3da90>), ((8, 5), <game.Grid object at 0x116a3db00>), ((6, 5), <game.Grid object at 0x116a3db70>)]",129,130,899,16,36,52
900,"((16, 1), <game.Grid object at 0x1168c5d30>)","((17, 1), <game.Grid object at 0x11570f1c0>)",West,"[((17, 1), <game.Grid object at 0x116a3dbe0>), ((15, 1), <game.Grid object at 0x116a3dc50>)]",130,130,900,25,27,52
901,"((16, 1), <game.Grid object at 0x1168c5e10>)","((17, 1), <game.Grid object at 0x11570f2a0>)",West,"[((17, 1), <game.Grid object at 0x116a3dcc0>), ((15, 1), <game.Grid object at 0x116a3dd30>)]",130,130,901,25,27,52
902,"((16, 1), <game.Grid object at 0x1168c5ef0>)","((17, 1), <game.Grid object at 0x11570f380>)",West,"[((17, 1), <game.Grid object at 0x116a3dda0>), ((15, 1), <game.Grid object at 0x116a3de10>)]",130,130,902,25,27,52
903,"((4, 5), <game.Grid object at 0x1168c5f60>)","((4, 4), <game.Grid object at 0x11570f3f0>)",North,"[((4, 4), <game.Grid object at 0x116a3de80>), ((5, 5), <game.Grid object at 0x116a3def0>), ((3, 5), <game.Grid object at 0x116a3df60>)]",130,131,903,13,39,52
904,"((2, 3), <game.Grid object at 0x1168c6190>)","((3, 3), <game.Grid object at 0x11570f4d0>)",West,"[((3, 3), <game.Grid object at 0x116a3e0b0>), ((1, 3), <game.Grid object at 0x116a3e120>)]",131,131,904,13,39,52
905,"((8, 5), <game.Grid object at 0x1168c63c0>)","((9, 5), <game.Grid object at 0x11570f770>)",West,"[((9, 5), <game.Grid object at 0x116a3e200>), ((7, 5), <game.Grid object at 0x116a3e270>)]",131,131,905,17,35,52
906,"((5, 3), <game.Grid object at 0x1168c64a0>)","((6, 3), <game.Grid object at 0x11570f8c0>)",West,"[((6, 3), <game.Grid object at 0x116a3e2e0>), ((4, 3), <game.Grid object at 0x116a3e350>)]",131,131,906,16,36,52
907,"((9, 5), <game.Grid object at 0x1168c65f0>)","((10, 5), <game.Grid object at 0x11570f9a0>)",West,"[((10, 5), <game.Grid object at 0x116a3e3c0>), ((8, 5), <game.Grid object at 0x116a3e430>)]",131,131,907,18,34,52
908,"((10, 5), <game.Grid object at 0x1168c6740>)","((10, 4), <game.Grid object at 0x11570fb60>)",North,"[((10, 4), <game.Grid object at 0x116a3e4a0>), ((11, 5), <game.Grid object at 0x116a3e510>), ((9, 5), <game.Grid object at 0x116a3e580>)]",131,131,908,19,33,52
909,"((17, 1), <game.Grid object at 0x1168c6a50>)","((18, 1), <game.Grid object at 0x11570fe70>)",West,"[((18, 1), <game.Grid object at 0x116a3e5f0>), ((16, 1), <game.Grid object at 0x116a3e660>)]",131,131,909,26,26,52
910,"((17, 1), <game.Grid object at 0x1168c6b30>)","((18, 1), <game.Grid object at 0x11570ff50>)",West,"[((18, 1), <game.Grid object at 0x116a3e6d0>), ((16, 1), <game.Grid object at 0x116a3e740>)]",131,131,910,26,26,52
911,"((17, 1), <game.Grid object at 0x1168c6c10>)","((18, 1), <game.Grid object at 0x11577c0c0>)",West,"[((18, 1), <game.Grid object at 0x116a3e7b0>), ((16, 1), <game.Grid object at 0x116a3e820>)]",131,131,911,26,26,52
912,"((17, 1), <game.Grid object at 0x1168c6cf0>)","((18, 1), <game.Grid object at 0x11577c1a0>)",West,"[((18, 1), <game.Grid object at 0x116a3e890>), ((16, 1), <game.Grid object at 0x116a3e900>)]",131,131,912,26,26,52
913,"((1, 4), <game.Grid object at 0x1168c6d60>)","((1, 3), <game.Grid object at 0x11577c280>)",North,"[((1, 5), <game.Grid object at 0x116a3e970>), ((1, 3), <game.Grid object at 0x116a3e9e0>)]",131,132,913,11,41,52
914,"((9, 5), <game.Grid object at 0x1168c6f20>)","((10, 5), <game.Grid object at 0x11577c360>)",West,"[((10, 5), <game.Grid object at 0x116a3ea50>), ((8, 5), <game.Grid object at 0x116a3eac0>)]",132,132,914,18,34,52
915,"((6, 3), <game.Grid object at 0x1168c7070>)","((7, 3), <game.Grid object at 0x11577c440>)",West,"[((7, 3), <game.Grid object at 0x116a3eb30>), ((5, 3), <game.Grid object at 0x116a3eba0>)]",132,132,915,17,35,52
916,"((9, 3), <game.Grid object at 0x1168c72a0>)","((10, 3), <game.Grid object at 0x11577c600>)",West,"[((10, 3), <game.Grid object at 0x116a3ec10>), ((8, 3), <game.Grid object at 0x116a3ec80>)]",132,132,916,20,32,52
917,"((11, 5), <game.Grid object at 0x1168c74d0>)","((12, 5), <game.Grid object at 0x11577cad0>)",West,"[((12, 5), <game.Grid object at 0x116a3ecf0>), ((10, 5), <game.Grid object at 0x116a3ed60>)]",132,132,917,20,32,52
918,"((18, 1), <game.Grid object at 0x1168c75b0>)","((18, 2), <game.Grid object at 0x11577cbb0>)",South,"[((18, 2), <game.Grid object at 0x116a3edd0>), ((17, 1), <game.Grid object at 0x116a3ee40>)]",132,132,918,27,25,52
919,"((18, 1), <game.Grid object at 0x1168c7690>)","((18, 2), <game.Grid object at 0x11577cc90>)",South,"[((18, 2), <game.Grid object at 0x116a3eeb0>), ((17, 1), <game.Grid object at 0x116a3ef20>)]",132,132,919,27,25,52
920,"((18, 1), <game.Grid object at 0x1168c7770>)","((18, 2), <game.Grid object at 0x11577cd70>)",South,"[((18, 2), <game.Grid object at 0x116a3ef90>), ((17, 1), <game.Grid object at 0x116a3f000>)]",132,132,920,27,25,52
921,"((1, 3), <game.Grid object at 0x1168c7850>)","((2, 3), <game.Grid object at 0x11577ce50>)",West,"[((1, 4), <game.Grid object at 0x116a3f070>), ((2, 3), <game.Grid object at 0x116a3f0e0>)]",132,132,921,12,40,52
922,"((10, 3), <game.Grid object at 0x1168c7930>)","((11, 3), <game.Grid object at 0x11577d010>)",West,"[((10, 4), <game.Grid object at 0x116a3f1c0>), ((11, 3), <game.Grid object at 0x116a3f230>), ((9, 3), <game.Grid object at 0x116a3f2a0>)]",132,133,922,21,31,52
923,"((9, 5), <game.Grid object at 0x1168c7a80>)","((10, 5), <game.Grid object at 0x11577d160>)",West,"[((10, 5), <game.Grid object at 0x116a3f310>), ((8, 5), <game.Grid object at 0x116a3f380>)]",133,133,923,18,34,52
924,"((14, 5), <game.Grid object at 0x1168c7b60>)","((13, 5), <game.Grid object at 0x11577d240>)",East,"[((13, 5), <game.Grid object at 0x116a3f3f0>)]",133,132,924,21,31,52
925,"((12, 5), <game.Grid object at 0x1168c7bd0>)","((13, 5), <game.Grid object at 0x11577d240>)",West,"[((13, 5), <game.Grid object at 0x116a3f460>), ((11, 5), <game.Grid object at 0x116a3f4d0>)]",132,132,925,21,31,52
926,"((14, 5), <game.Grid object at 0x1168c7cb0>)","((13, 5), <game.Grid object at 0x11577d320>)",East,"[((13, 5), <game.Grid object at 0x116a3f540>)]",132,131,926,21,31,52
927,"((12, 5), <game.Grid object at 0x1168c7d20>)","((13, 5), <game.Grid object at 0x11577d320>)",West,"[((13, 5), <game.Grid object at 0x116a3f5b0>), ((11, 5), <game.Grid object at 0x116a3f620>)]",131,131,927,21,31,52
928,"((18, 2), <game.Grid object at 0x1168c7e00>)","((18, 3), <game.Grid object at 0x11577d470>)",South,"[((18, 3), <game.Grid object at 0x116a3f690>), ((18, 1), <game.Grid object at 0x116a3f700>)]",131,131,928,28,24,52
929,"((10, 5), <game.Grid object at 0x1168c7ee0>)","((11, 5), <game.Grid object at 0x11577d5c0>)",West,"[((10, 4), <game.Grid object at 0x116a3f770>), ((11, 5), <game.Grid object at 0x116a3f7e0>), ((9, 5), <game.Grid object at 0x116a3f850>)]",131,132,929,19,33,52
930,"((10, 3), <game.Grid object at 0x11693c050>)","((11, 3), <game.Grid object at 0x11577d6a0>)",West,"[((10, 4), <game.Grid object at 0x116a3f8c0>), ((11, 3), <game.Grid object at 0x116a3f930>), ((9, 3), <game.Grid object at 0x116a3f9a0>)]",132,133,930,21,31,52
931,"((18, 2), <game.Grid object at 0x11693c130>)","((18, 3), <game.Grid object at 0x11577d780>)",South,"[((18, 3), <game.Grid object at 0x116a3fa10>), ((18, 1), <game.Grid object at 0x116a3fa80>)]",133,133,931,28,24,52
932,"((18, 2), <game.Grid object at 0x11693c210>)","((18, 3), <game.Grid object at 0x11577d860>)",South,"[((18, 3), <game.Grid object at 0x116a3faf0>), ((18, 1), <game.Grid object at 0x116a3fb60>)]",133,133,932,28,24,52
933,"((18, 2), <game.Grid object at 0x11693c2f0>)","((18, 3), <game.Grid object at 0x11577d940>)",South,"[((18, 3), <game.Grid object at 0x116a3fbd0>), ((18, 1), <game.Grid object at 0x116a3fc40>)]",133,133,933,28,24,52
934,"((18, 2), <game.Grid object at 0x11693c3d0>)","((18, 3), <game.Grid object at 0x11577da20>)",South,"[((18, 3), <game.Grid object at 0x116a3fcb0>), ((18, 1), <game.Grid object at 0x116a3fd20>)]",133,133,934,28,24,52
935,"((6, 5), <game.Grid object at 0x11693c520>)","((7, 5), <game.Grid object at 0x11577da90>)",West,"[((7, 5), <game.Grid object at 0x116a3fd90>), ((5, 5), <game.Grid object at 0x116a3fe00>)]",133,133,935,15,37,52
936,"((2, 3), <game.Grid object at 0x11693c600>)","((3, 3), <game.Grid object at 0x11577dd30>)",West,"[((3, 3), <game.Grid object at 0x116a3fe70>), ((1, 3), <game.Grid object at 0x116a3fee0>)]",133,133,936,13,39,52
937,"((5, 3), <game.Grid object at 0x11693c750>)","((6, 3), <game.Grid object at 0x11577de80>)",West,"[((6, 3), <game.Grid object at 0x116aa8050>), ((4, 3), <game.Grid object at 0x116aa80c0>)]",133,133,937,16,36,52
938,"((6, 5), <game.Grid object at 0x11693c8a0>)","((7, 5), <game.Grid object at 0x11577def0>)",West,"[((7, 5), <game.Grid object at 0x116aa8130>), ((5, 5), <game.Grid object at 0x116aa81a0>)]",133,133,938,15,37,52
939,"((11, 3), <game.Grid object at 0x11693ca60>)","((12, 3), <game.Grid object at 0x11577e820>)",West,"[((12, 3), <game.Grid object at 0x116aa8210>), ((10, 3), <game.Grid object at 0x116aa8280>)]",133,133,939,22,30,52
940,"((11, 3), <game.Grid object at 0x11693cb40>)","((12, 3), <game.Grid object at 0x11577e970>)",West,"[((12, 3), <game.Grid object at 0x116aa82f0>), ((10, 3), <game.Grid object at 0x116aa8360>)]",133,133,940,22,30,52
941,"((11, 5), <game.Grid object at 0x11693cc20>)","((12, 5), <game.Grid object at 0x11577eac0>)",West,"[((12, 5), <game.Grid object at 0x116aa83d0>), ((10, 5), <game.Grid object at 0x116aa8440>)]",133,133,941,20,32,52
942,"((5, 3), <game.Grid object at 0x11693cd00>)","((6, 3), <game.Grid object at 0x11577ec10>)",West,"[((6, 3), <game.Grid object at 0x116aa84b0>), ((4, 3), <game.Grid object at 0x116aa8520>)]",133,133,942,16,36,52
943,"((5, 3), <game.Grid object at 0x11693cde0>)","((6, 3), <game.Grid object at 0x11577ef90>)",West,"[((6, 3), <game.Grid object at 0x116aa8590>), ((4, 3), <game.Grid object at 0x116aa8600>)]",133,133,943,16,36,52
944,"((12, 5), <game.Grid object at 0x11693d010>)","((13, 5), <game.Grid object at 0x11577f690>)",West,"[((13, 5), <game.Grid object at 0x116aa8670>), ((11, 5), <game.Grid object at 0x116aa86e0>)]",133,133,944,21,31,52
945,"((11, 5), <game.Grid object at 0x11693d160>)","((12, 5), <game.Grid object at 0x11577fbd0>)",West,"[((12, 5), <game.Grid object at 0x116aa8750>), ((10, 5), <game.Grid object at 0x116aa87c0>)]",133,133,945,20,32,52
946,"((11, 3), <game.Grid object at 0x11693d240>)","((12, 3), <game.Grid object at 0x11684c050>)",West,"[((12, 3), <game.Grid object at 0x116aa8830>), ((10, 3), <game.Grid object at 0x116aa88a0>)]",133,133,946,22,30,52
947,"((7, 5), <game.Grid object at 0x11693d2b0>)","((7, 4), <game.Grid object at 0x11684c0c0>)",North,"[((7, 4), <game.Grid object at 0x116aa8910>), ((8, 5), <game.Grid object at 0x116aa8980>), ((6, 5), <game.Grid object at 0x116aa89f0>)]",133,133,947,16,36,52
948,"((13, 5), <game.Grid object at 0x11693d390>)","((13, 4), <game.Grid object at 0x11684c590>)",North,"[((13, 4), <game.Grid object at 0x116aa8a60>), ((14, 5), <game.Grid object at 0x116aa8ad0>), ((12, 5), <game.Grid object at 0x116aa8b40>)]",133,134,948,22,30,52
949,"((11, 3), <game.Grid object at 0x11693d4e0>)","((12, 3), <game.Grid object at 0x11684cc90>)",West,"[((12, 3), <game.Grid object at 0x116aa8bb0>), ((10, 3), <game.Grid object at 0x116aa8c20>)]",134,134,949,22,30,52
950,"((11, 5), <game.Grid object at 0x11693d630>)","((12, 5), <game.Grid object at 0x11684d240>)",West,"[((12, 5), <game.Grid object at 0x116aa8c90>), ((10, 5), <game.Grid object at 0x116aa8d00>)]",134,134,950,20,32,52
951,"((11, 3), <game.Grid object at 0x11693d710>)","((12, 3), <game.Grid object at 0x11684def0>)",West,"[((12, 3), <game.Grid object at 0x116aa8d70>), ((10, 3), <game.Grid object at 0x116aa8de0>)]",134,134,951,22,30,52
952,"((18, 3), <game.Grid object at 0x11693d7f0>)","((18, 4), <game.Grid object at 0x11684e120>)",South,"[((18, 4), <game.Grid object at 0x116aa8e50>), ((18, 2), <game.Grid object at 0x116aa8ec0>)]",134,134,952,29,23,52
953,"((18, 3), <game.Grid object at 0x11693d8d0>)","((18, 4), <game.Grid object at 0x11684e200>)",South,"[((18, 4), <game.Grid object at 0x116aa8f30>), ((18, 2), <game.Grid object at 0x116aa8fa0>)]",134,134,953,29,23,52
954,"((18, 3), <game.Grid object at 0x11693d9b0>)","((18, 4), <game.Grid object at 0x11684eba0>)",South,"[((18, 4), <game.Grid object at 0x116aa9010>), ((18, 2), <game.Grid object at 0x116aa9080>)]",134,134,954,29,23,52
955,"((18, 3), <game.Grid object at 0x11693da90>)","((18, 4), <game.Grid object at 0x11684ef20>)",South,"[((18, 4), <game.Grid object at 0x116aa90f0>), ((18, 2), <game.Grid object at 0x116aa9160>)]",134,134,955,29,23,52
956,"((18, 3), <game.Grid object at 0x11693db70>)","((18, 4), <game.Grid object at 0x11684f000>)",South,"[((18, 4), <game.Grid object at 0x116aa91d0>), ((18, 2), <game.Grid object at 0x116aa9240>)]",134,134,956,29,23,52
957,"((18, 3), <game.Grid object at 0x11693dc50>)","((18, 4), <game.Grid object at 0x11684f1c0>)",South,"[((18, 4), <game.Grid object at 0x116aa92b0>), ((18, 2), <game.Grid object at 0x116aa9320>)]",134,134,957,29,23,52
958,"((18, 3), <game.Grid object at 0x11693dd30>)","((18, 4), <game.Grid object at 0x11684f460>)",South,"[((18, 4), <game.Grid object at 0x116aa9390>), ((18, 2), <game.Grid object at 0x116aa9400>)]",134,134,958,29,23,52
959,"((6, 3), <game.Grid object at 0x11693e190>)","((7, 3), <game.Grid object at 0x1168c4600>)",West,"[((7, 3), <game.Grid object at 0x116aa9470>), ((5, 3), <game.Grid object at 0x116aa94e0>)]",134,134,959,17,35,52
960,"((6, 3), <game.Grid object at 0x11693e2e0>)","((7, 3), <game.Grid object at 0x1168c49f0>)",West,"[((7, 3), <game.Grid object at 0x116aa9550>), ((5, 3), <game.Grid object at 0x116aa95c0>)]",134,134,960,17,35,52
961,"((7, 5), <game.Grid object at 0x11693e350>)","((7, 4), <game.Grid object at 0x1168c4fa0>)",North,"[((7, 4), <game.Grid object at 0x116aa9630>), ((8, 5), <game.Grid object at 0x116aa96a0>), ((6, 5), <game.Grid object at 0x116aa9710>)]",134,134,961,16,36,52
962,"((7, 5), <game.Grid object at 0x11693e430>)","((7, 4), <game.Grid object at 0x1168c50f0>)",North,"[((7, 4), <game.Grid object at 0x116aa9780>), ((8, 5), <game.Grid object at 0x116aa97f0>), ((6, 5), <game.Grid object at 0x116aa9860>)]",134,134,962,16,36,52
963,"((3, 3), <game.Grid object at 0x11693e7b0>)","((4, 3), <game.Grid object at 0x1168c5fd0>)",West,"[((4, 3), <game.Grid object at 0x116aa98d0>), ((2, 3), <game.Grid object at 0x116aa9940>)]",134,134,963,14,38,52
964,"((12, 5), <game.Grid object at 0x11693ed60>)","((13, 5), <game.Grid object at 0x11693d080>)",West,"[((13, 5), <game.Grid object at 0x116aa99b0>), ((11, 5), <game.Grid object at 0x116aa9a20>)]",134,134,964,21,31,52
965,"((12, 3), <game.Grid object at 0x11693f0e0>)","((13, 3), <game.Grid object at 0x11693d400>)",West,"[((13, 3), <game.Grid object at 0x116aa9a90>), ((11, 3), <game.Grid object at 0x116aa9b00>)]",134,134,965,23,29,52
966,"((12, 5), <game.Grid object at 0x11693f230>)","((13, 5), <game.Grid object at 0x11693d550>)",West,"[((13, 5), <game.Grid object at 0x116aa9b70>), ((11, 5), <game.Grid object at 0x116aa9be0>)]",134,134,966,21,31,52
967,"((6, 3), <game.Grid object at 0x11693f690>)","((7, 3), <game.Grid object at 0x11693e3c0>)",West,"[((7, 3), <game.Grid object at 0x116aa9c50>), ((5, 3), <game.Grid object at 0x116aa9cc0>)]",134,134,967,17,35,52
968,"((6, 3), <game.Grid object at 0x11693f8c0>)","((7, 3), <game.Grid object at 0x11693e4a0>)",West,"[((7, 3), <game.Grid object at 0x116aa9d30>), ((5, 3), <game.Grid object at 0x116aa9da0>)]",134,134,968,17,35,52
969,"((13, 5), <game.Grid object at 0x11693fcb0>)","((13, 4), <game.Grid object at 0x11693ec80>)",North,"[((13, 4), <game.Grid object at 0x116aa9e10>), ((14, 5), <game.Grid object at 0x116aa9e80>), ((12, 5), <game.Grid object at 0x116aa9ef0>)]",134,134,969,22,30,52
970,"((13, 5), <game.Grid object at 0x11693ff50>)","((13, 4), <game.Grid object at 0x11693f150>)",North,"[((13, 4), <game.Grid object at 0x116aa9f60>), ((14, 5), <game.Grid object at 0x116aa9fd0>), ((12, 5), <game.Grid object at 0x116aaa040>)]",134,134,970,22,30,52
971,"((14, 5), <game.Grid object at 0x1169c4600>)","((13, 5), <game.Grid object at 0x11693fbd0>)",East,"[((13, 5), <game.Grid object at 0x116aaa0b0>)]",134,134,971,21,31,52
972,"((12, 5), <game.Grid object at 0x1169c4670>)","((13, 5), <game.Grid object at 0x11693fbd0>)",West,"[((13, 5), <game.Grid object at 0x116aaa120>), ((11, 5), <game.Grid object at 0x116aaa190>)]",134,134,972,21,31,52
973,"((12, 3), <game.Grid object at 0x1169c47c0>)","((13, 3), <game.Grid object at 0x11693fd20>)",West,"[((13, 3), <game.Grid object at 0x116aaa200>), ((11, 3), <game.Grid object at 0x116aaa270>)]",134,134,973,23,29,52
974,"((12, 3), <game.Grid object at 0x1169c49f0>)","((13, 3), <game.Grid object at 0x1169c4050>)",West,"[((13, 3), <game.Grid object at 0x116aaa2e0>), ((11, 3), <game.Grid object at 0x116aaa350>)]",134,134,974,23,29,52
975,"((4, 4), <game.Grid object at 0x1169c4a60>)","((4, 3), <game.Grid object at 0x1169c40c0>)",North,"[((4, 5), <game.Grid object at 0x116aaa3c0>), ((4, 3), <game.Grid object at 0x116aaa430>)]",134,135,975,14,38,52
976,"((12, 3), <game.Grid object at 0x1169c5390>)","((13, 3), <game.Grid object at 0x1169c4de0>)",West,"[((13, 3), <game.Grid object at 0x116aaa4a0>), ((11, 3), <game.Grid object at 0x116aaa510>)]",135,135,976,23,29,52
977,"((7, 4), <game.Grid object at 0x1169c5b00>)","((7, 3), <game.Grid object at 0x1169c56a0>)",North,"[((7, 5), <game.Grid object at 0x116aaa580>), ((7, 3), <game.Grid object at 0x116aaa5f0>)]",135,136,977,17,35,52
978,"((18, 4), <game.Grid object at 0x1169c6270>)","((18, 5), <game.Grid object at 0x1169c5e10>)",South,"[((18, 5), <game.Grid object at 0x116aaa660>), ((18, 3), <game.Grid object at 0x116aaa6d0>)]",136,136,978,30,22,52
979,"((10, 4), <game.Grid object at 0x1169c67b0>)","((10, 3), <game.Grid object at 0x1169c6430>)",North,"[((10, 5), <game.Grid object at 0x116aaa740>), ((10, 3), <game.Grid object at 0x116aaa7b0>)]",136,137,979,20,32,52
980,"((18, 4), <game.Grid object at 0x1169c69e0>)","((18, 5), <game.Grid object at 0x1169c65f0>)",South,"[((18, 5), <game.Grid object at 0x116aaa820>), ((18, 3), <game.Grid object at 0x116aaa890>)]",137,137,980,30,22,52
981,"((18, 4), <game.Grid object at 0x1169c6ac0>)","((18, 5), <game.Grid object at 0x1169c66d0>)",South,"[((18, 5), <game.Grid object at 0x116aaa900>), ((18, 3), <game.Grid object at 0x116aaa970>)]",137,137,981,30,22,52
982,"((18, 4), <game.Grid object at 0x1169c6e40>)","((18, 5), <game.Grid object at 0x1169c6c80>)",South,"[((18, 5), <game.Grid object at 0x116aaa9e0>), ((18, 3), <game.Grid object at 0x116aaaa50>)]",137,137,982,30,22,52
983,"((13, 4), <game.Grid object at 0x1169c6f20>)","((13, 3), <game.Grid object at 0x1169c6d60>)",North,"[((13, 5), <game.Grid object at 0x116aaaac0>), ((13, 3), <game.Grid object at 0x116aaab30>)]",137,138,983,23,29,52
984,"((18, 4), <game.Grid object at 0x1169c75b0>)","((18, 5), <game.Grid object at 0x1169c74d0>)",South,"[((18, 5), <game.Grid object at 0x116aaaba0>), ((18, 3), <game.Grid object at 0x116aaac10>)]",138,138,984,30,22,52
985,"((1, 4), <game.Grid object at 0x1169c7690>)","((1, 5), <game.Grid object at 0x11684f5b0>)",South,"[((1, 5), <game.Grid object at 0x116aaac80>), ((1, 3), <game.Grid object at 0x116aaacf0>)]",138,138,985,11,41,52
986,"((2, 5), <game.Grid object at 0x1169c7700>)","((1, 5), <game.Grid object at 0x11684f5b0>)",East,"[((3, 5), <game.Grid object at 0x116aaad60>), ((1, 5), <game.Grid object at 0x116aaadd0>)]",138,138,986,11,41,52
987,"((1, 4), <game.Grid object at 0x1169c7770>)","((1, 5), <game.Grid object at 0x11684f770>)",South,"[((1, 5), <game.Grid object at 0x116aaae40>), ((1, 3), <game.Grid object at 0x116aaaeb0>)]",138,138,987,11,41,52
988,"((2, 5), <game.Grid object at 0x1169c77e0>)","((1, 5), <game.Grid object at 0x11684f770>)",East,"[((3, 5), <game.Grid object at 0x116aaaf20>), ((1, 5), <game.Grid object at 0x116aaaf90>)]",138,138,988,11,41,52
989,"((1, 4), <game.Grid object at 0x1169c7850>)","((1, 5), <game.Grid object at 0x11684f620>)",South,"[((1, 5), <game.Grid object at 0x116aab000>), ((1, 3), <game.Grid object at 0x116aab070>)]",138,138,989,11,41,52
990,"((2, 5), <game.Grid object at 0x1169c78c0>)","((1, 5), <game.Grid object at 0x11684f620>)",East,"[((3, 5), <game.Grid object at 0x116aab0e0>), ((1, 5), <game.Grid object at 0x116aab150>)]",138,138,990,11,41,52
991,"((8, 5), <game.Grid object at 0x116a3c670>)","((7, 5), <game.Grid object at 0x1168c4590>)",East,"[((9, 5), <game.Grid object at 0x116aab1c0>), ((7, 5), <game.Grid object at 0x116aab230>)]",138,137,991,17,35,52
992,"((8, 5), <game.Grid object at 0x116a3ca60>)","((7, 5), <game.Grid object at 0x1168c4980>)",East,"[((9, 5), <game.Grid object at 0x116aab2a0>), ((7, 5), <game.Grid object at 0x116aab310>)]",137,136,992,17,35,52
993,"((1, 3), <game.Grid object at 0x116a3d010>)","((1, 4), <game.Grid object at 0x1168c4ec0>)",South,"[((1, 4), <game.Grid object at 0x116aab380>), ((2, 3), <game.Grid object at 0x116aab3f0>)]",136,136,993,12,40,52
994,"((7, 3), <game.Grid object at 0x116a3d4e0>)","((7, 4), <game.Grid object at 0x1168c5470>)",South,"[((7, 4), <game.Grid object at 0x116aab4d0>), ((8, 3), <game.Grid object at 0x116aab540>), ((6, 3), <game.Grid object at 0x116aab5b0>)]",136,136,994,18,34,52
995,"((7, 4), <game.Grid object at 0x116a3da90>)","((7, 5), <game.Grid object at 0x1168c5c50>)",South,"[((7, 5), <game.Grid object at 0x116aab620>), ((7, 3), <game.Grid object at 0x116aab690>)]",136,136,995,17,35,52
996,"((5, 5), <game.Grid object at 0x116a3def0>)","((4, 5), <game.Grid object at 0x1168c5f60>)",East,"[((6, 5), <game.Grid object at 0x116aab700>), ((4, 5), <game.Grid object at 0x116aab770>)]",136,135,996,14,38,52
997,"((8, 5), <game.Grid object at 0x116aa96a0>)","((7, 5), <game.Grid object at 0x11693e350>)",East,"[((9, 5), <game.Grid object at 0x116aab7e0>), ((7, 5), <game.Grid object at 0x116aab850>)]",135,134,997,17,35,52
998,"((1, 3), <game.Grid object at 0x116a3e9e0>)","((1, 4), <game.Grid object at 0x1168c6d60>)",South,"[((1, 4), <game.Grid object at 0x116aab8c0>), ((2, 3), <game.Grid object at 0x116aab930>)]",134,134,998,12,40,52
999,"((8, 5), <game.Grid object at 0x116aa97f0>)","((7, 5), <game.Grid object at 0x11693e430>)",East,"[((9, 5), <game.Grid object at 0x116aaba10>), ((7, 5), <game.Grid object at 0x116aaba80>)]",134,133,999,17,35,52
1000,"((8, 3), <game.Grid object at 0x116aab540>)","((7, 3), <game.Grid object at 0x116a3d4e0>)",East,"[((9, 3), <game.Grid object at 0x116aabaf0>), ((7, 3), <game.Grid object at 0x116aabb60>)]",133,132,1000,19,33,52
1001,"((8, 5), <game.Grid object at 0x116aa8980>)","((7, 5), <game.Grid object at 0x11693d2b0>)",East,"[((9, 5), <game.Grid object at 0x116aabbd0>), ((7, 5), <game.Grid object at 0x116aabc40>)]",132,131,1001,17,35,52
1002,"((10, 4), <game.Grid object at 0x116a3f770>)","((10, 5), <game.Grid object at 0x1168c7ee0>)",South,"[((10, 5), <game.Grid object at 0x116aabcb0>), ((10, 3), <game.Grid object at 0x116aabd20>)]",131,131,1002,20,32,52
1003,"((6, 5), <game.Grid object at 0x116aab700>)","((5, 5), <game.Grid object at 0x116a3def0>)",East,"[((7, 5), <game.Grid object at 0x116aabd90>), ((5, 5), <game.Grid object at 0x116aabe00>)]",131,130,1003,15,37,52
1004,"((13, 5), <game.Grid object at 0x116aaa0b0>)","((14, 5), <game.Grid object at 0x1169c4600>)",West,"[((13, 4), <game.Grid object at 0x116aabe70>), ((14, 5), <game.Grid object at 0x116aabee0>), ((12, 5), <game.Grid object at 0x116aabf50>)]",130,131,1004,22,30,52
1005,"((4, 3), <game.Grid object at 0x116aaa430>)","((4, 4), <game.Grid object at 0x1169c4a60>)",South,"[((4, 4), <game.Grid object at 0x116b28050>), ((5, 3), <game.Grid object at 0x116b280c0>), ((3, 3), <game.Grid object at 0x116b28130>)]",131,132,1005,15,37,52
1006,"((7, 3), <game.Grid object at 0x116aaa5f0>)","((7, 4), <game.Grid object at 0x1169c5b00>)",South,"[((7, 4), <game.Grid object at 0x116b281a0>), ((8, 3), <game.Grid object at 0x116b28210>), ((6, 3), <game.Grid object at 0x116b28280>)]",132,133,1006,18,34,52
1007,"((10, 3), <game.Grid object at 0x116aaa7b0>)","((10, 4), <game.Grid object at 0x1169c67b0>)",South,"[((10, 4), <game.Grid object at 0x116b282f0>), ((11, 3), <game.Grid object at 0x116b28360>), ((9, 3), <game.Grid object at 0x116b283d0>)]",133,134,1007,21,31,52
1008,"((13, 3), <game.Grid object at 0x116aaab30>)","((13, 4), <game.Grid object at 0x1169c6f20>)",South,"[((13, 4), <game.Grid object at 0x116b28440>), ((14, 3), <game.Grid object at 0x116b284b0>), ((12, 3), <game.Grid object at 0x116b28520>)]",134,135,1008,24,28,52
1009,"((1, 3), <game.Grid object at 0x116aaacf0>)","((1, 4), <game.Grid object at 0x1169c7690>)",South,"[((1, 4), <game.Grid object at 0x116b28590>), ((2, 3), <game.Grid object at 0x116b28600>)]",135,135,1009,12,40,52
1010,"((3, 5), <game.Grid object at 0x116aaad60>)","((2, 5), <game.Grid object at 0x1169c7700>)",East,"[((4, 5), <game.Grid object at 0x116b286e0>), ((2, 5), <game.Grid object at 0x116b28750>)]",135,135,1010,12,40,52
1011,"((1, 3), <game.Grid object at 0x116aaaeb0>)","((1, 4), <game.Grid object at 0x1169c7770>)",South,"[((1, 4), <game.Grid object at 0x116b28830>), ((2, 3), <game.Grid object at 0x116b288a0>)]",135,135,1011,12,40,52
1012,"((3, 5), <game.Grid object at 0x116aaaf20>)","((2, 5), <game.Grid object at 0x1169c77e0>)",East,"[((4, 5), <game.Grid object at 0x116b28980>), ((2, 5), <game.Grid object at 0x116b289f0>)]",135,135,1012,12,40,52
1013,"((1, 3), <game.Grid object at 0x116aab070>)","((1, 4), <game.Grid object at 0x1169c7850>)",South,"[((1, 4), <game.Grid object at 0x116b28ad0>), ((2, 3), <game.Grid object at 0x116b28b40>)]",135,135,1013,12,40,52
1014,"((3, 5), <game.Grid object at 0x116aab0e0>)","((2, 5), <game.Grid object at 0x1169c78c0>)",East,"[((4, 5), <game.Grid object at 0x116b28c20>), ((2, 5), <game.Grid object at 0x116b28c90>)]",135,135,1014,12,40,52
1015,"((2, 3), <game.Grid object at 0x116aab3f0>)","((1, 3), <game.Grid object at 0x116a3d010>)",East,"[((3, 3), <game.Grid object at 0x116b28d70>), ((1, 3), <game.Grid object at 0x116b28de0>)]",135,135,1015,13,39,52
1016,"((7, 3), <game.Grid object at 0x116aab690>)","((7, 4), <game.Grid object at 0x116a3da90>)",South,"[((7, 4), <game.Grid object at 0x116b28ec0>), ((8, 3), <game.Grid object at 0x116b28f30>), ((6, 3), <game.Grid object at 0x116b28fa0>)]",135,136,1016,18,34,52
1017,"((2, 3), <game.Grid object at 0x116aab930>)","((1, 3), <game.Grid object at 0x116a3e9e0>)",East,"[((3, 3), <game.Grid object at 0x116b29010>), ((1, 3), <game.Grid object at 0x116b29080>)]",136,135,1017,13,39,52
1018,"((10, 3), <game.Grid object at 0x116aabd20>)","((10, 4), <game.Grid object at 0x116a3f770>)",South,"[((10, 4), <game.Grid object at 0x116b29160>), ((11, 3), <game.Grid object at 0x116b291d0>), ((9, 3), <game.Grid object at 0x116b29240>)]",135,136,1018,21,31,52
1019,"((13, 4), <game.Grid object at 0x116aabe70>)","((13, 5), <game.Grid object at 0x116aaa0b0>)",South,"[((13, 5), <game.Grid object at 0x116b292b0>), ((13, 3), <game.Grid object at 0x116b29320>)]",136,137,1019,23,29,52
1020,"((5, 3), <game.Grid object at 0x116b280c0>)","((4, 3), <game.Grid object at 0x116aaa430>)",East,"[((6, 3), <game.Grid object at 0x116b29390>), ((4, 3), <game.Grid object at 0x116b29400>)]",137,137,1020,16,36,52
1021,"((3, 3), <game.Grid object at 0x116b29010>)","((2, 3), <game.Grid object at 0x116aab930>)",East,"[((4, 3), <game.Grid object at 0x116b29470>), ((2, 3), <game.Grid object at 0x116b294e0>)]",137,136,1021,14,38,52
1022,"((8, 3), <game.Grid object at 0x116b28210>)","((7, 3), <game.Grid object at 0x116aaa5f0>)",East,"[((9, 3), <game.Grid object at 0x116b29550>), ((7, 3), <game.Grid object at 0x116b295c0>)]",136,136,1022,19,33,52
1023,"((11, 3), <game.Grid object at 0x116b28360>)","((10, 3), <game.Grid object at 0x116aaa7b0>)",East,"[((12, 3), <game.Grid object at 0x116b29630>), ((10, 3), <game.Grid object at 0x116b296a0>)]",136,136,1023,22,30,52
1024,"((14, 3), <game.Grid object at 0x116b284b0>)","((13, 3), <game.Grid object at 0x116aaab30>)",East,"[((15, 3), <game.Grid object at 0x116b29710>), ((13, 3), <game.Grid object at 0x116b29780>)]",136,136,1024,25,27,52
1025,"((2, 3), <game.Grid object at 0x116b28600>)","((1, 3), <game.Grid object at 0x116aaacf0>)",East,"[((3, 3), <game.Grid object at 0x116b297f0>), ((1, 3), <game.Grid object at 0x116b29860>)]",136,136,1025,13,39,52
1026,"((4, 5), <game.Grid object at 0x116b286e0>)","((3, 5), <game.Grid object at 0x116aaad60>)",East,"[((4, 4), <game.Grid object at 0x116b29940>), ((5, 5), <game.Grid object at 0x116b299b0>), ((3, 5), <game.Grid object at 0x116b29a20>)]",136,137,1026,13,39,52
1027,"((2, 3), <game.Grid object at 0x116b288a0>)","((1, 3), <game.Grid object at 0x116aaaeb0>)",East,"[((3, 3), <game.Grid object at 0x116b29b70>), ((1, 3), <game.Grid object at 0x116b29be0>)]",137,137,1027,13,39,52
1028,"((4, 5), <game.Grid object at 0x116b28980>)","((3, 5), <game.Grid object at 0x116aaaf20>)",East,"[((4, 4), <game.Grid object at 0x116b29cc0>), ((5, 5), <game.Grid object at 0x116b29d30>), ((3, 5), <game.Grid object at 0x116b29da0>)]",137,138,1028,13,39,52
1029,"((2, 3), <game.Grid object at 0x116b28b40>)","((1, 3), <game.Grid object at 0x116aab070>)",East,"[((3, 3), <game.Grid object at 0x116b29ef0>), ((1, 3), <game.Grid object at 0x116b29f60>)]",138,138,1029,13,39,52
1030,"((4, 5), <game.Grid object at 0x116b28c20>)","((3, 5), <game.Grid object at 0x116aab0e0>)",East,"[((4, 4), <game.Grid object at 0x116b2a040>), ((5, 5), <game.Grid object at 0x116b2a0b0>), ((3, 5), <game.Grid object at 0x116b2a120>)]",138,139,1030,13,39,52
1031,"((3, 3), <game.Grid object at 0x116b28d70>)","((2, 3), <game.Grid object at 0x116aab3f0>)",East,"[((4, 3), <game.Grid object at 0x116b2a270>), ((2, 3), <game.Grid object at 0x116b2a2e0>)]",139,139,1031,14,38,52
1032,"((8, 3), <game.Grid object at 0x116b28f30>)","((7, 3), <game.Grid object at 0x116aab690>)",East,"[((9, 3), <game.Grid object at 0x116b2a350>), ((7, 3), <game.Grid object at 0x116b2a3c0>)]",139,139,1032,19,33,52
1033,"((11, 3), <game.Grid object at 0x116b291d0>)","((10, 3), <game.Grid object at 0x116aabd20>)",East,"[((12, 3), <game.Grid object at 0x116b2a430>), ((10, 3), <game.Grid object at 0x116b2a4a0>)]",139,139,1033,22,30,52
1034,"((13, 3), <game.Grid object at 0x116b29320>)","((13, 4), <game.Grid object at 0x116aabe70>)",South,"[((13, 4), <game.Grid object at 0x116b2a510>), ((14, 3), <game.Grid object at 0x116b2a580>), ((12, 3), <game.Grid object at 0x116b2a5f0>)]",139,140,1034,24,28,52
1035,"((6, 3), <game.Grid object at 0x116b29390>)","((5, 3), <game.Grid object at 0x116b280c0>)",East,"[((7, 3), <game.Grid object at 0x116b2a660>), ((5, 3), <game.Grid object at 0x116b2a6d0>)]",140,140,1035,17,35,52
1036,"((9, 3), <game.Grid object at 0x116b29550>)","((8, 3), <game.Grid object at 0x116b28210>)",East,"[((10, 3), <game.Grid object at 0x116b2a740>), ((8, 3), <game.Grid object at 0x116b2a7b0>)]",140,140,1036,20,32,52
1037,"((12, 3), <game.Grid object at 0x116b29630>)","((11, 3), <game.Grid object at 0x116b28360>)",East,"[((13, 3), <game.Grid object at 0x116b2a820>), ((11, 3), <game.Grid object at 0x116b2a890>)]",140,140,1037,23,29,52
1038,"((15, 3), <game.Grid object at 0x116b29710>)","((14, 3), <game.Grid object at 0x116b284b0>)",East,"[((16, 3), <game.Grid object at 0x116b2a900>), ((14, 3), <game.Grid object at 0x116b2a970>)]",140,140,1038,26,26,52
1039,"((3, 3), <game.Grid object at 0x116b297f0>)","((2, 3), <game.Grid object at 0x116b28600>)",East,"[((4, 3), <game.Grid object at 0x116b2a9e0>), ((2, 3), <game.Grid object at 0x116b2aa50>)]",140,140,1039,14,38,52
1040,"((4, 4), <game.Grid object at 0x116b29940>)","((4, 5), <game.Grid object at 0x116b286e0>)",South,"[((4, 5), <game.Grid object at 0x116b2aac0>), ((4, 3), <game.Grid object at 0x116b2ab30>)]",140,141,1040,14,38,52
1041,"((5, 5), <game.Grid object at 0x116b299b0>)","((4, 5), <game.Grid object at 0x116b286e0>)",East,"[((6, 5), <game.Grid object at 0x116b2aba0>), ((4, 5), <game.Grid object at 0x116b2ac10>)]",141,141,1041,14,38,52
1042,"((3, 3), <game.Grid object at 0x116b29b70>)","((2, 3), <game.Grid object at 0x116b288a0>)",East,"[((4, 3), <game.Grid object at 0x116b2ac80>), ((2, 3), <game.Grid object at 0x116b2acf0>)]",141,141,1042,14,38,52
1043,"((4, 4), <game.Grid object at 0x116b29cc0>)","((4, 5), <game.Grid object at 0x116b28980>)",South,"[((4, 5), <game.Grid object at 0x116b2ad60>), ((4, 3), <game.Grid object at 0x116b2add0>)]",141,141,1043,14,38,52
1044,"((5, 5), <game.Grid object at 0x116b29d30>)","((4, 5), <game.Grid object at 0x116b28980>)",East,"[((6, 5), <game.Grid object at 0x116b2ae40>), ((4, 5), <game.Grid object at 0x116b2aeb0>)]",141,141,1044,14,38,52
1045,"((3, 3), <game.Grid object at 0x116b29ef0>)","((2, 3), <game.Grid object at 0x116b28b40>)",East,"[((4, 3), <game.Grid object at 0x116b2af20>), ((2, 3), <game.Grid object at 0x116b2af90>)]",141,141,1045,14,38,52
1046,"((4, 4), <game.Grid object at 0x116b2a040>)","((4, 5), <game.Grid object at 0x116b28c20>)",South,"[((4, 5), <game.Grid object at 0x116b2b000>), ((4, 3), <game.Grid object at 0x116b2b070>)]",141,141,1046,14,38,52
1047,"((5, 5), <game.Grid object at 0x116b2a0b0>)","((4, 5), <game.Grid object at 0x116b28c20>)",East,"[((6, 5), <game.Grid object at 0x116b2b0e0>), ((4, 5), <game.Grid object at 0x116b2b150>)]",141,141,1047,14,38,52
1048,"((4, 3), <game.Grid object at 0x116b2a270>)","((3, 3), <game.Grid object at 0x116b28d70>)",East,"[((4, 4), <game.Grid object at 0x116b2b1c0>), ((5, 3), <game.Grid object at 0x116b2b230>), ((3, 3), <game.Grid object at 0x116b2b2a0>)]",141,142,1048,15,37,52
1049,"((9, 3), <game.Grid object at 0x116b2a350>)","((8, 3), <game.Grid object at 0x116b28f30>)",East,"[((10, 3), <game.Grid object at 0x116b2b310>), ((8, 3), <game.Grid object at 0x116b2b380>)]",142,142,1049,20,32,52
1050,"((12, 3), <game.Grid object at 0x116b2a430>)","((11, 3), <game.Grid object at 0x116b291d0>)",East,"[((13, 3), <game.Grid object at 0x116b2b3f0>), ((11, 3), <game.Grid object at 0x116b2b460>)]",142,142,1050,23,29,52
1051,"((14, 3), <game.Grid object at 0x116b2a580>)","((13, 3), <game.Grid object at 0x116b29320>)",East,"[((15, 3), <game.Grid object at 0x116b2b4d0>), ((13, 3), <game.Grid object at 0x116b2b540>)]",142,142,1051,25,27,52
1052,"((7, 3), <game.Grid object at 0x116b2a660>)","((6, 3), <game.Grid object at 0x116b29390>)",East,"[((7, 4), <game.Grid object at 0x116b2b5b0>), ((8, 3), <game.Grid object at 0x116b2b620>), ((6, 3), <game.Grid object at 0x116b2b690>)]",142,143,1052,18,34,52
1053,"((10, 3), <game.Grid object at 0x116b2a740>)","((9, 3), <game.Grid object at 0x116b29550>)",East,"[((10, 4), <game.Grid object at 0x116b2b700>), ((11, 3), <game.Grid object at 0x116b2b770>), ((9, 3), <game.Grid object at 0x116b2b7e0>)]",143,144,1053,21,31,52
1054,"((13, 3), <game.Grid object at 0x116b2a820>)","((12, 3), <game.Grid object at 0x116b29630>)",East,"[((13, 4), <game.Grid object at 0x116b2b850>), ((14, 3), <game.Grid object at 0x116b2b8c0>), ((12, 3), <game.Grid object at 0x116b2b930>)]",144,145,1054,24,28,52
1055,"((16, 3), <game.Grid object at 0x116b2a900>)","((15, 3), <game.Grid object at 0x116b29710>)",East,"[((16, 4), <game.Grid object at 0x116b2b9a0>), ((15, 3), <game.Grid object at 0x116b2ba10>)]",145,145,1055,27,25,52
1056,"((4, 3), <game.Grid object at 0x116b2a9e0>)","((3, 3), <game.Grid object at 0x116b297f0>)",East,"[((4, 4), <game.Grid object at 0x116b2ba80>), ((5, 3), <game.Grid object at 0x116b2baf0>), ((3, 3), <game.Grid object at 0x116b2bb60>)]",145,146,1056,15,37,52
1057,"((4, 3), <game.Grid object at 0x116b2ab30>)","((4, 4), <game.Grid object at 0x116b29940>)",South,"[((4, 4), <game.Grid object at 0x116b2bbd0>), ((5, 3), <game.Grid object at 0x116b2bc40>), ((3, 3), <game.Grid object at 0x116b2bcb0>)]",146,147,1057,15,37,52
1058,"((6, 5), <game.Grid object at 0x116b2aba0>)","((5, 5), <game.Grid object at 0x116b299b0>)",East,"[((7, 5), <game.Grid object at 0x116b2bd20>), ((5, 5), <game.Grid object at 0x116b2bd90>)]",147,147,1058,15,37,52
1059,"((4, 3), <game.Grid object at 0x116b2ac80>)","((3, 3), <game.Grid object at 0x116b29b70>)",East,"[((4, 4), <game.Grid object at 0x116b2be00>), ((5, 3), <game.Grid object at 0x116b2be70>), ((3, 3), <game.Grid object at 0x116b2bee0>)]",147,147,1059,15,37,52
1060,"((4, 3), <game.Grid object at 0x116b2add0>)","((4, 4), <game.Grid object at 0x116b29cc0>)",South,"[((4, 4), <game.Grid object at 0x116b2bf50>), ((5, 3), <game.Grid object at 0x116b9c050>), ((3, 3), <game.Grid object at 0x116b9c0c0>)]",147,148,1060,15,37,52
1061,"((6, 5), <game.Grid object at 0x116b2ae40>)","((5, 5), <game.Grid object at 0x116b29d30>)",East,"[((7, 5), <game.Grid object at 0x116b9c130>), ((5, 5), <game.Grid object at 0x116b9c1a0>)]",148,148,1061,15,37,52
1062,"((4, 3), <game.Grid object at 0x116b2af20>)","((3, 3), <game.Grid object at 0x116b29ef0>)",East,"[((4, 4), <game.Grid object at 0x116b9c210>), ((5, 3), <game.Grid object at 0x116b9c280>), ((3, 3), <game.Grid object at 0x116b9c2f0>)]",148,148,1062,15,37,52
1063,"((6, 5), <game.Grid object at 0x116b2b0e0>)","((5, 5), <game.Grid object at 0x116b2a0b0>)",East,"[((7, 5), <game.Grid object at 0x116b9c360>), ((5, 5), <game.Grid object at 0x116b9c3d0>)]",148,148,1063,15,37,52
1064,"((5, 3), <game.Grid object at 0x116b2b230>)","((4, 3), <game.Grid object at 0x116b2a270>)",East,"[((6, 3), <game.Grid object at 0x116b9c440>), ((4, 3), <game.Grid object at 0x116b9c4b0>)]",148,147,1064,16,36,52
1065,"((6, 3), <game.Grid object at 0x116b9c440>)","((5, 3), <game.Grid object at 0x116b2b230>)",East,"[((7, 3), <game.Grid object at 0x116b9c520>), ((5, 3), <game.Grid object at 0x116b9c590>)]",147,146,1065,17,35,52
1066,"((10, 3), <game.Grid object at 0x116b2b310>)","((9, 3), <game.Grid object at 0x116b2a350>)",East,"[((10, 4), <game.Grid object at 0x116b9c600>), ((11, 3), <game.Grid object at 0x116b9c670>), ((9, 3), <game.Grid object at 0x116b9c6e0>)]",146,146,1066,21,31,52
1067,"((13, 3), <game.Grid object at 0x116b2b3f0>)","((12, 3), <game.Grid object at 0x116b2a430>)",East,"[((13, 4), <game.Grid object at 0x116b9c750>), ((14, 3), <game.Grid object at 0x116b9c7c0>), ((12, 3), <game.Grid object at 0x116b9c830>)]",146,146,1067,24,28,52
1068,"((15, 3), <game.Grid object at 0x116b2b4d0>)","((14, 3), <game.Grid object at 0x116b2a580>)",East,"[((16, 3), <game.Grid object at 0x116b9c8a0>), ((14, 3), <game.Grid object at 0x116b9c910>)]",146,146,1068,26,26,52
1069,"((8, 3), <game.Grid object at 0x116b2b620>)","((7, 3), <game.Grid object at 0x116b2a660>)",East,"[((9, 3), <game.Grid object at 0x116b9c980>), ((7, 3), <game.Grid object at 0x116b9c9f0>)]",146,146,1069,19,33,52
1070,"((11, 3), <game.Grid object at 0x116b2b770>)","((10, 3), <game.Grid object at 0x116b2a740>)",East,"[((12, 3), <game.Grid object at 0x116b9ca60>), ((10, 3), <game.Grid object at 0x116b9cad0>)]",146,146,1070,22,30,52
1071,"((14, 3), <game.Grid object at 0x116b2b8c0>)","((13, 3), <game.Grid object at 0x116b2a820>)",East,"[((15, 3), <game.Grid object at 0x116b9cb40>), ((13, 3), <game.Grid object at 0x116b9cbb0>)]",146,146,1071,25,27,52
1072,"((16, 4), <game.Grid object at 0x116b2b9a0>)","((16, 3), <game.Grid object at 0x116b2a900>)",North,"[((16, 5), <game.Grid object at 0x116b9cc20>), ((16, 3), <game.Grid object at 0x116b9cc90>)]",146,146,1072,28,24,52
1073,"((5, 3), <game.Grid object at 0x116b2baf0>)","((4, 3), <game.Grid object at 0x116b2a9e0>)",East,"[((6, 3), <game.Grid object at 0x116b9cd00>), ((4, 3), <game.Grid object at 0x116b9cd70>)]",146,146,1073,16,36,52
1074,"((5, 3), <game.Grid object at 0x116b2bc40>)","((4, 3), <game.Grid object at 0x116b2ab30>)",East,"[((6, 3), <game.Grid object at 0x116b9cde0>), ((4, 3), <game.Grid object at 0x116b9ce50>)]",146,146,1074,16,36,52
1075,"((7, 5), <game.Grid object at 0x116b2bd20>)","((6, 5), <game.Grid object at 0x116b2aba0>)",East,"[((7, 4), <game.Grid object at 0x116b9cec0>), ((8, 5), <game.Grid object at 0x116b9cf30>), ((6, 5), <game.Grid object at 0x116b9cfa0>)]",146,147,1075,16,36,52
1076,"((5, 3), <game.Grid object at 0x116b2be70>)","((4, 3), <game.Grid object at 0x116b2ac80>)",East,"[((6, 3), <game.Grid object at 0x116b9d010>), ((4, 3), <game.Grid object at 0x116b9d080>)]",147,147,1076,16,36,52
1077,"((5, 3), <game.Grid object at 0x116b9c050>)","((4, 3), <game.Grid object at 0x116b2add0>)",East,"[((6, 3), <game.Grid object at 0x116b9d0f0>), ((4, 3), <game.Grid object at 0x116b9d160>)]",147,147,1077,16,36,52
1078,"((7, 5), <game.Grid object at 0x116b9c130>)","((6, 5), <game.Grid object at 0x116b2ae40>)",East,"[((7, 4), <game.Grid object at 0x116b9d1d0>), ((8, 5), <game.Grid object at 0x116b9d240>), ((6, 5), <game.Grid object at 0x116b9d2b0>)]",147,148,1078,16,36,52
1079,"((5, 3), <game.Grid object at 0x116b9c280>)","((4, 3), <game.Grid object at 0x116b2af20>)",East,"[((6, 3), <game.Grid object at 0x116b9d320>), ((4, 3), <game.Grid object at 0x116b9d390>)]",148,148,1079,16,36,52
1080,"((7, 5), <game.Grid object at 0x116b9c360>)","((6, 5), <game.Grid object at 0x116b2b0e0>)",East,"[((7, 4), <game.Grid object at 0x116b9d400>), ((8, 5), <game.Grid object at 0x116b9d470>), ((6, 5), <game.Grid object at 0x116b9d4e0>)]",148,149,1080,16,36,52
1081,"((11, 3), <game.Grid object at 0x116b9c670>)","((10, 3), <game.Grid object at 0x116b2b310>)",East,"[((12, 3), <game.Grid object at 0x116b9d550>), ((10, 3), <game.Grid object at 0x116b9d5c0>)]",149,149,1081,22,30,52
1082,"((14, 3), <game.Grid object at 0x116b9c7c0>)","((13, 3), <game.Grid object at 0x116b2b3f0>)",East,"[((15, 3), <game.Grid object at 0x116b9d630>), ((13, 3), <game.Grid object at 0x116b9d6a0>)]",149,149,1082,25,27,52
1083,"((16, 3), <game.Grid object at 0x116b9c8a0>)","((15, 3), <game.Grid object at 0x116b2b4d0>)",East,"[((16, 4), <game.Grid object at 0x116b9d710>), ((15, 3), <game.Grid object at 0x116b9d780>)]",149,149,1083,27,25,52
1084,"((9, 3), <game.Grid object at 0x116b9c980>)","((8, 3), <game.Grid object at 0x116b2b620>)",East,"[((10, 3), <game.Grid object at 0x116b9d7f0>), ((8, 3), <game.Grid object at 0x116b9d860>)]",149,149,1084,20,32,52
1085,"((12, 3), <game.Grid object at 0x116b9ca60>)","((11, 3), <game.Grid object at 0x116b2b770>)",East,"[((13, 3), <game.Grid object at 0x116b9d8d0>), ((11, 3), <game.Grid object at 0x116b9d940>)]",149,149,1085,23,29,52
1086,"((15, 3), <game.Grid object at 0x116b9cb40>)","((14, 3), <game.Grid object at 0x116b2b8c0>)",East,"[((16, 3), <game.Grid object at 0x116b9d9b0>), ((14, 3), <game.Grid object at 0x116b9da20>)]",149,149,1086,26,26,52
1087,"((16, 5), <game.Grid object at 0x116b9cc20>)","((16, 4), <game.Grid object at 0x116b2b9a0>)",North,"[((16, 4), <game.Grid object at 0x116b9da90>), ((17, 5), <game.Grid object at 0x116b9db00>)]",149,149,1087,29,23,52
1088,"((6, 3), <game.Grid object at 0x116b9cd00>)","((5, 3), <game.Grid object at 0x116b2baf0>)",East,"[((7, 3), <game.Grid object at 0x116b9db70>), ((5, 3), <game.Grid object at 0x116b9dbe0>)]",149,149,1088,17,35,52
1089,"((6, 3), <game.Grid object at 0x116b9cde0>)","((5, 3), <game.Grid object at 0x116b2bc40>)",East,"[((7, 3), <game.Grid object at 0x116b9dc50>), ((5, 3), <game.Grid object at 0x116b9dcc0>)]",149,149,1089,17,35,52
1090,"((7, 4), <game.Grid object at 0x116b9cec0>)","((7, 5), <game.Grid object at 0x116b2bd20>)",South,"[((7, 5), <game.Grid object at 0x116b9dd30>), ((7, 3), <game.Grid object at 0x116b9dda0>)]",149,149,1090,17,35,52
1091,"((8, 5), <game.Grid object at 0x116b9cf30>)","((7, 5), <game.Grid object at 0x116b2bd20>)",East,"[((9, 5), <game.Grid object at 0x116b9de10>), ((7, 5), <game.Grid object at 0x116b9de80>)]",149,149,1091,17,35,52
1092,"((6, 3), <game.Grid object at 0x116b9d010>)","((5, 3), <game.Grid object at 0x116b2be70>)",East,"[((7, 3), <game.Grid object at 0x116b9def0>), ((5, 3), <game.Grid object at 0x116b9df60>)]",149,149,1092,17,35,52
1093,"((6, 3), <game.Grid object at 0x116b9d0f0>)","((5, 3), <game.Grid object at 0x116b9c050>)",East,"[((7, 3), <game.Grid object at 0x116b9dfd0>), ((5, 3), <game.Grid object at 0x116b9e040>)]",149,149,1093,17,35,52
1094,"((7, 4), <game.Grid object at 0x116b9d1d0>)","((7, 5), <game.Grid object at 0x116b9c130>)",South,"[((7, 5), <game.Grid object at 0x116b9e0b0>), ((7, 3), <game.Grid object at 0x116b9e120>)]",149,149,1094,17,35,52
1095,"((8, 5), <game.Grid object at 0x116b9d240>)","((7, 5), <game.Grid object at 0x116b9c130>)",East,"[((9, 5), <game.Grid object at 0x116b9e190>), ((7, 5), <game.Grid object at 0x116b9e200>)]",149,149,1095,17,35,52
1096,"((6, 3), <game.Grid object at 0x116b9d320>)","((5, 3), <game.Grid object at 0x116b9c280>)",East,"[((7, 3), <game.Grid object at 0x116b9e270>), ((5, 3), <game.Grid object at 0x116b9e2e0>)]",149,149,1096,17,35,52
1097,"((7, 4), <game.Grid object at 0x116b9d400>)","((7, 5), <game.Grid object at 0x116b9c360>)",South,"[((7, 5), <game.Grid object at 0x116b9e350>), ((7, 3), <game.Grid object at 0x116b9e3c0>)]",149,149,1097,17,35,52
1098,"((8, 5), <game.Grid object at 0x116b9d470>)","((7, 5), <game.Grid object at 0x116b9c360>)",East,"[((9, 5), <game.Grid object at 0x116b9e430>), ((7, 5), <game.Grid object at 0x116b9e4a0>)]",149,149,1098,17,35,52
1099,"((12, 3), <game.Grid object at 0x116b9d550>)","((11, 3), <game.Grid object at 0x116b9c670>)",East,"[((13, 3), <game.Grid object at 0x116b9e510>), ((11, 3), <game.Grid object at 0x116b9e580>)]",149,149,1099,23,29,52
1100,"((15, 3), <game.Grid object at 0x116b9d630>)","((14, 3), <game.Grid object at 0x116b9c7c0>)",East,"[((16, 3), <game.Grid object at 0x116b9e5f0>), ((14, 3), <game.Grid object at 0x116b9e660>)]",149,149,1100,26,26,52
1101,"((16, 4), <game.Grid object at 0x116b9d710>)","((16, 3), <game.Grid object at 0x116b9c8a0>)",North,"[((16, 5), <game.Grid object at 0x116b9e6d0>), ((16, 3), <game.Grid object at 0x116b9e740>)]",149,149,1101,28,24,52
1102,"((10, 3), <game.Grid object at 0x116b9d7f0>)","((9, 3), <game.Grid object at 0x116b9c980>)",East,"[((10, 4), <game.Grid object at 0x116b9e7b0>), ((11, 3), <game.Grid object at 0x116b9e820>), ((9, 3), <game.Grid object at 0x116b9e890>)]",149,150,1102,21,31,52
1103,"((13, 3), <game.Grid object at 0x116b9d8d0>)","((12, 3), <game.Grid object at 0x116b9ca60>)",East,"[((13, 4), <game.Grid object at 0x116b9e900>), ((14, 3), <game.Grid object at 0x116b9e970>), ((12, 3), <game.Grid object at 0x116b9e9e0>)]",150,151,1103,24,28,52
1104,"((16, 3), <game.Grid object at 0x116b9d9b0>)","((15, 3), <game.Grid object at 0x116b9cb40>)",East,"[((16, 4), <game.Grid object at 0x116b9ea50>), ((15, 3), <game.Grid object at 0x116b9eac0>)]",151,151,1104,27,25,52
1105,"((17, 5), <game.Grid object at 0x116b9db00>)","((16, 5), <game.Grid object at 0x116b9cc20>)",East,"[((18, 5), <game.Grid object at 0x116b9eb30>), ((16, 5), <game.Grid object at 0x116b9eba0>)]",151,151,1105,30,22,52
1106,"((7, 3), <game.Grid object at 0x116b9db70>)","((6, 3), <game.Grid object at 0x116b9cd00>)",East,"[((7, 4), <game.Grid object at 0x116b9ec10>), ((8, 3), <game.Grid object at 0x116b9ec80>), ((6, 3), <game.Grid object at 0x116b9ecf0>)]",151,151,1106,18,34,52
1107,"((7, 3), <game.Grid object at 0x116b9dc50>)","((6, 3), <game.Grid object at 0x116b9cde0>)",East,"[((7, 4), <game.Grid object at 0x116b9ed60>), ((8, 3), <game.Grid object at 0x116b9edd0>), ((6, 3), <game.Grid object at 0x116b9ee40>)]",151,151,1107,18,34,52
1108,"((7, 3), <game.Grid object at 0x116b9dda0>)","((7, 4), <game.Grid object at 0x116b9cec0>)",South,"[((7, 4), <game.Grid object at 0x116b9eeb0>), ((8, 3), <game.Grid object at 0x116b9ef20>), ((6, 3), <game.Grid object at 0x116b9ef90>)]",151,152,1108,18,34,52
1109,"((9, 5), <game.Grid object at 0x116b9de10>)","((8, 5), <game.Grid object at 0x116b9cf30>)",East,"[((10, 5), <game.Grid object at 0x116b9f000>), ((8, 5), <game.Grid object at 0x116b9f070>)]",152,152,1109,18,34,52
1110,"((7, 3), <game.Grid object at 0x116b9def0>)","((6, 3), <game.Grid object at 0x116b9d010>)",East,"[((7, 4), <game.Grid object at 0x116b9f0e0>), ((8, 3), <game.Grid object at 0x116b9f150>), ((6, 3), <game.Grid object at 0x116b9f1c0>)]",152,153,1110,18,34,52
1111,"((7, 3), <game.Grid object at 0x116b9dfd0>)","((6, 3), <game.Grid object at 0x116b9d0f0>)",East,"[((7, 4), <game.Grid object at 0x116b9f230>), ((8, 3), <game.Grid object at 0x116b9f2a0>), ((6, 3), <game.Grid object at 0x116b9f310>)]",153,153,1111,18,34,52
1112,"((9, 5), <game.Grid object at 0x116b9e190>)","((8, 5), <game.Grid object at 0x116b9d240>)",East,"[((10, 5), <game.Grid object at 0x116b9f380>), ((8, 5), <game.Grid object at 0x116b9f3f0>)]",153,153,1112,18,34,52
1113,"((7, 3), <game.Grid object at 0x116b9e270>)","((6, 3), <game.Grid object at 0x116b9d320>)",East,"[((7, 4), <game.Grid object at 0x116b9f460>), ((8, 3), <game.Grid object at 0x116b9f4d0>), ((6, 3), <game.Grid object at 0x116b9f540>)]",153,153,1113,18,34,52
1114,"((9, 5), <game.Grid object at 0x116b9e430>)","((8, 5), <game.Grid object at 0x116b9d470>)",East,"[((10, 5), <game.Grid object at 0x116b9f5b0>), ((8, 5), <game.Grid object at 0x116b9f620>)]",153,153,1114,18,34,52
1115,"((13, 3), <game.Grid object at 0x116b9e510>)","((12, 3), <game.Grid object at 0x116b9d550>)",East,"[((13, 4), <game.Grid object at 0x116b9f690>), ((14, 3), <game.Grid object at 0x116b9f700>), ((12, 3), <game.Grid object at 0x116b9f770>)]",153,153,1115,24,28,52
1116,"((16, 3), <game.Grid object at 0x116b9e5f0>)","((15, 3), <game.Grid object at 0x116b9d630>)",East,"[((16, 4), <game.Grid object at 0x116b9f7e0>), ((15, 3), <game.Grid object at 0x116b9f850>)]",153,153,1116,27,25,52
1117,"((16, 5), <game.Grid object at 0x116b9e6d0>)","((16, 4), <game.Grid object at 0x116b9d710>)",North,"[((16, 4), <game.Grid object at 0x116b9f8c0>), ((17, 5), <game.Grid object at 0x116b9f930>)]",153,153,1117,29,23,52
1118,"((11, 3), <game.Grid object at 0x116b9e820>)","((10, 3), <game.Grid object at 0x116b9d7f0>)",East,"[((12, 3), <game.Grid object at 0x116b9f9a0>), ((10, 3), <game.Grid object at 0x116b9fa10>)]",153,153,1118,22,30,52
1119,"((14, 3), <game.Grid object at 0x116b9e970>)","((13, 3), <game.Grid object at 0x116b9d8d0>)",East,"[((15, 3), <game.Grid object at 0x116b9fa80>), ((13, 3), <game.Grid object at 0x116b9faf0>)]",153,153,1119,25,27,52
1120,"((16, 4), <game.Grid object at 0x116b9ea50>)","((16, 3), <game.Grid object at 0x116b9d9b0>)",North,"[((16, 5), <game.Grid object at 0x116b9fb60>), ((16, 3), <game.Grid object at 0x116b9fbd0>)]",153,153,1120,28,24,52
1121,"((18, 5), <game.Grid object at 0x116b9eb30>)","((17, 5), <game.Grid object at 0x116b9db00>)",East,"[((18, 4), <game.Grid object at 0x116b9fc40>), ((17, 5), <game.Grid object at 0x116b9fcb0>)]",153,153,1121,31,21,52
1122,"((8, 3), <game.Grid object at 0x116b9ec80>)","((7, 3), <game.Grid object at 0x116b9db70>)",East,"[((9, 3), <game.Grid object at 0x116b9fd20>), ((7, 3), <game.Grid object at 0x116b9fd90>)]",153,153,1122,19,33,52
1123,"((8, 3), <game.Grid object at 0x116b9edd0>)","((7, 3), <game.Grid object at 0x116b9dc50>)",East,"[((9, 3), <game.Grid object at 0x116b9fe00>), ((7, 3), <game.Grid object at 0x116b9fe70>)]",153,153,1123,19,33,52
1124,"((8, 3), <game.Grid object at 0x116b9ef20>)","((7, 3), <game.Grid object at 0x116b9dda0>)",East,"[((9, 3), <game.Grid object at 0x116b9fee0>), ((7, 3), <game.Grid object at 0x116b9ff50>)]",153,153,1124,19,33,52
1125,"((10, 5), <game.Grid object at 0x116b9f000>)","((9, 5), <game.Grid object at 0x116b9de10>)",East,"[((10, 4), <game.Grid object at 0x116c14050>), ((11, 5), <game.Grid object at 0x116c140c0>), ((9, 5), <game.Grid object at 0x116c14130>)]",153,154,1125,19,33,52
1126,"((8, 3), <game.Grid object at 0x116b9f150>)","((7, 3), <game.Grid object at 0x116b9def0>)",East,"[((9, 3), <game.Grid object at 0x116c141a0>), ((7, 3), <game.Grid object at 0x116c14210>)]",154,154,1126,19,33,52
1127,"((8, 3), <game.Grid object at 0x116b9f2a0>)","((7, 3), <game.Grid object at 0x116b9dfd0>)",East,"[((9, 3), <game.Grid object at 0x116c14280>), ((7, 3), <game.Grid object at 0x116c142f0>)]",154,154,1127,19,33,52
1128,"((10, 5), <game.Grid object at 0x116b9f380>)","((9, 5), <game.Grid object at 0x116b9e190>)",East,"[((10, 4), <game.Grid object at 0x116c14360>), ((11, 5), <game.Grid object at 0x116c143d0>), ((9, 5), <game.Grid object at 0x116c14440>)]",154,155,1128,19,33,52
1129,"((8, 3), <game.Grid object at 0x116b9f4d0>)","((7, 3), <game.Grid object at 0x116b9e270>)",East,"[((9, 3), <game.Grid object at 0x116c144b0>), ((7, 3), <game.Grid object at 0x116c14520>)]",155,155,1129,19,33,52
1130,"((10, 5), <game.Grid object at 0x116b9f5b0>)","((9, 5), <game.Grid object at 0x116b9e430>)",East,"[((10, 4), <game.Grid object at 0x116c14590>), ((11, 5), <game.Grid object at 0x116c14600>), ((9, 5), <game.Grid object at 0x116c14670>)]",155,156,1130,19,33,52
1131,"((14, 3), <game.Grid object at 0x116b9f700>)","((13, 3), <game.Grid object at 0x116b9e510>)",East,"[((15, 3), <game.Grid object at 0x116c146e0>), ((13, 3), <game.Grid object at 0x116c14750>)]",156,156,1131,25,27,52
1132,"((16, 4), <game.Grid object at 0x116b9f7e0>)","((16, 3), <game.Grid object at 0x116b9e5f0>)",North,"[((16, 5), <game.Grid object at 0x116c147c0>), ((16, 3), <game.Grid object at 0x116c14830>)]",156,156,1132,28,24,52
1133,"((17, 5), <game.Grid object at 0x116b9f930>)","((16, 5), <game.Grid object at 0x116b9e6d0>)",East,"[((18, 5), <game.Grid object at 0x116c148a0>), ((16, 5), <game.Grid object at 0x116c14910>)]",156,156,1133,30,22,52
1134,"((12, 3), <game.Grid object at 0x116b9f9a0>)","((11, 3), <game.Grid object at 0x116b9e820>)",East,"[((13, 3), <game.Grid object at 0x116c14980>), ((11, 3), <game.Grid object at 0x116c149f0>)]",156,156,1134,23,29,52
1135,"((15, 3), <game.Grid object at 0x116b9fa80>)","((14, 3), <game.Grid object at 0x116b9e970>)",East,"[((16, 3), <game.Grid object at 0x116c14a60>), ((14, 3), <game.Grid object at 0x116c14ad0>)]",156,156,1135,26,26,52
1136,"((16, 5), <game.Grid object at 0x116b9fb60>)","((16, 4), <game.Grid object at 0x116b9ea50>)",North,"[((16, 4), <game.Grid object at 0x116c14b40>), ((17, 5), <game.Grid object at 0x116c14bb0>)]",156,156,1136,29,23,52
1137,"((9, 3), <game.Grid object at 0x116b9fd20>)","((8, 3), <game.Grid object at 0x116b9ec80>)",East,"[((10, 3), <game.Grid object at 0x116c14c20>), ((8, 3), <game.Grid object at 0x116c14c90>)]",156,156,1137,20,32,52
1138,"((9, 3), <game.Grid object at 0x116b9fe00>)","((8, 3), <game.Grid object at 0x116b9edd0>)",East,"[((10, 3), <game.Grid object at 0x116c14d00>), ((8, 3), <game.Grid object at 0x116c14d70>)]",156,156,1138,20,32,52
1139,"((9, 3), <game.Grid object at 0x116b9fee0>)","((8, 3), <game.Grid object at 0x116b9ef20>)",East,"[((10, 3), <game.Grid object at 0x116c14de0>), ((8, 3), <game.Grid object at 0x116c14e50>)]",156,156,1139,20,32,52
1140,"((10, 4), <game.Grid object at 0x116c14050>)","((10, 5), <game.Grid object at 0x116b9f000>)",South,"[((10, 5), <game.Grid object at 0x116c14ec0>), ((10, 3), <game.Grid object at 0x116c14f30>)]",156,157,1140,20,32,52
1141,"((11, 5), <game.Grid object at 0x116c140c0>)","((10, 5), <game.Grid object at 0x116b9f000>)",East,"[((12, 5), <game.Grid object at 0x116c14fa0>), ((10, 5), <game.Grid object at 0x116c15010>)]",157,157,1141,20,32,52
1142,"((9, 3), <game.Grid object at 0x116c141a0>)","((8, 3), <game.Grid object at 0x116b9f150>)",East,"[((10, 3), <game.Grid object at 0x116c15080>), ((8, 3), <game.Grid object at 0x116c150f0>)]",157,157,1142,20,32,52
1143,"((9, 3), <game.Grid object at 0x116c14280>)","((8, 3), <game.Grid object at 0x116b9f2a0>)",East,"[((10, 3), <game.Grid object at 0x116c15160>), ((8, 3), <game.Grid object at 0x116c151d0>)]",157,157,1143,20,32,52
1144,"((10, 4), <game.Grid object at 0x116c14360>)","((10, 5), <game.Grid object at 0x116b9f380>)",South,"[((10, 5), <game.Grid object at 0x116c15240>), ((10, 3), <game.Grid object at 0x116c152b0>)]",157,158,1144,20,32,52
1145,"((11, 5), <game.Grid object at 0x116c143d0>)","((10, 5), <game.Grid object at 0x116b9f380>)",East,"[((12, 5), <game.Grid object at 0x116c15320>), ((10, 5), <game.Grid object at 0x116c15390>)]",158,158,1145,20,32,52
1146,"((9, 3), <game.Grid object at 0x116c144b0>)","((8, 3), <game.Grid object at 0x116b9f4d0>)",East,"[((10, 3), <game.Grid object at 0x116c15400>), ((8, 3), <game.Grid object at 0x116c15470>)]",158,158,1146,20,32,52
1147,"((10, 4), <game.Grid object at 0x116c14590>)","((10, 5), <game.Grid object at 0x116b9f5b0>)",South,"[((10, 5), <game.Grid object at 0x116c154e0>), ((10, 3), <game.Grid object at 0x116c15550>)]",158,159,1147,20,32,52
1148,"((11, 5), <game.Grid object at 0x116c14600>)","((10, 5), <game.Grid object at 0x116b9f5b0>)",East,"[((12, 5), <game.Grid object at 0x116c155c0>), ((10, 5), <game.Grid object at 0x116c15630>)]",159,159,1148,20,32,52
1149,"((15, 3), <game.Grid object at 0x116c146e0>)","((14, 3), <game.Grid object at 0x116b9f700>)",East,"[((16, 3), <game.Grid object at 0x116c156a0>), ((14, 3), <game.Grid object at 0x116c15710>)]",159,159,1149,26,26,52
1150,"((16, 5), <game.Grid object at 0x116c147c0>)","((16, 4), <game.Grid object at 0x116b9f7e0>)",North,"[((16, 4), <game.Grid object at 0x116c15780>), ((17, 5), <game.Grid object at 0x116c157f0>)]",159,159,1150,29,23,52
1151,"((18, 5), <game.Grid object at 0x116c148a0>)","((17, 5), <game.Grid object at 0x116b9f930>)",East,"[((18, 4), <game.Grid object at 0x116c15860>), ((17, 5), <game.Grid object at 0x116c158d0>)]",159,159,1151,31,21,52
1152,"((13, 3), <game.Grid object at 0x116c14980>)","((12, 3), <game.Grid object at 0x116b9f9a0>)",East,"[((13, 4), <game.Grid object at 0x116c15940>), ((14, 3), <game.Grid object at 0x116c159b0>), ((12, 3), <game.Grid object at 0x116c15a20>)]",159,160,1152,24,28,52
1153,"((16, 3), <game.Grid object at 0x116c14a60>)","((15, 3), <game.Grid object at 0x116b9fa80>)",East,"[((16, 4), <game.Grid object at 0x116c15a90>), ((15, 3), <game.Grid object at 0x116c15b00>)]",160,160,1153,27,25,52
1154,"((17, 5), <game.Grid object at 0x116c14bb0>)","((16, 5), <game.Grid object at 0x116b9fb60>)",East,"[((18, 5), <game.Grid object at 0x116c15b70>), ((16, 5), <game.Grid object at 0x116c15be0>)]",160,160,1154,30,22,52
1155,"((10, 3), <game.Grid object at 0x116c14c20>)","((9, 3), <game.Grid object at 0x116b9fd20>)",East,"[((10, 4), <game.Grid object at 0x116c15c50>), ((11, 3), <game.Grid object at 0x116c15cc0>), ((9, 3), <game.Grid object at 0x116c15d30>)]",160,161,1155,21,31,52
1156,"((10, 3), <game.Grid object at 0x116c14d00>)","((9, 3), <game.Grid object at 0x116b9fe00>)",East,"[((10, 4), <game.Grid object at 0x116c15da0>), ((11, 3), <game.Grid object at 0x116c15e10>), ((9, 3), <game.Grid object at 0x116c15e80>)]",161,162,1156,21,31,52
1157,"((10, 3), <game.Grid object at 0x116c14de0>)","((9, 3), <game.Grid object at 0x116b9fee0>)",East,"[((10, 4), <game.Grid object at 0x116c15ef0>), ((11, 3), <game.Grid object at 0x116c15f60>), ((9, 3), <game.Grid object at 0x116c15fd0>)]",162,162,1157,21,31,52
1158,"((10, 3), <game.Grid object at 0x116c14f30>)","((10, 4), <game.Grid object at 0x116c14050>)",South,"[((10, 4), <game.Grid object at 0x116c16040>), ((11, 3), <game.Grid object at 0x116c160b0>), ((9, 3), <game.Grid object at 0x116c16120>)]",162,163,1158,21,31,52
1159,"((12, 5), <game.Grid object at 0x116c14fa0>)","((11, 5), <game.Grid object at 0x116c140c0>)",East,"[((13, 5), <game.Grid object at 0x116c16190>), ((11, 5), <game.Grid object at 0x116c16200>)]",163,163,1159,21,31,52
1160,"((10, 3), <game.Grid object at 0x116c15080>)","((9, 3), <game.Grid object at 0x116c141a0>)",East,"[((10, 4), <game.Grid object at 0x116c16270>), ((11, 3), <game.Grid object at 0x116c162e0>), ((9, 3), <game.Grid object at 0x116c16350>)]",163,164,1160,21,31,52
1161,"((10, 3), <game.Grid object at 0x116c15160>)","((9, 3), <game.Grid object at 0x116c14280>)",East,"[((10, 4), <game.Grid object at 0x116c163c0>), ((11, 3), <game.Grid object at 0x116c16430>), ((9, 3), <game.Grid object at 0x116c164a0>)]",164,164,1161,21,31,52
1162,"((10, 3), <game.Grid object at 0x116c152b0>)","((10, 4), <game.Grid object at 0x116c14360>)",South,"[((10, 4), <game.Grid object at 0x116c16510>), ((11, 3), <game.Grid object at 0x116c16580>), ((9, 3), <game.Grid object at 0x116c165f0>)]",164,165,1162,21,31,52
1163,"((12, 5), <game.Grid object at 0x116c15320>)","((11, 5), <game.Grid object at 0x116c143d0>)",East,"[((13, 5), <game.Grid object at 0x116c16660>), ((11, 5), <game.Grid object at 0x116c166d0>)]",165,165,1163,21,31,52
1164,"((10, 3), <game.Grid object at 0x116c15400>)","((9, 3), <game.Grid object at 0x116c144b0>)",East,"[((10, 4), <game.Grid object at 0x116c16740>), ((11, 3), <game.Grid object at 0x116c167b0>), ((9, 3), <game.Grid object at 0x116c16820>)]",165,165,1164,21,31,52
1165,"((10, 3), <game.Grid object at 0x116c15550>)","((10, 4), <game.Grid object at 0x116c14590>)",South,"[((10, 4), <game.Grid object at 0x116c16890>), ((11, 3), <game.Grid object at 0x116c16900>), ((9, 3), <game.Grid object at 0x116c16970>)]",165,166,1165,21,31,52
1166,"((12, 5), <game.Grid object at 0x116c155c0>)","((11, 5), <game.Grid object at 0x116c14600>)",East,"[((13, 5), <game.Grid object at 0x116c169e0>), ((11, 5), <game.Grid object at 0x116c16a50>)]",166,166,1166,21,31,52
1167,"((16, 3), <game.Grid object at 0x116c156a0>)","((15, 3), <game.Grid object at 0x116c146e0>)",East,"[((16, 4), <game.Grid object at 0x116c16ac0>), ((15, 3), <game.Grid object at 0x116c16b30>)]",166,166,1167,27,25,52
1168,"((17, 5), <game.Grid object at 0x116c157f0>)","((16, 5), <game.Grid object at 0x116c147c0>)",East,"[((18, 5), <game.Grid object at 0x116c16ba0>), ((16, 5), <game.Grid object at 0x116c16c10>)]",166,166,1168,30,22,52
1169,"((14, 3), <game.Grid object at 0x116c159b0>)","((13, 3), <game.Grid object at 0x116c14980>)",East,"[((15, 3), <game.Grid object at 0x116c16c80>), ((13, 3), <game.Grid object at 0x116c16cf0>)]",166,166,1169,25,27,52
1170,"((16, 4), <game.Grid object at 0x116c15a90>)","((16, 3), <game.Grid object at 0x116c14a60>)",North,"[((16, 5), <game.Grid object at 0x116c16d60>), ((16, 3), <game.Grid object at 0x116c16dd0>)]",166,166,1170,28,24,52
1171,"((18, 5), <game.Grid object at 0x116c15b70>)","((17, 5), <game.Grid object at 0x116c14bb0>)",East,"[((18, 4), <game.Grid object at 0x116c16e40>), ((17, 5), <game.Grid object at 0x116c16eb0>)]",166,166,1171,31,21,52
1172,"((11, 3), <game.Grid object at 0x116c15cc0>)","((10, 3), <game.Grid object at 0x116c14c20>)",East,"[((12, 3), <game.Grid object at 0x116c16f20>), ((10, 3), <game.Grid object at 0x116c16f90>)]",166,166,1172,22,30,52
1173,"((11, 3), <game.Grid object at 0x116c15e10>)","((10, 3), <game.Grid object at 0x116c14d00>)",East,"[((12, 3), <game.Grid object at 0x116c17000>), ((10, 3), <game.Grid object at 0x116c17070>)]",166,166,1173,22,30,52
1174,"((11, 3), <game.Grid object at 0x116c15f60>)","((10, 3), <game.Grid object at 0x116c14de0>)",East,"[((12, 3), <game.Grid object at 0x116c170e0>), ((10, 3), <game.Grid object at 0x116c17150>)]",166,166,1174,22,30,52
1175,"((11, 3), <game.Grid object at 0x116c160b0>)","((10, 3), <game.Grid object at 0x116c14f30>)",East,"[((12, 3), <game.Grid object at 0x116c171c0>), ((10, 3), <game.Grid object at 0x116c17230>)]",166,166,1175,22,30,52
1176,"((13, 5), <game.Grid object at 0x116c16190>)","((12, 5), <game.Grid object at 0x116c14fa0>)",East,"[((13, 4), <game.Grid object at 0x116c172a0>), ((14, 5), <game.Grid object at 0x116c17310>), ((12, 5), <game.Grid object at 0x116c17380>)]",166,168,1176,22,30,52
1177,"((11, 3), <game.Grid object at 0x116c162e0>)","((10, 3), <game.Grid object at 0x116c15080>)",East,"[((12, 3), <game.Grid object at 0x116c173f0>), ((10, 3), <game.Grid object at 0x116c17460>)]",168,168,1177,22,30,52
1178,"((11, 3), <game.Grid object at 0x116c16430>)","((10, 3), <game.Grid object at 0x116c15160>)",East,"[((12, 3), <game.Grid object at 0x116c174d0>), ((10, 3), <game.Grid object at 0x116c17540>)]",168,168,1178,22,30,52
1179,"((11, 3), <game.Grid object at 0x116c16580>)","((10, 3), <game.Grid object at 0x116c152b0>)",East,"[((12, 3), <game.Grid object at 0x116c175b0>), ((10, 3), <game.Grid object at 0x116c17620>)]",168,168,1179,22,30,52
1180,"((13, 5), <game.Grid object at 0x116c16660>)","((12, 5), <game.Grid object at 0x116c15320>)",East,"[((13, 4), <game.Grid object at 0x116c17690>), ((14, 5), <game.Grid object at 0x116c17700>), ((12, 5), <game.Grid object at 0x116c17770>)]",168,170,1180,22,30,52
1181,"((11, 3), <game.Grid object at 0x116c167b0>)","((10, 3), <game.Grid object at 0x116c15400>)",East,"[((12, 3), <game.Grid object at 0x116c177e0>), ((10, 3), <game.Grid object at 0x116c17850>)]",170,170,1181,22,30,52
1182,"((11, 3), <game.Grid object at 0x116c16900>)","((10, 3), <game.Grid object at 0x116c15550>)",East,"[((12, 3), <game.Grid object at 0x116c178c0>), ((10, 3), <game.Grid object at 0x116c17930>)]",170,170,1182,22,30,52
1183,"((13, 5), <game.Grid object at 0x116c169e0>)","((12, 5), <game.Grid object at 0x116c155c0>)",East,"[((13, 4), <game.Grid object at 0x116c179a0>), ((14, 5), <game.Grid object at 0x116c17a10>), ((12, 5), <game.Grid object at 0x116c17a80>)]",170,172,1183,22,30,52
1184,"((16, 4), <game.Grid object at 0x116c16ac0>)","((16, 3), <game.Grid object at 0x116c156a0>)",North,"[((16, 5), <game.Grid object at 0x116c17af0>), ((16, 3), <game.Grid object at 0x116c17b60>)]",172,172,1184,28,24,52
1185,"((18, 5), <game.Grid object at 0x116c16ba0>)","((17, 5), <game.Grid object at 0x116c157f0>)",East,"[((18, 4), <game.Grid object at 0x116c17bd0>), ((17, 5), <game.Grid object at 0x116c17c40>)]",172,172,1185,31,21,52
1186,"((15, 3), <game.Grid object at 0x116c16c80>)","((14, 3), <game.Grid object at 0x116c159b0>)",East,"[((16, 3), <game.Grid object at 0x116c17cb0>), ((14, 3), <game.Grid object at 0x116c17d20>)]",172,172,1186,26,26,52
1187,"((16, 5), <game.Grid object at 0x116c16d60>)","((16, 4), <game.Grid object at 0x116c15a90>)",North,"[((16, 4), <game.Grid object at 0x116c17d90>), ((17, 5), <game.Grid object at 0x116c17e00>)]",172,172,1187,29,23,52
1188,"((12, 3), <game.Grid object at 0x116c16f20>)","((11, 3), <game.Grid object at 0x116c15cc0>)",East,"[((13, 3), <game.Grid object at 0x116c17e70>), ((11, 3), <game.Grid object at 0x116c17ee0>)]",172,172,1188,23,29,52
1189,"((12, 3), <game.Grid object at 0x116c17000>)","((11, 3), <game.Grid object at 0x116c15e10>)",East,"[((13, 3), <game.Grid object at 0x116c17f50>), ((11, 3), <game.Grid object at 0x116c90050>)]",172,172,1189,23,29,52
1190,"((12, 3), <game.Grid object at 0x116c170e0>)","((11, 3), <game.Grid object at 0x116c15f60>)",East,"[((13, 3), <game.Grid object at 0x116c900c0>), ((11, 3), <game.Grid object at 0x116c90130>)]",172,172,1190,23,29,52
1191,"((12, 3), <game.Grid object at 0x116c171c0>)","((11, 3), <game.Grid object at 0x116c160b0>)",East,"[((13, 3), <game.Grid object at 0x116c901a0>), ((11, 3), <game.Grid object at 0x116c90210>)]",172,172,1191,23,29,52
1192,"((13, 4), <game.Grid object at 0x116c172a0>)","((13, 5), <game.Grid object at 0x116c16190>)",South,"[((13, 5), <game.Grid object at 0x116c90280>), ((13, 3), <game.Grid object at 0x116c902f0>)]",172,173,1192,23,29,52
1193,"((12, 3), <game.Grid object at 0x116c173f0>)","((11, 3), <game.Grid object at 0x116c162e0>)",East,"[((13, 3), <game.Grid object at 0x116c90360>), ((11, 3), <game.Grid object at 0x116c903d0>)]",173,173,1193,23,29,52
1194,"((12, 3), <game.Grid object at 0x116c174d0>)","((11, 3), <game.Grid object at 0x116c16430>)",East,"[((13, 3), <game.Grid object at 0x116c90440>), ((11, 3), <game.Grid object at 0x116c904b0>)]",173,173,1194,23,29,52
1195,"((12, 3), <game.Grid object at 0x116c175b0>)","((11, 3), <game.Grid object at 0x116c16580>)",East,"[((13, 3), <game.Grid object at 0x116c90520>), ((11, 3), <game.Grid object at 0x116c90590>)]",173,173,1195,23,29,52
1196,"((13, 4), <game.Grid object at 0x116c17690>)","((13, 5), <game.Grid object at 0x116c16660>)",South,"[((13, 5), <game.Grid object at 0x116c90600>), ((13, 3), <game.Grid object at 0x116c90670>)]",173,174,1196,23,29,52
1197,"((12, 3), <game.Grid object at 0x116c177e0>)","((11, 3), <game.Grid object at 0x116c167b0>)",East,"[((13, 3), <game.Grid object at 0x116c906e0>), ((11, 3), <game.Grid object at 0x116c90750>)]",174,174,1197,23,29,52
1198,"((12, 3), <game.Grid object at 0x116c178c0>)","((11, 3), <game.Grid object at 0x116c16900>)",East,"[((13, 3), <game.Grid object at 0x116c907c0>), ((11, 3), <game.Grid object at 0x116c90830>)]",174,174,1198,23,29,52
1199,"((13, 4), <game.Grid object at 0x116c179a0>)","((13, 5), <game.Grid object at 0x116c169e0>)",South,"[((13, 5), <game.Grid object at 0x116c908a0>), ((13, 3), <game.Grid object at 0x116c90910>)]",174,175,1199,23,29,52
1200,"((16, 5), <game.Grid object at 0x116c17af0>)","((16, 4), <game.Grid object at 0x116c16ac0>)",North,"[((16, 4), <game.Grid object at 0x116c90980>), ((17, 5), <game.Grid object at 0x116c909f0>)]",175,175,1200,29,23,52
1201,"((16, 3), <game.Grid object at 0x116c17cb0>)","((15, 3), <game.Grid object at 0x116c16c80>)",East,"[((16, 4), <game.Grid object at 0x116c90a60>), ((15, 3), <game.Grid object at 0x116c90ad0>)]",175,175,1201,27,25,52
1202,"((17, 5), <game.Grid object at 0x116c17e00>)","((16, 5), <game.Grid object at 0x116c16d60>)",East,"[((18, 5), <game.Grid object at 0x116c90b40>), ((16, 5), <game.Grid object at 0x116c90bb0>)]",175,175,1202,30,22,52
1203,"((13, 3), <game.Grid object at 0x116c17e70>)","((12, 3), <game.Grid object at 0x116c16f20>)",East,"[((13, 4), <game.Grid object at 0x116c90c20>), ((14, 3), <game.Grid object at 0x116c90c90>), ((12, 3), <game.Grid object at 0x116c90d00>)]",175,176,1203,24,28,52
1204,"((13, 3), <game.Grid object at 0x116c17f50>)","((12, 3), <game.Grid object at 0x116c17000>)",East,"[((13, 4), <game.Grid object at 0x116c90d70>), ((14, 3), <game.Grid object at 0x116c90de0>), ((12, 3), <game.Grid object at 0x116c90e50>)]",176,177,1204,24,28,52
1205,"((13, 3), <game.Grid object at 0x116c900c0>)","((12, 3), <game.Grid object at 0x116c170e0>)",East,"[((13, 4), <game.Grid object at 0x116c90ec0>), ((14, 3), <game.Grid object at 0x116c90f30>), ((12, 3), <game.Grid object at 0x116c90fa0>)]",177,178,1205,24,28,52
1206,"((13, 3), <game.Grid object at 0x116c901a0>)","((12, 3), <game.Grid object at 0x116c171c0>)",East,"[((13, 4), <game.Grid object at 0x116c91010>), ((14, 3), <game.Grid object at 0x116c91080>), ((12, 3), <game.Grid object at 0x116c910f0>)]",178,179,1206,24,28,52
1207,"((13, 3), <game.Grid object at 0x116c902f0>)","((13, 4), <game.Grid object at 0x116c172a0>)",South,"[((13, 4), <game.Grid object at 0x116c91160>), ((14, 3), <game.Grid object at 0x116c911d0>), ((12, 3), <game.Grid object at 0x116c91240>)]",179,180,1207,24,28,52
1208,"((13, 3), <game.Grid object at 0x116c90360>)","((12, 3), <game.Grid object at 0x116c173f0>)",East,"[((13, 4), <game.Grid object at 0x116c912b0>), ((14, 3), <game.Grid object at 0x116c91320>), ((12, 3), <game.Grid object at 0x116c91390>)]",180,181,1208,24,28,52
1209,"((13, 3), <game.Grid object at 0x116c90440>)","((12, 3), <game.Grid object at 0x116c174d0>)",East,"[((13, 4), <game.Grid object at 0x116c91400>), ((14, 3), <game.Grid object at 0x116c91470>), ((12, 3), <game.Grid object at 0x116c914e0>)]",181,182,1209,24,28,52
1210,"((13, 3), <game.Grid object at 0x116c90520>)","((12, 3), <game.Grid object at 0x116c175b0>)",East,"[((13, 4), <game.Grid object at 0x116c91550>), ((14, 3), <game.Grid object at 0x116c915c0>), ((12, 3), <game.Grid object at 0x116c91630>)]",182,183,1210,24,28,52
1211,"((13, 3), <game.Grid object at 0x116c90670>)","((13, 4), <game.Grid object at 0x116c17690>)",South,"[((13, 4), <game.Grid object at 0x116c916a0>), ((14, 3), <game.Grid object at 0x116c91710>), ((12, 3), <game.Grid object at 0x116c91780>)]",183,184,1211,24,28,52
1212,"((13, 3), <game.Grid object at 0x116c906e0>)","((12, 3), <game.Grid object at 0x116c177e0>)",East,"[((13, 4), <game.Grid object at 0x116c917f0>), ((14, 3), <game.Grid object at 0x116c91860>), ((12, 3), <game.Grid object at 0x116c918d0>)]",184,185,1212,24,28,52
1213,"((13, 3), <game.Grid object at 0x116c907c0>)","((12, 3), <game.Grid object at 0x116c178c0>)",East,"[((13, 4), <game.Grid object at 0x116c91940>), ((14, 3), <game.Grid object at 0x116c919b0>), ((12, 3), <game.Grid object at 0x116c91a20>)]",185,186,1213,24,28,52
1214,"((13, 3), <game.Grid object at 0x116c90910>)","((13, 4), <game.Grid object at 0x116c179a0>)",South,"[((13, 4), <game.Grid object at 0x116c91a90>), ((14, 3), <game.Grid object at 0x116c91b00>), ((12, 3), <game.Grid object at 0x116c91b70>)]",186,187,1214,24,28,52
1215,"((17, 5), <game.Grid object at 0x116c909f0>)","((16, 5), <game.Grid object at 0x116c17af0>)",East,"[((18, 5), <game.Grid object at 0x116c91be0>), ((16, 5), <game.Grid object at 0x116c91c50>)]",187,187,1215,30,22,52
1216,"((16, 4), <game.Grid object at 0x116c90a60>)","((16, 3), <game.Grid object at 0x116c17cb0>)",North,"[((16, 5), <game.Grid object at 0x116c91cc0>), ((16, 3), <game.Grid object at 0x116c91d30>)]",187,187,1216,28,24,52
1217,"((18, 5), <game.Grid object at 0x116c90b40>)","((17, 5), <game.Grid object at 0x116c17e00>)",East,"[((18, 4), <game.Grid object at 0x116c91da0>), ((17, 5), <game.Grid object at 0x116c91e10>)]",187,187,1217,31,21,52
1218,"((14, 3), <game.Grid object at 0x116c90c90>)","((13, 3), <game.Grid object at 0x116c17e70>)",East,"[((15, 3), <game.Grid object at 0x116c91e80>), ((13, 3), <game.Grid object at 0x116c91ef0>)]",187,187,1218,25,27,52
1219,"((14, 3), <game.Grid object at 0x116c90de0>)","((13, 3), <game.Grid object at 0x116c17f50>)",East,"[((15, 3), <game.Grid object at 0x116c91f60>), ((13, 3), <game.Grid object at 0x116c91fd0>)]",187,187,1219,25,27,52
1220,"((14, 3), <game.Grid object at 0x116c90f30>)","((13, 3), <game.Grid object at 0x116c900c0>)",East,"[((15, 3), <game.Grid object at 0x116c92040>), ((13, 3), <game.Grid object at 0x116c920b0>)]",187,187,1220,25,27,52
1221,"((14, 3), <game.Grid object at 0x116c91080>)","((13, 3), <game.Grid object at 0x116c901a0>)",East,"[((15, 3), <game.Grid object at 0x116c92120>), ((13, 3), <game.Grid object at 0x116c92190>)]",187,187,1221,25,27,52
1222,"((14, 3), <game.Grid object at 0x116c911d0>)","((13, 3), <game.Grid object at 0x116c902f0>)",East,"[((15, 3), <game.Grid object at 0x116c92200>), ((13, 3), <game.Grid object at 0x116c92270>)]",187,187,1222,25,27,52
1223,"((14, 3), <game.Grid object at 0x116c91320>)","((13, 3), <game.Grid object at 0x116c90360>)",East,"[((15, 3), <game.Grid object at 0x116c922e0>), ((13, 3), <game.Grid object at 0x116c92350>)]",187,187,1223,25,27,52
1224,"((14, 3), <game.Grid object at 0x116c91470>)","((13, 3), <game.Grid object at 0x116c90440>)",East,"[((15, 3), <game.Grid object at 0x116c923c0>), ((13, 3), <game.Grid object at 0x116c92430>)]",187,187,1224,25,27,52
1225,"((14, 3), <game.Grid object at 0x116c915c0>)","((13, 3), <game.Grid object at 0x116c90520>)",East,"[((15, 3), <game.Grid object at 0x116c924a0>), ((13, 3), <game.Grid object at 0x116c92510>)]",187,187,1225,25,27,52
1226,"((14, 3), <game.Grid object at 0x116c91710>)","((13, 3), <game.Grid object at 0x116c90670>)",East,"[((15, 3), <game.Grid object at 0x116c92580>), ((13, 3), <game.Grid object at 0x116c925f0>)]",187,187,1226,25,27,52
1227,"((14, 3), <game.Grid object at 0x116c91860>)","((13, 3), <game.Grid object at 0x116c906e0>)",East,"[((15, 3), <game.Grid object at 0x116c92660>), ((13, 3), <game.Grid object at 0x116c926d0>)]",187,187,1227,25,27,52
1228,"((14, 3), <game.Grid object at 0x116c919b0>)","((13, 3), <game.Grid object at 0x116c907c0>)",East,"[((15, 3), <game.Grid object at 0x116c92740>), ((13, 3), <game.Grid object at 0x116c927b0>)]",187,187,1228,25,27,52
1229,"((14, 3), <game.Grid object at 0x116c91b00>)","((13, 3), <game.Grid object at 0x116c90910>)",East,"[((15, 3), <game.Grid object at 0x116c92820>), ((13, 3), <game.Grid object at 0x116c92890>)]",187,187,1229,25,27,52
1230,"((18, 5), <game.Grid object at 0x116c91be0>)","((17, 5), <game.Grid object at 0x116c909f0>)",East,"[((18, 4), <game.Grid object at 0x116c92900>), ((17, 5), <game.Grid object at 0x116c92970>)]",187,187,1230,31,21,52
1231,"((16, 5), <game.Grid object at 0x116c91cc0>)","((16, 4), <game.Grid object at 0x116c90a60>)",North,"[((16, 4), <game.Grid object at 0x116c929e0>), ((17, 5), <game.Grid object at 0x116c92a50>)]",187,187,1231,29,23,52
1232,"((15, 3), <game.Grid object at 0x116c91e80>)","((14, 3), <game.Grid object at 0x116c90c90>)",East,"[((16, 3), <game.Grid object at 0x116c92ac0>), ((14, 3), <game.Grid object at 0x116c92b30>)]",187,187,1232,26,26,52
1233,"((15, 3), <game.Grid object at 0x116c91f60>)","((14, 3), <game.Grid object at 0x116c90de0>)",East,"[((16, 3), <game.Grid object at 0x116c92ba0>), ((14, 3), <game.Grid object at 0x116c92c10>)]",187,187,1233,26,26,52
1234,"((15, 3), <game.Grid object at 0x116c92040>)","((14, 3), <game.Grid object at 0x116c90f30>)",East,"[((16, 3), <game.Grid object at 0x116c92c80>), ((14, 3), <game.Grid object at 0x116c92cf0>)]",187,187,1234,26,26,52
1235,"((15, 3), <game.Grid object at 0x116c92120>)","((14, 3), <game.Grid object at 0x116c91080>)",East,"[((16, 3), <game.Grid object at 0x116c92d60>), ((14, 3), <game.Grid object at 0x116c92dd0>)]",187,187,1235,26,26,52
1236,"((15, 3), <game.Grid object at 0x116c92200>)","((14, 3), <game.Grid object at 0x116c911d0>)",East,"[((16, 3), <game.Grid object at 0x116c92e40>), ((14, 3), <game.Grid object at 0x116c92eb0>)]",187,187,1236,26,26,52
1237,"((15, 3), <game.Grid object at 0x116c922e0>)","((14, 3), <game.Grid object at 0x116c91320>)",East,"[((16, 3), <game.Grid object at 0x116c92f20>), ((14, 3), <game.Grid object at 0x116c92f90>)]",187,187,1237,26,26,52
1238,"((15, 3), <game.Grid object at 0x116c923c0>)","((14, 3), <game.Grid object at 0x116c91470>)",East,"[((16, 3), <game.Grid object at 0x116c93000>), ((14, 3), <game.Grid object at 0x116c93070>)]",187,187,1238,26,26,52
1239,"((15, 3), <game.Grid object at 0x116c924a0>)","((14, 3), <game.Grid object at 0x116c915c0>)",East,"[((16, 3), <game.Grid object at 0x116c930e0>), ((14, 3), <game.Grid object at 0x116c93150>)]",187,187,1239,26,26,52
1240,"((15, 3), <game.Grid object at 0x116c92580>)","((14, 3), <game.Grid object at 0x116c91710>)",East,"[((16, 3), <game.Grid object at 0x116c931c0>), ((14, 3), <game.Grid object at 0x116c93230>)]",187,187,1240,26,26,52
1241,"((15, 3), <game.Grid object at 0x116c92660>)","((14, 3), <game.Grid object at 0x116c91860>)",East,"[((16, 3), <game.Grid object at 0x116c932a0>), ((14, 3), <game.Grid object at 0x116c93310>)]",187,187,1241,26,26,52
1242,"((15, 3), <game.Grid object at 0x116c92740>)","((14, 3), <game.Grid object at 0x116c919b0>)",East,"[((16, 3), <game.Grid object at 0x116c93380>), ((14, 3), <game.Grid object at 0x116c933f0>)]",187,187,1242,26,26,52
1243,"((15, 3), <game.Grid object at 0x116c92820>)","((14, 3), <game.Grid object at 0x116c91b00>)",East,"[((16, 3), <game.Grid object at 0x116c93460>), ((14, 3), <game.Grid object at 0x116c934d0>)]",187,187,1243,26,26,52
1244,"((17, 5), <game.Grid object at 0x116c92a50>)","((16, 5), <game.Grid object at 0x116c91cc0>)",East,"[((18, 5), <game.Grid object at 0x116c93540>), ((16, 5), <game.Grid object at 0x116c935b0>)]",187,187,1244,30,22,52
1245,"((16, 3), <game.Grid object at 0x116c92ac0>)","((15, 3), <game.Grid object at 0x116c91e80>)",East,"[((16, 4), <game.Grid object at 0x116c93620>), ((15, 3), <game.Grid object at 0x116c93690>)]",187,187,1245,27,25,52
1246,"((16, 3), <game.Grid object at 0x116c92ba0>)","((15, 3), <game.Grid object at 0x116c91f60>)",East,"[((16, 4), <game.Grid object at 0x116c93700>), ((15, 3), <game.Grid object at 0x116c93770>)]",187,187,1246,27,25,52
1247,"((16, 3), <game.Grid object at 0x116c92c80>)","((15, 3), <game.Grid object at 0x116c92040>)",East,"[((16, 4), <game.Grid object at 0x116c937e0>), ((15, 3), <game.Grid object at 0x116c93850>)]",187,187,1247,27,25,52
1248,"((16, 3), <game.Grid object at 0x116c92d60>)","((15, 3), <game.Grid object at 0x116c92120>)",East,"[((16, 4), <game.Grid object at 0x116c938c0>), ((15, 3), <game.Grid object at 0x116c93930>)]",187,187,1248,27,25,52
1249,"((16, 3), <game.Grid object at 0x116c92e40>)","((15, 3), <game.Grid object at 0x116c92200>)",East,"[((16, 4), <game.Grid object at 0x116c939a0>), ((15, 3), <game.Grid object at 0x116c93a10>)]",187,187,1249,27,25,52
1250,"((16, 3), <game.Grid object at 0x116c92f20>)","((15, 3), <game.Grid object at 0x116c922e0>)",East,"[((16, 4), <game.Grid object at 0x116c93a80>), ((15, 3), <game.Grid object at 0x116c93af0>)]",187,187,1250,27,25,52
1251,"((16, 3), <game.Grid object at 0x116c93000>)","((15, 3), <game.Grid object at 0x116c923c0>)",East,"[((16, 4), <game.Grid object at 0x116c93b60>), ((15, 3), <game.Grid object at 0x116c93bd0>)]",187,187,1251,27,25,52
1252,"((16, 3), <game.Grid object at 0x116c930e0>)","((15, 3), <game.Grid object at 0x116c924a0>)",East,"[((16, 4), <game.Grid object at 0x116c93c40>), ((15, 3), <game.Grid object at 0x116c93cb0>)]",187,187,1252,27,25,52
1253,"((16, 3), <game.Grid object at 0x116c931c0>)","((15, 3), <game.Grid object at 0x116c92580>)",East,"[((16, 4), <game.Grid object at 0x116c93d20>), ((15, 3), <game.Grid object at 0x116c93d90>)]",187,187,1253,27,25,52
1254,"((16, 3), <game.Grid object at 0x116c932a0>)","((15, 3), <game.Grid object at 0x116c92660>)",East,"[((16, 4), <game.Grid object at 0x116c93e00>), ((15, 3), <game.Grid object at 0x116c93e70>)]",187,187,1254,27,25,52
1255,"((16, 3), <game.Grid object at 0x116c93380>)","((15, 3), <game.Grid object at 0x116c92740>)",East,"[((16, 4), <game.Grid object at 0x116c93ee0>), ((15, 3), <game.Grid object at 0x116c93f50>)]",187,187,1255,27,25,52
1256,"((16, 3), <game.Grid object at 0x116c93460>)","((15, 3), <game.Grid object at 0x116c92820>)",East,"[((16, 4), <game.Grid object at 0x116d0c050>), ((15, 3), <game.Grid object at 0x116d0c0c0>)]",187,187,1256,27,25,52
1257,"((18, 5), <game.Grid object at 0x116c93540>)","((17, 5), <game.Grid object at 0x116c92a50>)",East,"[((18, 4), <game.Grid object at 0x116d0c130>), ((17, 5), <game.Grid object at 0x116d0c1a0>)]",187,187,1257,31,21,52
1258,"((16, 4), <game.Grid object at 0x116c93620>)","((16, 3), <game.Grid object at 0x116c92ac0>)",North,"[((16, 5), <game.Grid object at 0x116d0c210>), ((16, 3), <game.Grid object at 0x116d0c280>)]",187,187,1258,28,24,52
1259,"((16, 4), <game.Grid object at 0x116c93700>)","((16, 3), <game.Grid object at 0x116c92ba0>)",North,"[((16, 5), <game.Grid object at 0x116d0c2f0>), ((16, 3), <game.Grid object at 0x116d0c360>)]",187,187,1259,28,24,52
1260,"((16, 4), <game.Grid object at 0x116c937e0>)","((16, 3), <game.Grid object at 0x116c92c80>)",North,"[((16, 5), <game.Grid object at 0x116d0c3d0>), ((16, 3), <game.Grid object at 0x116d0c440>)]",187,187,1260,28,24,52
1261,"((16, 4), <game.Grid object at 0x116c938c0>)","((16, 3), <game.Grid object at 0x116c92d60>)",North,"[((16, 5), <game.Grid object at 0x116d0c4b0>), ((16, 3), <game.Grid object at 0x116d0c520>)]",187,187,1261,28,24,52
1262,"((16, 4), <game.Grid object at 0x116c939a0>)","((16, 3), <game.Grid object at 0x116c92e40>)",North,"[((16, 5), <game.Grid object at 0x116d0c590>), ((16, 3), <game.Grid object at 0x116d0c600>)]",187,187,1262,28,24,52
1263,"((16, 4), <game.Grid object at 0x116c93a80>)","((16, 3), <game.Grid object at 0x116c92f20>)",North,"[((16, 5), <game.Grid object at 0x116d0c670>), ((16, 3), <game.Grid object at 0x116d0c6e0>)]",187,187,1263,28,24,52
1264,"((16, 4), <game.Grid object at 0x116c93b60>)","((16, 3), <game.Grid object at 0x116c93000>)",North,"[((16, 5), <game.Grid object at 0x116d0c750>), ((16, 3), <game.Grid object at 0x116d0c7c0>)]",187,187,1264,28,24,52
1265,"((16, 4), <game.Grid object at 0x116c93c40>)","((16, 3), <game.Grid object at 0x116c930e0>)",North,"[((16, 5), <game.Grid object at 0x116d0c830>), ((16, 3), <game.Grid object at 0x116d0c8a0>)]",187,187,1265,28,24,52
1266,"((16, 4), <game.Grid object at 0x116c93d20>)","((16, 3), <game.Grid object at 0x116c931c0>)",North,"[((16, 5), <game.Grid object at 0x116d0c910>), ((16, 3), <game.Grid object at 0x116d0c980>)]",187,187,1266,28,24,52
1267,"((16, 4), <game.Grid object at 0x116c93e00>)","((16, 3), <game.Grid object at 0x116c932a0>)",North,"[((16, 5), <game.Grid object at 0x116d0c9f0>), ((16, 3), <game.Grid object at 0x116d0ca60>)]",187,187,1267,28,24,52
1268,"((16, 4), <game.Grid object at 0x116c93ee0>)","((16, 3), <game.Grid object at 0x116c93380>)",North,"[((16, 5), <game.Grid object at 0x116d0cad0>), ((16, 3), <game.Grid object at 0x116d0cb40>)]",187,187,1268,28,24,52
1269,"((16, 4), <game.Grid object at 0x116d0c050>)","((16, 3), <game.Grid object at 0x116c93460>)",North,"[((16, 5), <game.Grid object at 0x116d0cbb0>), ((16, 3), <game.Grid object at 0x116d0cc20>)]",187,187,1269,28,24,52
1270,"((16, 5), <game.Grid object at 0x116d0c210>)","((16, 4), <game.Grid object at 0x116c93620>)",North,"[((16, 4), <game.Grid object at 0x116d0cc90>), ((17, 5), <game.Grid object at 0x116d0cd00>)]",187,187,1270,29,23,52
1271,"((16, 5), <game.Grid object at 0x116d0c2f0>)","((16, 4), <game.Grid object at 0x116c93700>)",North,"[((16, 4), <game.Grid object at 0x116d0cd70>), ((17, 5), <game.Grid object at 0x116d0cde0>)]",187,187,1271,29,23,52
1272,"((16, 5), <game.Grid object at 0x116d0c3d0>)","((16, 4), <game.Grid object at 0x116c937e0>)",North,"[((16, 4), <game.Grid object at 0x116d0ce50>), ((17, 5), <game.Grid object at 0x116d0cec0>)]",187,187,1272,29,23,52
1273,"((16, 5), <game.Grid object at 0x116d0c4b0>)","((16, 4), <game.Grid object at 0x116c938c0>)",North,"[((16, 4), <game.Grid object at 0x116d0cf30>), ((17, 5), <game.Grid object at 0x116d0cfa0>)]",187,187,1273,29,23,52
1274,"((16, 5), <game.Grid object at 0x116d0c590>)","((16, 4), <game.Grid object at 0x116c939a0>)",North,"[((16, 4), <game.Grid object at 0x116d0d010>), ((17, 5), <game.Grid object at 0x116d0d080>)]",187,187,1274,29,23,52
1275,"((16, 5), <game.Grid object at 0x116d0c670>)","((16, 4), <game.Grid object at 0x116c93a80>)",North,"[((16, 4), <game.Grid object at 0x116d0d0f0>), ((17, 5), <game.Grid object at 0x116d0d160>)]",187,187,1275,29,23,52
1276,"((16, 5), <game.Grid object at 0x116d0c750>)","((16, 4), <game.Grid object at 0x116c93b60>)",North,"[((16, 4), <game.Grid object at 0x116d0d1d0>), ((17, 5), <game.Grid object at 0x116d0d240>)]",187,187,1276,29,23,52
1277,"((16, 5), <game.Grid object at 0x116d0c830>)","((16, 4), <game.Grid object at 0x116c93c40>)",North,"[((16, 4), <game.Grid object at 0x116d0d2b0>), ((17, 5), <game.Grid object at 0x116d0d320>)]",187,187,1277,29,23,52
1278,"((16, 5), <game.Grid object at 0x116d0c910>)","((16, 4), <game.Grid object at 0x116c93d20>)",North,"[((16, 4), <game.Grid object at 0x116d0d390>), ((17, 5), <game.Grid object at 0x116d0d400>)]",187,187,1278,29,23,52
1279,"((16, 5), <game.Grid object at 0x116d0c9f0>)","((16, 4), <game.Grid object at 0x116c93e00>)",North,"[((16, 4), <game.Grid object at 0x116d0d470>), ((17, 5), <game.Grid object at 0x116d0d4e0>)]",187,187,1279,29,23,52
1280,"((16, 5), <game.Grid object at 0x116d0cad0>)","((16, 4), <game.Grid object at 0x116c93ee0>)",North,"[((16, 4), <game.Grid object at 0x116d0d550>), ((17, 5), <game.Grid object at 0x116d0d5c0>)]",187,187,1280,29,23,52
1281,"((16, 5), <game.Grid object at 0x116d0cbb0>)","((16, 4), <game.Grid object at 0x116d0c050>)",North,"[((16, 4), <game.Grid object at 0x116d0d630>), ((17, 5), <game.Grid object at 0x116d0d6a0>)]",187,187,1281,29,23,52
1282,"((17, 5), <game.Grid object at 0x116d0cd00>)","((16, 5), <game.Grid object at 0x116d0c210>)",East,"[((18, 5), <game.Grid object at 0x116d0d710>), ((16, 5), <game.Grid object at 0x116d0d780>)]",187,187,1282,30,22,52
1283,"((17, 5), <game.Grid object at 0x116d0cde0>)","((16, 5), <game.Grid object at 0x116d0c2f0>)",East,"[((18, 5), <game.Grid object at 0x116d0d7f0>), ((16, 5), <game.Grid object at 0x116d0d860>)]",187,187,1283,30,22,52
1284,"((17, 5), <game.Grid object at 0x116d0cec0>)","((16, 5), <game.Grid object at 0x116d0c3d0>)",East,"[((18, 5), <game.Grid object at 0x116d0d8d0>), ((16, 5), <game.Grid object at 0x116d0d940>)]",187,187,1284,30,22,52
1285,"((17, 5), <game.Grid object at 0x116d0cfa0>)","((16, 5), <game.Grid object at 0x116d0c4b0>)",East,"[((18, 5), <game.Grid object at 0x116d0d9b0>), ((16, 5), <game.Grid object at 0x116d0da20>)]",187,187,1285,30,22,52
1286,"((17, 5), <game.Grid object at 0x116d0d080>)","((16, 5), <game.Grid object at 0x116d0c590>)",East,"[((18, 5), <game.Grid object at 0x116d0da90>), ((16, 5), <game.Grid object at 0x116d0db00>)]",187,187,1286,30,22,52
1287,"((17, 5), <game.Grid object at 0x116d0d160>)","((16, 5), <game.Grid object at 0x116d0c670>)",East,"[((18, 5), <game.Grid object at 0x116d0db70>), ((16, 5), <game.Grid object at 0x116d0dbe0>)]",187,187,1287,30,22,52
1288,"((17, 5), <game.Grid object at 0x116d0d240>)","((16, 5), <game.Grid object at 0x116d0c750>)",East,"[((18, 5), <game.Grid object at 0x116d0dc50>), ((16, 5), <game.Grid object at 0x116d0dcc0>)]",187,187,1288,30,22,52
1289,"((17, 5), <game.Grid object at 0x116d0d320>)","((16, 5), <game.Grid object at 0x116d0c830>)",East,"[((18, 5), <game.Grid object at 0x116d0dd30>), ((16, 5), <game.Grid object at 0x116d0dda0>)]",187,187,1289,30,22,52
1290,"((17, 5), <game.Grid object at 0x116d0d400>)","((16, 5), <game.Grid object at 0x116d0c910>)",East,"[((18, 5), <game.Grid object at 0x116d0de10>), ((16, 5), <game.Grid object at 0x116d0de80>)]",187,187,1290,30,22,52
1291,"((17, 5), <game.Grid object at 0x116d0d4e0>)","((16, 5), <game.Grid object at 0x116d0c9f0>)",East,"[((18, 5), <game.Grid object at 0x116d0def0>), ((16, 5), <game.Grid object at 0x116d0df60>)]",187,187,1291,30,22,52
1292,"((17, 5), <game.Grid object at 0x116d0d5c0>)","((16, 5), <game.Grid object at 0x116d0cad0>)",East,"[((18, 5), <game.Grid object at 0x116d0dfd0>), ((16, 5), <game.Grid object at 0x116d0e040>)]",187,187,1292,30,22,52
1293,"((17, 5), <game.Grid object at 0x116d0d6a0>)","((16, 5), <game.Grid object at 0x116d0cbb0>)",East,"[((18, 5), <game.Grid object at 0x116d0e0b0>), ((16, 5), <game.Grid object at 0x116d0e120>)]",187,187,1293,30,22,52
1294,"((18, 5), <game.Grid object at 0x116d0d710>)","((17, 5), <game.Grid object at 0x116d0cd00>)",East,"[((18, 4), <game.Grid object at 0x116d0e190>), ((17, 5), <game.Grid object at 0x116d0e200>)]",187,187,1294,31,21,52
1295,"((18, 5), <game.Grid object at 0x116d0d7f0>)","((17, 5), <game.Grid object at 0x116d0cde0>)",East,"[((18, 4), <game.Grid object at 0x116d0e270>), ((17, 5), <game.Grid object at 0x116d0e2e0>)]",187,187,1295,31,21,52
1296,"((18, 5), <game.Grid object at 0x116d0d8d0>)","((17, 5), <game.Grid object at 0x116d0cec0>)",East,"[((18, 4), <game.Grid object at 0x116d0e350>), ((17, 5), <game.Grid object at 0x116d0e3c0>)]",187,187,1296,31,21,52
1297,"((18, 5), <game.Grid object at 0x116d0d9b0>)","((17, 5), <game.Grid object at 0x116d0cfa0>)",East,"[((18, 4), <game.Grid object at 0x116d0e430>), ((17, 5), <game.Grid object at 0x116d0e4a0>)]",187,187,1297,31,21,52
1298,"((18, 5), <game.Grid object at 0x116d0da90>)","((17, 5), <game.Grid object at 0x116d0d080>)",East,"[((18, 4), <game.Grid object at 0x116d0e510>), ((17, 5), <game.Grid object at 0x116d0e580>)]",187,187,1298,31,21,52
1299,"((18, 5), <game.Grid object at 0x116d0db70>)","((17, 5), <game.Grid object at 0x116d0d160>)",East,"[((18, 4), <game.Grid object at 0x116d0e5f0>), ((17, 5), <game.Grid object at 0x116d0e660>)]",187,187,1299,31,21,52
1300,"((18, 5), <game.Grid object at 0x116d0dc50>)","((17, 5), <game.Grid object at 0x116d0d240>)",East,"[((18, 4), <game.Grid object at 0x116d0e6d0>), ((17, 5), <game.Grid object at 0x116d0e740>)]",187,187,1300,31,21,52
1301,"((18, 5), <game.Grid object at 0x116d0dd30>)","((17, 5), <game.Grid object at 0x116d0d320>)",East,"[((18, 4), <game.Grid object at 0x116d0e7b0>), ((17, 5), <game.Grid object at 0x116d0e820>)]",187,187,1301,31,21,52
1302,"((18, 5), <game.Grid object at 0x116d0de10>)","((17, 5), <game.Grid object at 0x116d0d400>)",East,"[((18, 4), <game.Grid object at 0x116d0e890>), ((17, 5), <game.Grid object at 0x116d0e900>)]",187,187,1302,31,21,52
1303,"((18, 5), <game.Grid object at 0x116d0def0>)","((17, 5), <game.Grid object at 0x116d0d4e0>)",East,"[((18, 4), <game.Grid object at 0x116d0e970>), ((17, 5), <game.Grid object at 0x116d0e9e0>)]",187,187,1303,31,21,52
1304,"((18, 5), <game.Grid object at 0x116d0dfd0>)","((17, 5), <game.Grid object at 0x116d0d5c0>)",East,"[((18, 4), <game.Grid object at 0x116d0ea50>), ((17, 5), <game.Grid object at 0x116d0eac0>)]",187,187,1304,31,21,52
1305,"((18, 5), <game.Grid object at 0x116d0e0b0>)","((17, 5), <game.Grid object at 0x116d0d6a0>)",East,"[((18, 4), <game.Grid object at 0x116d0eb30>), ((17, 5), <game.Grid object at 0x116d0eba0>)]",187,187,1305,31,21,52
1306,"((18, 4), <game.Grid object at 0x116d0e190>)","((18, 5), <game.Grid object at 0x116d0d710>)",South,"[((18, 5), <game.Grid object at 0x116d0ec10>), ((18, 3), <game.Grid object at 0x116d0ec80>)]",187,187,1306,32,20,52
1307,"((18, 4), <game.Grid object at 0x116d0e5f0>)","((18, 5), <game.Grid object at 0x116d0db70>)",South,"[((18, 5), <game.Grid object at 0x116d0ecf0>), ((18, 3), <game.Grid object at 0x116d0ed60>)]",187,187,1307,32,20,52
1308,"((18, 4), <game.Grid object at 0x116d0e970>)","((18, 5), <game.Grid object at 0x116d0def0>)",South,"[((18, 5), <game.Grid object at 0x116d0edd0>), ((18, 3), <game.Grid object at 0x116d0ee40>)]",187,187,1308,32,20,52
1309,"((18, 4), <game.Grid object at 0x116d0ea50>)","((18, 5), <game.Grid object at 0x116d0dfd0>)",South,"[((18, 5), <game.Grid object at 0x116d0eeb0>), ((18, 3), <game.Grid object at 0x116d0ef20>)]",187,187,1309,32,20,52
1310,"((18, 4), <game.Grid object at 0x116d0eb30>)","((18, 5), <game.Grid object at 0x116d0e0b0>)",South,"[((18, 5), <game.Grid object at 0x116d0ef90>), ((18, 3), <game.Grid object at 0x116d0f000>)]",187,187,1310,32,20,52
1311,"((18, 3), <game.Grid object at 0x116d0ec80>)","((18, 4), <game.Grid object at 0x116d0e190>)",South,"[((18, 4), <game.Grid object at 0x116d0f070>), ((18, 2), <game.Grid object at 0x116d0f0e0>)]",187,187,1311,33,19,52
1312,"((18, 3), <game.Grid object at 0x116d0ed60>)","((18, 4), <game.Grid object at 0x116d0e5f0>)",South,"[((18, 4), <game.Grid object at 0x116d0f150>), ((18, 2), <game.Grid object at 0x116d0f1c0>)]",187,187,1312,33,19,52
1313,"((18, 3), <game.Grid object at 0x116d0ee40>)","((18, 4), <game.Grid object at 0x116d0e970>)",South,"[((18, 4), <game.Grid object at 0x116d0f230>), ((18, 2), <game.Grid object at 0x116d0f2a0>)]",187,187,1313,33,19,52
1314,"((18, 3), <game.Grid object at 0x116d0ef20>)","((18, 4), <game.Grid object at 0x116d0ea50>)",South,"[((18, 4), <game.Grid object at 0x116d0f310>), ((18, 2), <game.Grid object at 0x116d0f380>)]",187,187,1314,33,19,52
1315,"((18, 3), <game.Grid object at 0x116d0f000>)","((18, 4), <game.Grid object at 0x116d0eb30>)",South,"[((18, 4), <game.Grid object at 0x116d0f3f0>), ((18, 2), <game.Grid object at 0x116d0f460>)]",187,187,1315,33,19,52
1316,"((18, 2), <game.Grid object at 0x116d0f1c0>)","((18, 3), <game.Grid object at 0x116d0ed60>)",South,"[((18, 3), <game.Grid object at 0x116d0f4d0>), ((18, 1), <game.Grid object at 0x116d0f540>)]",187,187,1316,34,18,52
1317,"((18, 4), <game.Grid object at 0x116d0e270>)","((18, 5), <game.Grid object at 0x116d0d7f0>)",South,"[((18, 5), <game.Grid object at 0x116d0f5b0>), ((18, 3), <game.Grid object at 0x116d0f620>)]",187,187,1317,32,21,53
1318,"((18, 4), <game.Grid object at 0x116d0e350>)","((18, 5), <game.Grid object at 0x116d0d8d0>)",South,"[((18, 5), <game.Grid object at 0x116d0f690>), ((18, 3), <game.Grid object at 0x116d0f700>)]",187,187,1318,32,21,53
1319,"((18, 4), <game.Grid object at 0x116d0e430>)","((18, 5), <game.Grid object at 0x116d0d9b0>)",South,"[((18, 5), <game.Grid object at 0x116d0f770>), ((18, 3), <game.Grid object at 0x116d0f7e0>)]",187,187,1319,32,21,53
1320,"((18, 4), <game.Grid object at 0x116d0e510>)","((18, 5), <game.Grid object at 0x116d0da90>)",South,"[((18, 5), <game.Grid object at 0x116d0f850>), ((18, 3), <game.Grid object at 0x116d0f8c0>)]",187,187,1320,32,21,53
1321,"((18, 4), <game.Grid object at 0x116d0e6d0>)","((18, 5), <game.Grid object at 0x116d0dc50>)",South,"[((18, 5), <game.Grid object at 0x116d0f930>), ((18, 3), <game.Grid object at 0x116d0f9a0>)]",187,187,1321,32,21,53
1322,"((18, 4), <game.Grid object at 0x116d0e7b0>)","((18, 5), <game.Grid object at 0x116d0dd30>)",South,"[((18, 5), <game.Grid object at 0x116d0fa10>), ((18, 3), <game.Grid object at 0x116d0fa80>)]",187,187,1322,32,21,53
1323,"((18, 4), <game.Grid object at 0x116d0e890>)","((18, 5), <game.Grid object at 0x116d0de10>)",South,"[((18, 5), <game.Grid object at 0x116d0faf0>), ((18, 3), <game.Grid object at 0x116d0fb60>)]",187,187,1323,32,21,53
1324,"((18, 1), <game.Grid object at 0x116d0f540>)","((18, 2), <game.Grid object at 0x116d0f1c0>)",South,"[((18, 2), <game.Grid object at 0x116d0fbd0>), ((17, 1), <game.Grid object at 0x116d0fc40>)]",187,187,1324,35,18,53
1325,"((1, 5), <game.Grid object at 0x1169c79a0>)","((2, 5), <game.Grid object at 0x11684f850>)",West,"[((1, 4), <game.Grid object at 0x116d0fcb0>), ((2, 5), <game.Grid object at 0x116d0fd20>)]",187,188,1325,12,42,54
1326,"((4, 5), <game.Grid object at 0x1169c7a80>)","((5, 5), <game.Grid object at 0x11684f930>)",West,"[((4, 4), <game.Grid object at 0x116d0fe70>), ((5, 5), <game.Grid object at 0x116d0fee0>), ((3, 5), <game.Grid object at 0x116d0ff50>)]",188,189,1326,15,39,54
1327,"((11, 1), <game.Grid object at 0x1169c7b60>)","((12, 1), <game.Grid object at 0x11684fa80>)",West,"[((12, 1), <game.Grid object at 0x116d8c050>), ((10, 1), <game.Grid object at 0x116d8c0c0>)]",189,189,1327,22,32,54
1328,"((2, 5), <game.Grid object at 0x1169c7c40>)","((3, 5), <game.Grid object at 0x11684fbd0>)",West,"[((3, 5), <game.Grid object at 0x116d8c130>), ((1, 5), <game.Grid object at 0x116d8c1a0>)]",189,189,1328,13,41,54
1329,"((2, 5), <game.Grid object at 0x1169c7d90>)","((3, 5), <game.Grid object at 0x11684fd20>)",West,"[((3, 5), <game.Grid object at 0x116d8c280>), ((1, 5), <game.Grid object at 0x116d8c2f0>)]",189,189,1329,13,41,54
1330,"((1, 4), <game.Grid object at 0x1169c7e70>)","((1, 3), <game.Grid object at 0x11684fe00>)",North,"[((1, 5), <game.Grid object at 0x116d8c3d0>), ((1, 3), <game.Grid object at 0x116d8c440>)]",189,190,1330,13,41,54
1331,"((5, 5), <game.Grid object at 0x116a3c0c0>)","((6, 5), <game.Grid object at 0x11684ff50>)",West,"[((6, 5), <game.Grid object at 0x116d8c590>), ((4, 5), <game.Grid object at 0x116d8c600>)]",190,190,1331,16,38,54
1332,"((5, 5), <game.Grid object at 0x116a3c1a0>)","((6, 5), <game.Grid object at 0x1168c4130>)",West,"[((6, 5), <game.Grid object at 0x116d8c670>), ((4, 5), <game.Grid object at 0x116d8c6e0>)]",190,190,1332,16,38,54
1333,"((4, 4), <game.Grid object at 0x116a3c210>)","((4, 3), <game.Grid object at 0x1168c4210>)",North,"[((4, 5), <game.Grid object at 0x116d8c750>), ((4, 3), <game.Grid object at 0x116d8c7c0>)]",190,191,1333,16,38,54
1334,"((3, 3), <game.Grid object at 0x116a3c2f0>)","((4, 3), <game.Grid object at 0x1168c4210>)",West,"[((4, 3), <game.Grid object at 0x116d8c830>), ((2, 3), <game.Grid object at 0x116d8c8a0>)]",191,191,1334,16,38,54
1335,"((5, 5), <game.Grid object at 0x116a3c3d0>)","((6, 5), <game.Grid object at 0x1168c4360>)",West,"[((6, 5), <game.Grid object at 0x116d8c910>), ((4, 5), <game.Grid object at 0x116d8c980>)]",191,191,1335,16,38,54
1336,"((12, 1), <game.Grid object at 0x116a3c4b0>)","((13, 1), <game.Grid object at 0x1168c4440>)",West,"[((13, 1), <game.Grid object at 0x116d8c9f0>), ((11, 1), <game.Grid object at 0x116d8ca60>)]",191,191,1336,23,31,54
1337,"((12, 1), <game.Grid object at 0x116a3c590>)","((13, 1), <game.Grid object at 0x1168c4520>)",West,"[((13, 1), <game.Grid object at 0x116d8cad0>), ((11, 1), <game.Grid object at 0x116d8cb40>)]",191,191,1337,23,31,54
1338,"((6, 5), <game.Grid object at 0x116a3c6e0>)","((7, 5), <game.Grid object at 0x1168c4590>)",West,"[((7, 5), <game.Grid object at 0x116d8cbb0>), ((5, 5), <game.Grid object at 0x116d8cc20>)]",191,191,1338,17,37,54
1339,"((4, 3), <game.Grid object at 0x116a3c7c0>)","((5, 3), <game.Grid object at 0x1168c46e0>)",West,"[((4, 4), <game.Grid object at 0x116d8cc90>), ((5, 3), <game.Grid object at 0x116d8cd00>), ((3, 3), <game.Grid object at 0x116d8cd70>)]",191,192,1339,17,37,54
1340,"((4, 3), <game.Grid object at 0x116a3c8a0>)","((5, 3), <game.Grid object at 0x1168c47c0>)",West,"[((4, 4), <game.Grid object at 0x116d8cde0>), ((5, 3), <game.Grid object at 0x116d8ce50>), ((3, 3), <game.Grid object at 0x116d8cec0>)]",192,192,1340,17,37,54
1341,"((4, 5), <game.Grid object at 0x116a3c980>)","((5, 5), <game.Grid object at 0x1168c48a0>)",West,"[((4, 4), <game.Grid object at 0x116d8cf30>), ((5, 5), <game.Grid object at 0x116d8cfa0>), ((3, 5), <game.Grid object at 0x116d8d010>)]",192,193,1341,15,39,54
1342,"((6, 5), <game.Grid object at 0x116a3cad0>)","((7, 5), <game.Grid object at 0x1168c4980>)",West,"[((7, 5), <game.Grid object at 0x116d8d080>), ((5, 5), <game.Grid object at 0x116d8d0f0>)]",193,193,1342,17,37,54
1343,"((4, 3), <game.Grid object at 0x116a3cbb0>)","((5, 3), <game.Grid object at 0x1168c4ad0>)",West,"[((4, 4), <game.Grid object at 0x116d8d160>), ((5, 3), <game.Grid object at 0x116d8d1d0>), ((3, 3), <game.Grid object at 0x116d8d240>)]",193,194,1343,17,37,54
1344,"((13, 1), <game.Grid object at 0x116a3cc90>)","((14, 1), <game.Grid object at 0x1168c4bb0>)",West,"[((14, 1), <game.Grid object at 0x116d8d2b0>), ((12, 1), <game.Grid object at 0x116d8d320>)]",194,194,1344,24,30,54
1345,"((13, 1), <game.Grid object at 0x116a3cd70>)","((14, 1), <game.Grid object at 0x1168c4c90>)",West,"[((14, 1), <game.Grid object at 0x116d8d390>), ((12, 1), <game.Grid object at 0x116d8d400>)]",194,194,1345,24,30,54
1346,"((13, 1), <game.Grid object at 0x116a3ce50>)","((14, 1), <game.Grid object at 0x1168c4d70>)",West,"[((14, 1), <game.Grid object at 0x116d8d470>), ((12, 1), <game.Grid object at 0x116d8d4e0>)]",194,194,1346,24,30,54
1347,"((1, 5), <game.Grid object at 0x116a3cf30>)","((2, 5), <game.Grid object at 0x1168c4e50>)",West,"[((1, 4), <game.Grid object at 0x116d8d550>), ((2, 5), <game.Grid object at 0x116d8d5c0>)]",194,195,1347,12,42,54
1348,"((1, 5), <game.Grid object at 0x116a3cfa0>)","((1, 4), <game.Grid object at 0x1168c4ec0>)",North,"[((1, 4), <game.Grid object at 0x116d8d710>), ((2, 5), <game.Grid object at 0x116d8d780>)]",195,195,1348,12,42,54
1349,"((5, 5), <game.Grid object at 0x116a3d0f0>)","((6, 5), <game.Grid object at 0x1168c5080>)",West,"[((6, 5), <game.Grid object at 0x116d8d860>), ((4, 5), <game.Grid object at 0x116d8d8d0>)]",195,195,1349,16,38,54
1350,"((5, 5), <game.Grid object at 0x116a3d1d0>)","((6, 5), <game.Grid object at 0x1168c51d0>)",West,"[((6, 5), <game.Grid object at 0x116d8d940>), ((4, 5), <game.Grid object at 0x116d8d9b0>)]",195,195,1350,16,38,54
1351,"((6, 5), <game.Grid object at 0x116a3d320>)","((7, 5), <game.Grid object at 0x1168c52b0>)",West,"[((7, 5), <game.Grid object at 0x116d8da20>), ((5, 5), <game.Grid object at 0x116d8da90>)]",195,195,1351,17,37,54
1352,"((5, 3), <game.Grid object at 0x116a3d400>)","((6, 3), <game.Grid object at 0x1168c5400>)",West,"[((6, 3), <game.Grid object at 0x116d8db00>), ((4, 3), <game.Grid object at 0x116d8db70>)]",195,195,1352,18,36,54
1353,"((7, 5), <game.Grid object at 0x116a3d470>)","((7, 4), <game.Grid object at 0x1168c5470>)",North,"[((7, 4), <game.Grid object at 0x116d8dbe0>), ((8, 5), <game.Grid object at 0x116d8dc50>), ((6, 5), <game.Grid object at 0x116d8dcc0>)]",195,196,1353,18,36,54
1354,"((5, 3), <game.Grid object at 0x116a3d5c0>)","((6, 3), <game.Grid object at 0x1168c5550>)",West,"[((6, 3), <game.Grid object at 0x116d8dd30>), ((4, 3), <game.Grid object at 0x116d8dda0>)]",196,196,1354,18,36,54
1355,"((14, 1), <game.Grid object at 0x116a3d6a0>)","((15, 1), <game.Grid object at 0x1168c5710>)",West,"[((15, 1), <game.Grid object at 0x116d8de10>), ((13, 1), <game.Grid object at 0x116d8de80>)]",196,196,1355,25,29,54
1356,"((14, 1), <game.Grid object at 0x116a3d780>)","((15, 1), <game.Grid object at 0x1168c57f0>)",West,"[((15, 1), <game.Grid object at 0x116d8def0>), ((13, 1), <game.Grid object at 0x116d8df60>)]",196,196,1356,25,29,54
1357,"((14, 1), <game.Grid object at 0x116a3d860>)","((15, 1), <game.Grid object at 0x1168c58d0>)",West,"[((15, 1), <game.Grid object at 0x116d8dfd0>), ((13, 1), <game.Grid object at 0x116d8e040>)]",196,196,1357,25,29,54
1358,"((6, 5), <game.Grid object at 0x116a3db70>)","((7, 5), <game.Grid object at 0x1168c5c50>)",West,"[((7, 5), <game.Grid object at 0x116d8e0b0>), ((5, 5), <game.Grid object at 0x116d8e120>)]",196,196,1358,17,37,54
1359,"((15, 1), <game.Grid object at 0x116a3dc50>)","((16, 1), <game.Grid object at 0x1168c5d30>)",West,"[((16, 1), <game.Grid object at 0x116d8e190>), ((14, 1), <game.Grid object at 0x116d8e200>)]",196,196,1359,26,28,54
1360,"((15, 1), <game.Grid object at 0x116a3dd30>)","((16, 1), <game.Grid object at 0x1168c5e10>)",West,"[((16, 1), <game.Grid object at 0x116d8e270>), ((14, 1), <game.Grid object at 0x116d8e2e0>)]",196,196,1360,26,28,54
1361,"((15, 1), <game.Grid object at 0x116a3de10>)","((16, 1), <game.Grid object at 0x1168c5ef0>)",West,"[((16, 1), <game.Grid object at 0x116d8e350>), ((14, 1), <game.Grid object at 0x116d8e3c0>)]",196,196,1361,26,28,54
1362,"((3, 5), <game.Grid object at 0x116a3df60>)","((4, 5), <game.Grid object at 0x1168c5f60>)",West,"[((4, 5), <game.Grid object at 0x116d8e430>), ((2, 5), <game.Grid object at 0x116d8e4a0>)]",196,196,1362,14,40,54
1363,"((1, 3), <game.Grid object at 0x116a3e120>)","((2, 3), <game.Grid object at 0x1168c6190>)",West,"[((1, 4), <game.Grid object at 0x116d8e510>), ((2, 3), <game.Grid object at 0x116d8e580>)]",196,196,1363,14,40,54
1364,"((7, 5), <game.Grid object at 0x116a3e270>)","((8, 5), <game.Grid object at 0x1168c63c0>)",West,"[((7, 4), <game.Grid object at 0x116d8e5f0>), ((8, 5), <game.Grid object at 0x116d8e660>), ((6, 5), <game.Grid object at 0x116d8e6d0>)]",196,197,1364,18,36,54
1365,"((4, 3), <game.Grid object at 0x116a3e350>)","((5, 3), <game.Grid object at 0x1168c64a0>)",West,"[((4, 4), <game.Grid object at 0x116d8e740>), ((5, 3), <game.Grid object at 0x116d8e7b0>), ((3, 3), <game.Grid object at 0x116d8e820>)]",197,197,1365,17,37,54
1366,"((9, 5), <game.Grid object at 0x116a3e580>)","((10, 5), <game.Grid object at 0x1168c6740>)",West,"[((10, 5), <game.Grid object at 0x116d8e890>), ((8, 5), <game.Grid object at 0x116d8e900>)]",197,196,1366,20,34,54
1367,"((16, 1), <game.Grid object at 0x116a3e660>)","((17, 1), <game.Grid object at 0x1168c6a50>)",West,"[((17, 1), <game.Grid object at 0x116d8e970>), ((15, 1), <game.Grid object at 0x116d8e9e0>)]",196,196,1367,27,27,54
1368,"((16, 1), <game.Grid object at 0x116a3e740>)","((17, 1), <game.Grid object at 0x1168c6b30>)",West,"[((17, 1), <game.Grid object at 0x116d8ea50>), ((15, 1), <game.Grid object at 0x116d8eac0>)]",196,196,1368,27,27,54
1369,"((16, 1), <game.Grid object at 0x116a3e820>)","((17, 1), <game.Grid object at 0x1168c6c10>)",West,"[((17, 1), <game.Grid object at 0x116d8eb30>), ((15, 1), <game.Grid object at 0x116d8eba0>)]",196,196,1369,27,27,54
1370,"((16, 1), <game.Grid object at 0x116a3e900>)","((17, 1), <game.Grid object at 0x1168c6cf0>)",West,"[((17, 1), <game.Grid object at 0x116d8ec10>), ((15, 1), <game.Grid object at 0x116d8ec80>)]",196,196,1370,27,27,54
1371,"((1, 5), <game.Grid object at 0x116a3e970>)","((1, 4), <game.Grid object at 0x1168c6d60>)",North,"[((1, 4), <game.Grid object at 0x116d8ecf0>), ((2, 5), <game.Grid object at 0x116d8ed60>)]",196,196,1371,12,42,54
1372,"((5, 3), <game.Grid object at 0x116a3eba0>)","((6, 3), <game.Grid object at 0x1168c7070>)",West,"[((6, 3), <game.Grid object at 0x116d8ee40>), ((4, 3), <game.Grid object at 0x116d8eeb0>)]",196,196,1372,18,36,54
1373,"((10, 5), <game.Grid object at 0x116a3ed60>)","((11, 5), <game.Grid object at 0x1168c74d0>)",West,"[((10, 4), <game.Grid object at 0x116d8ef20>), ((11, 5), <game.Grid object at 0x116d8ef90>), ((9, 5), <game.Grid object at 0x116d8f000>)]",196,196,1373,21,33,54
1374,"((17, 1), <game.Grid object at 0x116a3ee40>)","((18, 1), <game.Grid object at 0x1168c75b0>)",West,"[((18, 1), <game.Grid object at 0x116d8f070>), ((16, 1), <game.Grid object at 0x116d8f0e0>)]",196,196,1374,28,26,54
1375,"((17, 1), <game.Grid object at 0x116a3ef20>)","((18, 1), <game.Grid object at 0x1168c7690>)",West,"[((18, 1), <game.Grid object at 0x116d8f150>), ((16, 1), <game.Grid object at 0x116d8f1c0>)]",196,196,1375,28,26,54
1376,"((17, 1), <game.Grid object at 0x116a3f000>)","((18, 1), <game.Grid object at 0x1168c7770>)",West,"[((18, 1), <game.Grid object at 0x116d8f230>), ((16, 1), <game.Grid object at 0x116d8f2a0>)]",196,196,1376,28,26,54
1377,"((1, 4), <game.Grid object at 0x116a3f070>)","((1, 3), <game.Grid object at 0x1168c7850>)",North,"[((1, 5), <game.Grid object at 0x116d8f310>), ((1, 3), <game.Grid object at 0x116d8f380>)]",196,197,1377,13,41,54
1378,"((10, 4), <game.Grid object at 0x116a3f1c0>)","((10, 3), <game.Grid object at 0x1168c7930>)",North,"[((10, 5), <game.Grid object at 0x116d8f4d0>), ((10, 3), <game.Grid object at 0x116d8f540>)]",197,197,1378,22,32,54
1379,"((9, 3), <game.Grid object at 0x116a3f2a0>)","((10, 3), <game.Grid object at 0x1168c7930>)",West,"[((10, 3), <game.Grid object at 0x116d8f5b0>), ((8, 3), <game.Grid object at 0x116d8f620>)]",197,197,1379,22,32,54
1380,"((11, 5), <game.Grid object at 0x116a3f4d0>)","((12, 5), <game.Grid object at 0x1168c7bd0>)",West,"[((12, 5), <game.Grid object at 0x116d8f690>), ((10, 5), <game.Grid object at 0x116d8f700>)]",197,197,1380,22,32,54
1381,"((11, 5), <game.Grid object at 0x116a3f620>)","((12, 5), <game.Grid object at 0x1168c7d20>)",West,"[((12, 5), <game.Grid object at 0x116d8f770>), ((10, 5), <game.Grid object at 0x116d8f7e0>)]",197,197,1381,22,32,54
1382,"((18, 1), <game.Grid object at 0x116a3f700>)","((18, 2), <game.Grid object at 0x1168c7e00>)",South,"[((18, 2), <game.Grid object at 0x116d8f850>), ((17, 1), <game.Grid object at 0x116d8f8c0>)]",197,197,1382,29,25,54
1383,"((9, 5), <game.Grid object at 0x116a3f850>)","((10, 5), <game.Grid object at 0x1168c7ee0>)",West,"[((10, 5), <game.Grid object at 0x116d8f930>), ((8, 5), <game.Grid object at 0x116d8f9a0>)]",197,197,1383,20,34,54
1384,"((10, 4), <game.Grid object at 0x116a3f8c0>)","((10, 3), <game.Grid object at 0x11693c050>)",North,"[((10, 5), <game.Grid object at 0x116d8fa10>), ((10, 3), <game.Grid object at 0x116d8fa80>)]",197,196,1384,22,32,54
1385,"((9, 3), <game.Grid object at 0x116a3f9a0>)","((10, 3), <game.Grid object at 0x11693c050>)",West,"[((10, 3), <game.Grid object at 0x116d8faf0>), ((8, 3), <game.Grid object at 0x116d8fb60>)]",196,196,1385,22,32,54
1386,"((18, 1), <game.Grid object at 0x116a3fa80>)","((18, 2), <game.Grid object at 0x11693c130>)",South,"[((18, 2), <game.Grid object at 0x116d8fbd0>), ((17, 1), <game.Grid object at 0x116d8fc40>)]",196,196,1386,29,25,54
1387,"((18, 1), <game.Grid object at 0x116a3fb60>)","((18, 2), <game.Grid object at 0x11693c210>)",South,"[((18, 2), <game.Grid object at 0x116d8fcb0>), ((17, 1), <game.Grid object at 0x116d8fd20>)]",196,196,1387,29,25,54
1388,"((18, 1), <game.Grid object at 0x116a3fc40>)","((18, 2), <game.Grid object at 0x11693c2f0>)",South,"[((18, 2), <game.Grid object at 0x116d8fd90>), ((17, 1), <game.Grid object at 0x116d8fe00>)]",196,196,1388,29,25,54
1389,"((18, 1), <game.Grid object at 0x116a3fd20>)","((18, 2), <game.Grid object at 0x11693c3d0>)",South,"[((18, 2), <game.Grid object at 0x116d8fe70>), ((17, 1), <game.Grid object at 0x116d8fee0>)]",196,196,1389,29,25,54
1390,"((5, 5), <game.Grid object at 0x116a3fe00>)","((6, 5), <game.Grid object at 0x11693c520>)",West,"[((6, 5), <game.Grid object at 0x116d8ff50>), ((4, 5), <game.Grid object at 0x116e00050>)]",196,196,1390,16,38,54
1391,"((1, 3), <game.Grid object at 0x116a3fee0>)","((2, 3), <game.Grid object at 0x11693c600>)",West,"[((1, 4), <game.Grid object at 0x116e000c0>), ((2, 3), <game.Grid object at 0x116e00130>)]",196,196,1391,14,40,54
1392,"((4, 3), <game.Grid object at 0x116aa80c0>)","((5, 3), <game.Grid object at 0x11693c750>)",West,"[((4, 4), <game.Grid object at 0x116e001a0>), ((5, 3), <game.Grid object at 0x116e00210>), ((3, 3), <game.Grid object at 0x116e00280>)]",196,197,1392,17,37,54
1393,"((5, 5), <game.Grid object at 0x116aa81a0>)","((6, 5), <game.Grid object at 0x11693c8a0>)",West,"[((6, 5), <game.Grid object at 0x116e002f0>), ((4, 5), <game.Grid object at 0x116e00360>)]",197,197,1393,16,38,54
1394,"((10, 3), <game.Grid object at 0x116aa8280>)","((11, 3), <game.Grid object at 0x11693ca60>)",West,"[((10, 4), <game.Grid object at 0x116e003d0>), ((11, 3), <game.Grid object at 0x116e00440>), ((9, 3), <game.Grid object at 0x116e004b0>)]",197,197,1394,23,31,54
1395,"((10, 3), <game.Grid object at 0x116aa8360>)","((11, 3), <game.Grid object at 0x11693cb40>)",West,"[((10, 4), <game.Grid object at 0x116e00520>), ((11, 3), <game.Grid object at 0x116e00590>), ((9, 3), <game.Grid object at 0x116e00600>)]",197,198,1395,23,31,54
1396,"((10, 5), <game.Grid object at 0x116aa8440>)","((11, 5), <game.Grid object at 0x11693cc20>)",West,"[((10, 4), <game.Grid object at 0x116e00670>), ((11, 5), <game.Grid object at 0x116e006e0>), ((9, 5), <game.Grid object at 0x116e00750>)]",198,199,1396,21,33,54
1397,"((4, 3), <game.Grid object at 0x116aa8520>)","((5, 3), <game.Grid object at 0x11693cd00>)",West,"[((4, 4), <game.Grid object at 0x116e007c0>), ((5, 3), <game.Grid object at 0x116e00830>), ((3, 3), <game.Grid object at 0x116e008a0>)]",199,200,1397,17,37,54
1398,"((4, 3), <game.Grid object at 0x116aa8600>)","((5, 3), <game.Grid object at 0x11693cde0>)",West,"[((4, 4), <game.Grid object at 0x116e00910>), ((5, 3), <game.Grid object at 0x116e00980>), ((3, 3), <game.Grid object at 0x116e009f0>)]",200,201,1398,17,37,54
1399,"((11, 5), <game.Grid object at 0x116aa86e0>)","((12, 5), <game.Grid object at 0x11693d010>)",West,"[((12, 5), <game.Grid object at 0x116e00a60>), ((10, 5), <game.Grid object at 0x116e00ad0>)]",201,201,1399,22,32,54
1400,"((10, 5), <game.Grid object at 0x116aa87c0>)","((11, 5), <game.Grid object at 0x11693d160>)",West,"[((10, 4), <game.Grid object at 0x116e00b40>), ((11, 5), <game.Grid object at 0x116e00bb0>), ((9, 5), <game.Grid object at 0x116e00c20>)]",201,201,1400,21,33,54
1401,"((10, 3), <game.Grid object at 0x116aa88a0>)","((11, 3), <game.Grid object at 0x11693d240>)",West,"[((10, 4), <game.Grid object at 0x116e00c90>), ((11, 3), <game.Grid object at 0x116e00d00>), ((9, 3), <game.Grid object at 0x116e00d70>)]",201,202,1401,23,31,54
1402,"((14, 5), <game.Grid object at 0x116aa8ad0>)","((13, 5), <game.Grid object at 0x11693d390>)",East,"[((13, 5), <game.Grid object at 0x116e00de0>)]",202,201,1402,23,31,54
1403,"((12, 5), <game.Grid object at 0x116aa8b40>)","((13, 5), <game.Grid object at 0x11693d390>)",West,"[((13, 5), <game.Grid object at 0x116e00e50>), ((11, 5), <game.Grid object at 0x116e00ec0>)]",201,201,1403,23,31,54
1404,"((10, 3), <game.Grid object at 0x116aa8c20>)","((11, 3), <game.Grid object at 0x11693d4e0>)",West,"[((10, 4), <game.Grid object at 0x116e00f30>), ((11, 3), <game.Grid object at 0x116e00fa0>), ((9, 3), <game.Grid object at 0x116e01010>)]",201,201,1404,23,31,54
1405,"((10, 5), <game.Grid object at 0x116aa8d00>)","((11, 5), <game.Grid object at 0x11693d630>)",West,"[((10, 4), <game.Grid object at 0x116e01080>), ((11, 5), <game.Grid object at 0x116e010f0>), ((9, 5), <game.Grid object at 0x116e01160>)]",201,202,1405,21,33,54
1406,"((10, 3), <game.Grid object at 0x116aa8de0>)","((11, 3), <game.Grid object at 0x11693d710>)",West,"[((10, 4), <game.Grid object at 0x116e011d0>), ((11, 3), <game.Grid object at 0x116e01240>), ((9, 3), <game.Grid object at 0x116e012b0>)]",202,203,1406,23,31,54
1407,"((18, 2), <game.Grid object at 0x116aa8ec0>)","((18, 3), <game.Grid object at 0x11693d7f0>)",South,"[((18, 3), <game.Grid object at 0x116e01320>), ((18, 1), <game.Grid object at 0x116e01390>)]",203,203,1407,30,24,54
1408,"((18, 2), <game.Grid object at 0x116aa8fa0>)","((18, 3), <game.Grid object at 0x11693d8d0>)",South,"[((18, 3), <game.Grid object at 0x116e01400>), ((18, 1), <game.Grid object at 0x116e01470>)]",203,203,1408,30,24,54
1409,"((18, 2), <game.Grid object at 0x116aa9080>)","((18, 3), <game.Grid object at 0x11693d9b0>)",South,"[((18, 3), <game.Grid object at 0x116e014e0>), ((18, 1), <game.Grid object at 0x116e01550>)]",203,203,1409,30,24,54
1410,"((18, 2), <game.Grid object at 0x116aa9160>)","((18, 3), <game.Grid object at 0x11693da90>)",South,"[((18, 3), <game.Grid object at 0x116e015c0>), ((18, 1), <game.Grid object at 0x116e01630>)]",203,203,1410,30,24,54
1411,"((18, 2), <game.Grid object at 0x116aa9240>)","((18, 3), <game.Grid object at 0x11693db70>)",South,"[((18, 3), <game.Grid object at 0x116e016a0>), ((18, 1), <game.Grid object at 0x116e01710>)]",203,203,1411,30,24,54
1412,"((18, 2), <game.Grid object at 0x116aa9320>)","((18, 3), <game.Grid object at 0x11693dc50>)",South,"[((18, 3), <game.Grid object at 0x116e01780>), ((18, 1), <game.Grid object at 0x116e017f0>)]",203,203,1412,30,24,54
1413,"((18, 2), <game.Grid object at 0x116aa9400>)","((18, 3), <game.Grid object at 0x11693dd30>)",South,"[((18, 3), <game.Grid object at 0x116e01860>), ((18, 1), <game.Grid object at 0x116e018d0>)]",203,203,1413,30,24,54
1414,"((5, 3), <game.Grid object at 0x116aa94e0>)","((6, 3), <game.Grid object at 0x11693e190>)",West,"[((6, 3), <game.Grid object at 0x116e01940>), ((4, 3), <game.Grid object at 0x116e019b0>)]",203,203,1414,18,36,54
1415,"((5, 3), <game.Grid object at 0x116aa95c0>)","((6, 3), <game.Grid object at 0x11693e2e0>)",West,"[((6, 3), <game.Grid object at 0x116e01a20>), ((4, 3), <game.Grid object at 0x116e01a90>)]",203,203,1415,18,36,54
1416,"((6, 5), <game.Grid object at 0x116aa9710>)","((7, 5), <game.Grid object at 0x11693e350>)",West,"[((7, 5), <game.Grid object at 0x116e01b00>), ((5, 5), <game.Grid object at 0x116e01b70>)]",203,203,1416,17,37,54
1417,"((6, 5), <game.Grid object at 0x116aa9860>)","((7, 5), <game.Grid object at 0x11693e430>)",West,"[((7, 5), <game.Grid object at 0x116e01be0>), ((5, 5), <game.Grid object at 0x116e01c50>)]",203,203,1417,17,37,54
1418,"((2, 3), <game.Grid object at 0x116aa9940>)","((3, 3), <game.Grid object at 0x11693e7b0>)",West,"[((3, 3), <game.Grid object at 0x116e01cc0>), ((1, 3), <game.Grid object at 0x116e01d30>)]",203,203,1418,15,39,54
1419,"((11, 5), <game.Grid object at 0x116aa9a20>)","((12, 5), <game.Grid object at 0x11693ed60>)",West,"[((12, 5), <game.Grid object at 0x116e01da0>), ((10, 5), <game.Grid object at 0x116e01e10>)]",203,203,1419,22,32,54
1420,"((11, 3), <game.Grid object at 0x116aa9b00>)","((12, 3), <game.Grid object at 0x11693f0e0>)",West,"[((12, 3), <game.Grid object at 0x116e01e80>), ((10, 3), <game.Grid object at 0x116e01ef0>)]",203,203,1420,24,30,54
1421,"((11, 5), <game.Grid object at 0x116aa9be0>)","((12, 5), <game.Grid object at 0x11693f230>)",West,"[((12, 5), <game.Grid object at 0x116e01f60>), ((10, 5), <game.Grid object at 0x116e01fd0>)]",203,203,1421,22,32,54
1422,"((5, 3), <game.Grid object at 0x116aa9cc0>)","((6, 3), <game.Grid object at 0x11693f690>)",West,"[((6, 3), <game.Grid object at 0x116e02040>), ((4, 3), <game.Grid object at 0x116e020b0>)]",203,203,1422,18,36,54
1423,"((5, 3), <game.Grid object at 0x116aa9da0>)","((6, 3), <game.Grid object at 0x11693f8c0>)",West,"[((6, 3), <game.Grid object at 0x116e02120>), ((4, 3), <game.Grid object at 0x116e02190>)]",203,203,1423,18,36,54
1424,"((12, 5), <game.Grid object at 0x116aa9ef0>)","((13, 5), <game.Grid object at 0x11693fcb0>)",West,"[((13, 5), <game.Grid object at 0x116e02200>), ((11, 5), <game.Grid object at 0x116e02270>)]",203,203,1424,23,31,54
1425,"((12, 5), <game.Grid object at 0x116aaa040>)","((13, 5), <game.Grid object at 0x11693ff50>)",West,"[((13, 5), <game.Grid object at 0x116e022e0>), ((11, 5), <game.Grid object at 0x116e02350>)]",203,203,1425,23,31,54
1426,"((11, 5), <game.Grid object at 0x116aaa190>)","((12, 5), <game.Grid object at 0x1169c4670>)",West,"[((12, 5), <game.Grid object at 0x116e023c0>), ((10, 5), <game.Grid object at 0x116e02430>)]",203,203,1426,22,32,54
1427,"((11, 3), <game.Grid object at 0x116aaa270>)","((12, 3), <game.Grid object at 0x1169c47c0>)",West,"[((12, 3), <game.Grid object at 0x116e024a0>), ((10, 3), <game.Grid object at 0x116e02510>)]",203,203,1427,24,30,54
1428,"((11, 3), <game.Grid object at 0x116aaa350>)","((12, 3), <game.Grid object at 0x1169c49f0>)",West,"[((12, 3), <game.Grid object at 0x116e02580>), ((10, 3), <game.Grid object at 0x116e025f0>)]",203,203,1428,24,30,54
1429,"((4, 5), <game.Grid object at 0x116aaa3c0>)","((4, 4), <game.Grid object at 0x1169c4a60>)",North,"[((4, 4), <game.Grid object at 0x116e02660>), ((5, 5), <game.Grid object at 0x116e026d0>), ((3, 5), <game.Grid object at 0x116e02740>)]",203,204,1429,15,39,54
1430,"((11, 3), <game.Grid object at 0x116aaa510>)","((12, 3), <game.Grid object at 0x1169c5390>)",West,"[((12, 3), <game.Grid object at 0x116e027b0>), ((10, 3), <game.Grid object at 0x116e02820>)]",204,204,1430,24,30,54
1431,"((7, 5), <game.Grid object at 0x116aaa580>)","((7, 4), <game.Grid object at 0x1169c5b00>)",North,"[((7, 4), <game.Grid object at 0x116e02890>), ((8, 5), <game.Grid object at 0x116e02900>), ((6, 5), <game.Grid object at 0x116e02970>)]",204,205,1431,18,36,54
1432,"((18, 3), <game.Grid object at 0x116aaa6d0>)","((18, 4), <game.Grid object at 0x1169c6270>)",South,"[((18, 4), <game.Grid object at 0x116e029e0>), ((18, 2), <game.Grid object at 0x116e02a50>)]",205,205,1432,31,23,54
1433,"((10, 5), <game.Grid object at 0x116aaa740>)","((10, 4), <game.Grid object at 0x1169c67b0>)",North,"[((10, 4), <game.Grid object at 0x116e02ac0>), ((11, 5), <game.Grid object at 0x116e02b30>), ((9, 5), <game.Grid object at 0x116e02ba0>)]",205,206,1433,21,33,54
1434,"((18, 3), <game.Grid object at 0x116aaa890>)","((18, 4), <game.Grid object at 0x1169c69e0>)",South,"[((18, 4), <game.Grid object at 0x116e02c10>), ((18, 2), <game.Grid object at 0x116e02c80>)]",206,206,1434,31,23,54
1435,"((18, 3), <game.Grid object at 0x116aaa970>)","((18, 4), <game.Grid object at 0x1169c6ac0>)",South,"[((18, 4), <game.Grid object at 0x116e02cf0>), ((18, 2), <game.Grid object at 0x116e02d60>)]",206,206,1435,31,23,54
1436,"((18, 3), <game.Grid object at 0x116aaaa50>)","((18, 4), <game.Grid object at 0x1169c6e40>)",South,"[((18, 4), <game.Grid object at 0x116e02dd0>), ((18, 2), <game.Grid object at 0x116e02e40>)]",206,206,1436,31,23,54
1437,"((13, 5), <game.Grid object at 0x116aaaac0>)","((13, 4), <game.Grid object at 0x1169c6f20>)",North,"[((13, 4), <game.Grid object at 0x116e02eb0>), ((14, 5), <game.Grid object at 0x116e02f20>), ((12, 5), <game.Grid object at 0x116e02f90>)]",206,208,1437,24,30,54
1438,"((18, 3), <game.Grid object at 0x116aaac10>)","((18, 4), <game.Grid object at 0x1169c75b0>)",South,"[((18, 4), <game.Grid object at 0x116e03000>), ((18, 2), <game.Grid object at 0x116e03070>)]",208,208,1438,31,23,54
1439,"((6, 3), <game.Grid object at 0x116aab5b0>)","((7, 3), <game.Grid object at 0x116a3d4e0>)",West,"[((7, 3), <game.Grid object at 0x116e030e0>), ((5, 3), <game.Grid object at 0x116e03150>)]",208,208,1439,19,35,54
1440,"((12, 5), <game.Grid object at 0x116aabf50>)","((13, 5), <game.Grid object at 0x116aaa0b0>)",West,"[((13, 5), <game.Grid object at 0x116e031c0>), ((11, 5), <game.Grid object at 0x116e03230>)]",208,208,1440,23,31,54
1441,"((9, 3), <game.Grid object at 0x116b283d0>)","((10, 3), <game.Grid object at 0x116aaa7b0>)",West,"[((10, 3), <game.Grid object at 0x116e032a0>), ((8, 3), <game.Grid object at 0x116e03310>)]",208,208,1441,22,32,54
1442,"((12, 3), <game.Grid object at 0x116b28520>)","((13, 3), <game.Grid object at 0x116aaab30>)",West,"[((13, 3), <game.Grid object at 0x116e03380>), ((11, 3), <game.Grid object at 0x116e033f0>)]",208,208,1442,25,29,54
1443,"((6, 3), <game.Grid object at 0x116b28fa0>)","((7, 3), <game.Grid object at 0x116aab690>)",West,"[((7, 3), <game.Grid object at 0x116e03460>), ((5, 3), <game.Grid object at 0x116e034d0>)]",208,208,1443,19,35,54
1444,"((9, 3), <game.Grid object at 0x116b29240>)","((10, 3), <game.Grid object at 0x116aabd20>)",West,"[((10, 3), <game.Grid object at 0x116e03540>), ((8, 3), <game.Grid object at 0x116e035b0>)]",208,208,1444,22,32,54
1445,"((13, 5), <game.Grid object at 0x116b292b0>)","((13, 4), <game.Grid object at 0x116aabe70>)",North,"[((13, 4), <game.Grid object at 0x116e03620>), ((14, 5), <game.Grid object at 0x116e03690>), ((12, 5), <game.Grid object at 0x116e03700>)]",208,208,1445,24,30,54
1446,"((12, 3), <game.Grid object at 0x116b2a5f0>)","((13, 3), <game.Grid object at 0x116b29320>)",West,"[((13, 3), <game.Grid object at 0x116e03770>), ((11, 3), <game.Grid object at 0x116e037e0>)]",208,208,1446,25,29,54
1447,"((4, 5), <game.Grid object at 0x116b2aac0>)","((4, 4), <game.Grid object at 0x116b29940>)",North,"[((4, 4), <game.Grid object at 0x116e03850>), ((5, 5), <game.Grid object at 0x116e038c0>), ((3, 5), <game.Grid object at 0x116e03930>)]",208,209,1447,15,39,54
1448,"((4, 5), <game.Grid object at 0x116b2b000>)","((4, 4), <game.Grid object at 0x116b2a040>)",North,"[((4, 4), <game.Grid object at 0x116e039a0>), ((5, 5), <game.Grid object at 0x116e03a10>), ((3, 5), <game.Grid object at 0x116e03a80>)]",209,210,1448,15,39,54
1449,"((4, 4), <game.Grid object at 0x116b2b1c0>)","((4, 3), <game.Grid object at 0x116b2a270>)",North,"[((4, 5), <game.Grid object at 0x116e03af0>), ((4, 3), <game.Grid object at 0x116e03b60>)]",210,211,1449,16,38,54
1450,"((7, 4), <game.Grid object at 0x116b2b5b0>)","((7, 3), <game.Grid object at 0x116b2a660>)",North,"[((7, 5), <game.Grid object at 0x116e03bd0>), ((7, 3), <game.Grid object at 0x116e03c40>)]",211,212,1450,19,35,54
1451,"((10, 4), <game.Grid object at 0x116b2b700>)","((10, 3), <game.Grid object at 0x116b2a740>)",North,"[((10, 5), <game.Grid object at 0x116e03cb0>), ((10, 3), <game.Grid object at 0x116e03d20>)]",212,213,1451,22,32,54
1452,"((13, 4), <game.Grid object at 0x116b2b850>)","((13, 3), <game.Grid object at 0x116b2a820>)",North,"[((13, 5), <game.Grid object at 0x116e03d90>), ((13, 3), <game.Grid object at 0x116e03e00>)]",213,214,1452,25,29,54
1453,"((4, 4), <game.Grid object at 0x116b2ba80>)","((4, 3), <game.Grid object at 0x116b2a9e0>)",North,"[((4, 5), <game.Grid object at 0x116e03e70>), ((4, 3), <game.Grid object at 0x116e03ee0>)]",214,215,1453,16,38,54
1454,"((3, 3), <game.Grid object at 0x116b2bcb0>)","((4, 3), <game.Grid object at 0x116b2ab30>)",West,"[((4, 3), <game.Grid object at 0x116e03f50>), ((2, 3), <game.Grid object at 0x116e78050>)]",215,215,1454,16,38,54
1455,"((3, 3), <game.Grid object at 0x116b9c0c0>)","((4, 3), <game.Grid object at 0x116b2add0>)",West,"[((4, 3), <game.Grid object at 0x116e780c0>), ((2, 3), <game.Grid object at 0x116e78130>)]",215,215,1455,16,38,54
1456,"((7, 5), <game.Grid object at 0x116b9e0b0>)","((7, 4), <game.Grid object at 0x116b9d1d0>)",North,"[((7, 4), <game.Grid object at 0x116e781a0>), ((8, 5), <game.Grid object at 0x116e78210>), ((6, 5), <game.Grid object at 0x116e78280>)]",215,216,1456,18,36,54
1457,"((7, 5), <game.Grid object at 0x116b9e350>)","((7, 4), <game.Grid object at 0x116b9d400>)",North,"[((7, 4), <game.Grid object at 0x116e782f0>), ((8, 5), <game.Grid object at 0x116e78360>), ((6, 5), <game.Grid object at 0x116e783d0>)]",216,217,1457,18,36,54
1458,"((10, 4), <game.Grid object at 0x116b9e7b0>)","((10, 3), <game.Grid object at 0x116b9d7f0>)",North,"[((10, 5), <game.Grid object at 0x116e78440>), ((10, 3), <game.Grid object at 0x116e784b0>)]",217,218,1458,22,32,54
1459,"((13, 4), <game.Grid object at 0x116b9e900>)","((13, 3), <game.Grid object at 0x116b9d8d0>)",North,"[((13, 5), <game.Grid object at 0x116e78520>), ((13, 3), <game.Grid object at 0x116e78590>)]",218,219,1459,25,29,54
1460,"((6, 3), <game.Grid object at 0x116b9ef90>)","((7, 3), <game.Grid object at 0x116b9dda0>)",West,"[((7, 3), <game.Grid object at 0x116e78600>), ((5, 3), <game.Grid object at 0x116e78670>)]",219,219,1460,19,35,54
1461,"((7, 4), <game.Grid object at 0x116b9f0e0>)","((7, 3), <game.Grid object at 0x116b9def0>)",North,"[((7, 5), <game.Grid object at 0x116e786e0>), ((7, 3), <game.Grid object at 0x116e78750>)]",219,220,1461,19,35,54
1462,"((18, 4), <game.Grid object at 0x116b9fc40>)","((18, 5), <game.Grid object at 0x116b9eb30>)",South,"[((18, 5), <game.Grid object at 0x116e787c0>), ((18, 3), <game.Grid object at 0x116e78830>)]",220,220,1462,32,22,54
1463,"((10, 5), <game.Grid object at 0x116c14ec0>)","((10, 4), <game.Grid object at 0x116c14050>)",North,"[((10, 4), <game.Grid object at 0x116e788a0>), ((11, 5), <game.Grid object at 0x116e78910>), ((9, 5), <game.Grid object at 0x116e78980>)]",220,221,1463,21,33,54
1464,"((10, 5), <game.Grid object at 0x116c15240>)","((10, 4), <game.Grid object at 0x116c14360>)",North,"[((10, 4), <game.Grid object at 0x116e789f0>), ((11, 5), <game.Grid object at 0x116e78a60>), ((9, 5), <game.Grid object at 0x116e78ad0>)]",221,222,1464,21,33,54
1465,"((10, 5), <game.Grid object at 0x116c154e0>)","((10, 4), <game.Grid object at 0x116c14590>)",North,"[((10, 4), <game.Grid object at 0x116e78b40>), ((11, 5), <game.Grid object at 0x116e78bb0>), ((9, 5), <game.Grid object at 0x116e78c20>)]",222,223,1465,21,33,54
1466,"((18, 4), <game.Grid object at 0x116c15860>)","((18, 5), <game.Grid object at 0x116c148a0>)",South,"[((18, 5), <game.Grid object at 0x116e78c90>), ((18, 3), <game.Grid object at 0x116e78d00>)]",223,223,1466,32,22,54
1467,"((13, 4), <game.Grid object at 0x116c15940>)","((13, 3), <game.Grid object at 0x116c14980>)",North,"[((13, 5), <game.Grid object at 0x116e78d70>), ((13, 3), <game.Grid object at 0x116e78de0>)]",223,224,1467,25,29,54
1468,"((10, 4), <game.Grid object at 0x116c15c50>)","((10, 3), <game.Grid object at 0x116c14c20>)",North,"[((10, 5), <game.Grid object at 0x116e78e50>), ((10, 3), <game.Grid object at 0x116e78ec0>)]",224,225,1468,22,32,54
1469,"((10, 4), <game.Grid object at 0x116c15da0>)","((10, 3), <game.Grid object at 0x116c14d00>)",North,"[((10, 5), <game.Grid object at 0x116e78f30>), ((10, 3), <game.Grid object at 0x116e78fa0>)]",225,226,1469,22,32,54
1470,"((9, 3), <game.Grid object at 0x116c16120>)","((10, 3), <game.Grid object at 0x116c14f30>)",West,"[((10, 3), <game.Grid object at 0x116e79010>), ((8, 3), <game.Grid object at 0x116e79080>)]",226,226,1470,22,32,54
1471,"((10, 4), <game.Grid object at 0x116c16270>)","((10, 3), <game.Grid object at 0x116c15080>)",North,"[((10, 5), <game.Grid object at 0x116e790f0>), ((10, 3), <game.Grid object at 0x116e79160>)]",226,227,1471,22,32,54
1472,"((9, 3), <game.Grid object at 0x116c165f0>)","((10, 3), <game.Grid object at 0x116c152b0>)",West,"[((10, 3), <game.Grid object at 0x116e791d0>), ((8, 3), <game.Grid object at 0x116e79240>)]",227,227,1472,22,32,54
1473,"((9, 3), <game.Grid object at 0x116c16970>)","((10, 3), <game.Grid object at 0x116c15550>)",West,"[((10, 3), <game.Grid object at 0x116e792b0>), ((8, 3), <game.Grid object at 0x116e79320>)]",227,227,1473,22,32,54
1474,"((18, 4), <game.Grid object at 0x116c16e40>)","((18, 5), <game.Grid object at 0x116c15b70>)",South,"[((18, 5), <game.Grid object at 0x116e79390>), ((18, 3), <game.Grid object at 0x116e79400>)]",227,227,1474,32,22,54
1475,"((14, 5), <game.Grid object at 0x116c17310>)","((13, 5), <game.Grid object at 0x116c16190>)",East,"[((13, 5), <game.Grid object at 0x116e79470>)]",227,227,1475,23,31,54
1476,"((12, 5), <game.Grid object at 0x116c17380>)","((13, 5), <game.Grid object at 0x116c16190>)",West,"[((13, 5), <game.Grid object at 0x116e794e0>), ((11, 5), <game.Grid object at 0x116e79550>)]",227,227,1476,23,31,54
1477,"((14, 5), <game.Grid object at 0x116c17700>)","((13, 5), <game.Grid object at 0x116c16660>)",East,"[((13, 5), <game.Grid object at 0x116e795c0>)]",227,227,1477,23,31,54
1478,"((12, 5), <game.Grid object at 0x116c17770>)","((13, 5), <game.Grid object at 0x116c16660>)",West,"[((13, 5), <game.Grid object at 0x116e79630>), ((11, 5), <game.Grid object at 0x116e796a0>)]",227,227,1478,23,31,54
1479,"((14, 5), <game.Grid object at 0x116c17a10>)","((13, 5), <game.Grid object at 0x116c169e0>)",East,"[((13, 5), <game.Grid object at 0x116e79710>)]",227,227,1479,23,31,54
1480,"((12, 5), <game.Grid object at 0x116c17a80>)","((13, 5), <game.Grid object at 0x116c169e0>)",West,"[((13, 5), <game.Grid object at 0x116e79780>), ((11, 5), <game.Grid object at 0x116e797f0>)]",227,227,1480,23,31,54
1481,"((18, 4), <game.Grid object at 0x116c17bd0>)","((18, 5), <game.Grid object at 0x116c16ba0>)",South,"[((18, 5), <game.Grid object at 0x116e79860>), ((18, 3), <game.Grid object at 0x116e798d0>)]",227,227,1481,32,22,54
1482,"((13, 5), <game.Grid object at 0x116c90280>)","((13, 4), <game.Grid object at 0x116c172a0>)",North,"[((13, 4), <game.Grid object at 0x116e79940>), ((14, 5), <game.Grid object at 0x116e799b0>), ((12, 5), <game.Grid object at 0x116e79a20>)]",227,228,1482,24,30,54
1483,"((13, 5), <game.Grid object at 0x116c90600>)","((13, 4), <game.Grid object at 0x116c17690>)",North,"[((13, 4), <game.Grid object at 0x116e79a90>), ((14, 5), <game.Grid object at 0x116e79b00>), ((12, 5), <game.Grid object at 0x116e79b70>)]",228,229,1483,24,30,54
1484,"((13, 5), <game.Grid object at 0x116c908a0>)","((13, 4), <game.Grid object at 0x116c179a0>)",North,"[((13, 4), <game.Grid object at 0x116e79be0>), ((14, 5), <game.Grid object at 0x116e79c50>), ((12, 5), <game.Grid object at 0x116e79cc0>)]",229,230,1484,24,30,54
1485,"((13, 4), <game.Grid object at 0x116c90c20>)","((13, 3), <game.Grid object at 0x116c17e70>)",North,"[((13, 5), <game.Grid object at 0x116e79d30>), ((13, 3), <game.Grid object at 0x116e79da0>)]",230,231,1485,25,29,54
1486,"((13, 4), <game.Grid object at 0x116c90d70>)","((13, 3), <game.Grid object at 0x116c17f50>)",North,"[((13, 5), <game.Grid object at 0x116e79e10>), ((13, 3), <game.Grid object at 0x116e79e80>)]",231,232,1486,25,29,54
1487,"((13, 4), <game.Grid object at 0x116c90ec0>)","((13, 3), <game.Grid object at 0x116c900c0>)",North,"[((13, 5), <game.Grid object at 0x116e79ef0>), ((13, 3), <game.Grid object at 0x116e79f60>)]",232,232,1487,25,29,54
1488,"((13, 4), <game.Grid object at 0x116c91010>)","((13, 3), <game.Grid object at 0x116c901a0>)",North,"[((13, 5), <game.Grid object at 0x116e79fd0>), ((13, 3), <game.Grid object at 0x116e7a040>)]",232,233,1488,25,29,54
1489,"((12, 3), <game.Grid object at 0x116c91240>)","((13, 3), <game.Grid object at 0x116c902f0>)",West,"[((13, 3), <game.Grid object at 0x116e7a0b0>), ((11, 3), <game.Grid object at 0x116e7a120>)]",233,233,1489,25,29,54
1490,"((13, 4), <game.Grid object at 0x116c912b0>)","((13, 3), <game.Grid object at 0x116c90360>)",North,"[((13, 5), <game.Grid object at 0x116e7a190>), ((13, 3), <game.Grid object at 0x116e7a200>)]",233,234,1490,25,29,54
1491,"((13, 4), <game.Grid object at 0x116c91400>)","((13, 3), <game.Grid object at 0x116c90440>)",North,"[((13, 5), <game.Grid object at 0x116e7a270>), ((13, 3), <game.Grid object at 0x116e7a2e0>)]",234,234,1491,25,29,54
1492,"((13, 4), <game.Grid object at 0x116c91550>)","((13, 3), <game.Grid object at 0x116c90520>)",North,"[((13, 5), <game.Grid object at 0x116e7a350>), ((13, 3), <game.Grid object at 0x116e7a3c0>)]",234,235,1492,25,29,54
1493,"((12, 3), <game.Grid object at 0x116c91780>)","((13, 3), <game.Grid object at 0x116c90670>)",West,"[((13, 3), <game.Grid object at 0x116e7a430>), ((11, 3), <game.Grid object at 0x116e7a4a0>)]",235,235,1493,25,29,54
1494,"((13, 4), <game.Grid object at 0x116c917f0>)","((13, 3), <game.Grid object at 0x116c906e0>)",North,"[((13, 5), <game.Grid object at 0x116e7a510>), ((13, 3), <game.Grid object at 0x116e7a580>)]",235,235,1494,25,29,54
1495,"((13, 4), <game.Grid object at 0x116c91940>)","((13, 3), <game.Grid object at 0x116c907c0>)",North,"[((13, 5), <game.Grid object at 0x116e7a5f0>), ((13, 3), <game.Grid object at 0x116e7a660>)]",235,236,1495,25,29,54
1496,"((12, 3), <game.Grid object at 0x116c91b70>)","((13, 3), <game.Grid object at 0x116c90910>)",West,"[((13, 3), <game.Grid object at 0x116e7a6d0>), ((11, 3), <game.Grid object at 0x116e7a740>)]",236,236,1496,25,29,54
1497,"((18, 4), <game.Grid object at 0x116c91da0>)","((18, 5), <game.Grid object at 0x116c90b40>)",South,"[((18, 5), <game.Grid object at 0x116e7a7b0>), ((18, 3), <game.Grid object at 0x116e7a820>)]",236,236,1497,32,22,54
1498,"((18, 4), <game.Grid object at 0x116c92900>)","((18, 5), <game.Grid object at 0x116c91be0>)",South,"[((18, 5), <game.Grid object at 0x116e7a890>), ((18, 3), <game.Grid object at 0x116e7a900>)]",236,236,1498,32,22,54
1499,"((18, 4), <game.Grid object at 0x116d0c130>)","((18, 5), <game.Grid object at 0x116c93540>)",South,"[((18, 5), <game.Grid object at 0x116e7a970>), ((18, 3), <game.Grid object at 0x116e7a9e0>)]",236,236,1499,32,22,54
1500,"((18, 2), <game.Grid object at 0x116d0f0e0>)","((18, 3), <game.Grid object at 0x116d0ec80>)",South,"[((18, 3), <game.Grid object at 0x116e7aa50>), ((18, 1), <game.Grid object at 0x116e7aac0>)]",236,236,1500,34,20,54
1501,"((18, 2), <game.Grid object at 0x116d0f2a0>)","((18, 3), <game.Grid object at 0x116d0ee40>)",South,"[((18, 3), <game.Grid object at 0x116e7ab30>), ((18, 1), <game.Grid object at 0x116e7aba0>)]",236,236,1501,34,20,54
1502,"((18, 2), <game.Grid object at 0x116d0f380>)","((18, 3), <game.Grid object at 0x116d0ef20>)",South,"[((18, 3), <game.Grid object at 0x116e7ac10>), ((18, 1), <game.Grid object at 0x116e7ac80>)]",236,236,1502,34,20,54
1503,"((18, 2), <game.Grid object at 0x116d0f460>)","((18, 3), <game.Grid object at 0x116d0f000>)",South,"[((18, 3), <game.Grid object at 0x116e7acf0>), ((18, 1), <game.Grid object at 0x116e7ad60>)]",236,236,1503,34,20,54
1504,"((1, 4), <game.Grid object at 0x116d0fcb0>)","((1, 5), <game.Grid object at 0x1169c79a0>)",South,"[((1, 5), <game.Grid object at 0x116e7add0>), ((1, 3), <game.Grid object at 0x116e7ae40>)]",236,236,1504,13,41,54
1505,"((2, 5), <game.Grid object at 0x116d0fd20>)","((1, 5), <game.Grid object at 0x1169c79a0>)",East,"[((3, 5), <game.Grid object at 0x116e7af20>), ((1, 5), <game.Grid object at 0x116e7af90>)]",236,236,1505,13,41,54
1506,"((4, 4), <game.Grid object at 0x116d0fe70>)","((4, 5), <game.Grid object at 0x1169c7a80>)",South,"[((4, 5), <game.Grid object at 0x116e7b070>), ((4, 3), <game.Grid object at 0x116e7b0e0>)]",236,237,1506,16,38,54
1507,"((1, 3), <game.Grid object at 0x116d8c440>)","((1, 4), <game.Grid object at 0x1169c7e70>)",South,"[((1, 4), <game.Grid object at 0x116e7b150>), ((2, 3), <game.Grid object at 0x116e7b1c0>)]",237,237,1507,14,40,54
1508,"((4, 3), <game.Grid object at 0x116d8c7c0>)","((4, 4), <game.Grid object at 0x116a3c210>)",South,"[((4, 4), <game.Grid object at 0x116e7b230>), ((5, 3), <game.Grid object at 0x116e7b2a0>), ((3, 3), <game.Grid object at 0x116e7b310>)]",237,238,1508,17,37,54
1509,"((4, 4), <game.Grid object at 0x116d8cf30>)","((4, 5), <game.Grid object at 0x116a3c980>)",South,"[((4, 5), <game.Grid object at 0x116e7b380>), ((4, 3), <game.Grid object at 0x116e7b3f0>)]",238,239,1509,16,38,54
1510,"((1, 4), <game.Grid object at 0x116d8d550>)","((1, 5), <game.Grid object at 0x116a3cf30>)",South,"[((1, 5), <game.Grid object at 0x116e7b460>), ((1, 3), <game.Grid object at 0x116e7b4d0>)]",239,239,1510,13,41,54
1511,"((2, 5), <game.Grid object at 0x116d8d5c0>)","((1, 5), <game.Grid object at 0x116a3cf30>)",East,"[((3, 5), <game.Grid object at 0x116e7b5b0>), ((1, 5), <game.Grid object at 0x116e7b620>)]",239,238,1511,13,41,54
1512,"((2, 5), <game.Grid object at 0x116d8d780>)","((1, 5), <game.Grid object at 0x116a3cfa0>)",East,"[((3, 5), <game.Grid object at 0x116e7b700>), ((1, 5), <game.Grid object at 0x116e7b770>)]",238,238,1512,13,41,54
1513,"((8, 5), <game.Grid object at 0x116d8dc50>)","((7, 5), <game.Grid object at 0x116a3d470>)",East,"[((9, 5), <game.Grid object at 0x116e7b850>), ((7, 5), <game.Grid object at 0x116e7b8c0>)]",238,237,1513,19,35,54
1514,"((7, 4), <game.Grid object at 0x116d8e5f0>)","((7, 5), <game.Grid object at 0x116a3e270>)",South,"[((7, 5), <game.Grid object at 0x116e7b930>), ((7, 3), <game.Grid object at 0x116e7b9a0>)]",237,237,1514,19,35,54
1515,"((2, 5), <game.Grid object at 0x116d8ed60>)","((1, 5), <game.Grid object at 0x116a3e970>)",East,"[((3, 5), <game.Grid object at 0x116e7ba10>), ((1, 5), <game.Grid object at 0x116e7ba80>)]",237,236,1515,13,41,54
1516,"((1, 3), <game.Grid object at 0x116d8f380>)","((1, 4), <game.Grid object at 0x116a3f070>)",South,"[((1, 4), <game.Grid object at 0x116e7bb60>), ((2, 3), <game.Grid object at 0x116e7bbd0>)]",236,236,1516,14,40,54
1517,"((10, 4), <game.Grid object at 0x116e00670>)","((10, 5), <game.Grid object at 0x116aa8440>)",South,"[((10, 5), <game.Grid object at 0x116e7bc40>), ((10, 3), <game.Grid object at 0x116e7bcb0>)]",236,236,1517,22,32,54
1518,"((10, 4), <game.Grid object at 0x116e01080>)","((10, 5), <game.Grid object at 0x116aa8d00>)",South,"[((10, 5), <game.Grid object at 0x116e7bd20>), ((10, 3), <game.Grid object at 0x116e7bd90>)]",236,236,1518,22,32,54
1519,"((5, 5), <game.Grid object at 0x116e026d0>)","((4, 5), <game.Grid object at 0x116aaa3c0>)",East,"[((6, 5), <game.Grid object at 0x116e7be00>), ((4, 5), <game.Grid object at 0x116e7be70>)]",236,236,1519,16,38,54
1520,"((8, 5), <game.Grid object at 0x116e02900>)","((7, 5), <game.Grid object at 0x116aaa580>)",East,"[((9, 5), <game.Grid object at 0x116e7bee0>), ((7, 5), <game.Grid object at 0x116e7bf50>)]",236,236,1520,19,35,54
1521,"((11, 5), <game.Grid object at 0x116e02b30>)","((10, 5), <game.Grid object at 0x116aaa740>)",East,"[((12, 5), <game.Grid object at 0x116ef0050>), ((10, 5), <game.Grid object at 0x116ef00c0>)]",236,236,1521,22,32,54
1522,"((13, 4), <game.Grid object at 0x116e02eb0>)","((13, 5), <game.Grid object at 0x116aaaac0>)",South,"[((13, 5), <game.Grid object at 0x116ef0130>), ((13, 3), <game.Grid object at 0x116ef01a0>)]",236,236,1522,25,29,54
1523,"((5, 5), <game.Grid object at 0x116e038c0>)","((4, 5), <game.Grid object at 0x116b2aac0>)",East,"[((6, 5), <game.Grid object at 0x116ef0210>), ((4, 5), <game.Grid object at 0x116ef0280>)]",236,235,1523,16,38,54
1524,"((3, 5), <game.Grid object at 0x116e7b5b0>)","((2, 5), <game.Grid object at 0x116d8d5c0>)",East,"[((4, 5), <game.Grid object at 0x116ef02f0>), ((2, 5), <game.Grid object at 0x116ef0360>)]",235,234,1524,14,40,54
1525,"((5, 5), <game.Grid object at 0x116e03a10>)","((4, 5), <game.Grid object at 0x116b2b000>)",East,"[((6, 5), <game.Grid object at 0x116ef03d0>), ((4, 5), <game.Grid object at 0x116ef0440>)]",234,234,1525,16,38,54
1526,"((3, 5), <game.Grid object at 0x116e7ba10>)","((2, 5), <game.Grid object at 0x116d8ed60>)",East,"[((4, 5), <game.Grid object at 0x116ef04b0>), ((2, 5), <game.Grid object at 0x116ef0520>)]",234,233,1526,14,40,54
1527,"((4, 3), <game.Grid object at 0x116e03b60>)","((4, 4), <game.Grid object at 0x116b2b1c0>)",South,"[((4, 4), <game.Grid object at 0x116ef0590>), ((5, 3), <game.Grid object at 0x116ef0600>), ((3, 3), <game.Grid object at 0x116ef0670>)]",233,234,1527,17,37,54
1528,"((7, 3), <game.Grid object at 0x116e03c40>)","((7, 4), <game.Grid object at 0x116b2b5b0>)",South,"[((7, 4), <game.Grid object at 0x116ef06e0>), ((8, 3), <game.Grid object at 0x116ef0750>), ((6, 3), <game.Grid object at 0x116ef07c0>)]",234,235,1528,20,34,54
1529,"((10, 3), <game.Grid object at 0x116e03d20>)","((10, 4), <game.Grid object at 0x116b2b700>)",South,"[((10, 4), <game.Grid object at 0x116ef0830>), ((11, 3), <game.Grid object at 0x116ef08a0>), ((9, 3), <game.Grid object at 0x116ef0910>)]",235,236,1529,23,31,54
1530,"((13, 3), <game.Grid object at 0x116e03e00>)","((13, 4), <game.Grid object at 0x116b2b850>)",South,"[((13, 4), <game.Grid object at 0x116ef0980>), ((14, 3), <game.Grid object at 0x116ef09f0>), ((12, 3), <game.Grid object at 0x116ef0a60>)]",236,237,1530,26,28,54
1531,"((4, 3), <game.Grid object at 0x116e03ee0>)","((4, 4), <game.Grid object at 0x116b2ba80>)",South,"[((4, 4), <game.Grid object at 0x116ef0ad0>), ((5, 3), <game.Grid object at 0x116ef0b40>), ((3, 3), <game.Grid object at 0x116ef0bb0>)]",237,238,1531,17,37,54
1532,"((8, 5), <game.Grid object at 0x116e78210>)","((7, 5), <game.Grid object at 0x116b9e0b0>)",East,"[((9, 5), <game.Grid object at 0x116ef0c20>), ((7, 5), <game.Grid object at 0x116ef0c90>)]",238,238,1532,19,35,54
1533,"((6, 5), <game.Grid object at 0x116ef0210>)","((5, 5), <game.Grid object at 0x116e038c0>)",East,"[((7, 5), <game.Grid object at 0x116ef0d00>), ((5, 5), <game.Grid object at 0x116ef0d70>)]",238,237,1533,17,37,54
1534,"((8, 5), <game.Grid object at 0x116e78360>)","((7, 5), <game.Grid object at 0x116b9e350>)",East,"[((9, 5), <game.Grid object at 0x116ef0de0>), ((7, 5), <game.Grid object at 0x116ef0e50>)]",237,237,1534,19,35,54
1535,"((10, 3), <game.Grid object at 0x116e784b0>)","((10, 4), <game.Grid object at 0x116b9e7b0>)",South,"[((10, 4), <game.Grid object at 0x116ef0ec0>), ((11, 3), <game.Grid object at 0x116ef0f30>), ((9, 3), <game.Grid object at 0x116ef0fa0>)]",237,238,1535,23,31,54
1536,"((13, 3), <game.Grid object at 0x116e78590>)","((13, 4), <game.Grid object at 0x116b9e900>)",South,"[((13, 4), <game.Grid object at 0x116ef1010>), ((14, 3), <game.Grid object at 0x116ef1080>), ((12, 3), <game.Grid object at 0x116ef10f0>)]",238,239,1536,26,28,54
1537,"((7, 3), <game.Grid object at 0x116e78750>)","((7, 4), <game.Grid object at 0x116b9f0e0>)",South,"[((7, 4), <game.Grid object at 0x116ef1160>), ((8, 3), <game.Grid object at 0x116ef11d0>), ((6, 3), <game.Grid object at 0x116ef1240>)]",239,240,1537,20,34,54
1538,"((11, 5), <game.Grid object at 0x116e78910>)","((10, 5), <game.Grid object at 0x116c14ec0>)",East,"[((12, 5), <game.Grid object at 0x116ef12b0>), ((10, 5), <game.Grid object at 0x116ef1320>)]",240,240,1538,22,32,54
1539,"((11, 5), <game.Grid object at 0x116e78a60>)","((10, 5), <game.Grid object at 0x116c15240>)",East,"[((12, 5), <game.Grid object at 0x116ef1390>), ((10, 5), <game.Grid object at 0x116ef1400>)]",240,240,1539,22,32,54
1540,"((11, 5), <game.Grid object at 0x116e78bb0>)","((10, 5), <game.Grid object at 0x116c154e0>)",East,"[((12, 5), <game.Grid object at 0x116ef1470>), ((10, 5), <game.Grid object at 0x116ef14e0>)]",240,240,1540,22,32,54
1541,"((13, 3), <game.Grid object at 0x116e78de0>)","((13, 4), <game.Grid object at 0x116c15940>)",South,"[((13, 4), <game.Grid object at 0x116ef1550>), ((14, 3), <game.Grid object at 0x116ef15c0>), ((12, 3), <game.Grid object at 0x116ef1630>)]",240,241,1541,26,28,54
1542,"((10, 3), <game.Grid object at 0x116e78ec0>)","((10, 4), <game.Grid object at 0x116c15c50>)",South,"[((10, 4), <game.Grid object at 0x116ef16a0>), ((11, 3), <game.Grid object at 0x116ef1710>), ((9, 3), <game.Grid object at 0x116ef1780>)]",241,242,1542,23,31,54
1543,"((10, 3), <game.Grid object at 0x116e78fa0>)","((10, 4), <game.Grid object at 0x116c15da0>)",South,"[((10, 4), <game.Grid object at 0x116ef17f0>), ((11, 3), <game.Grid object at 0x116ef1860>), ((9, 3), <game.Grid object at 0x116ef18d0>)]",242,243,1543,23,31,54
1544,"((10, 3), <game.Grid object at 0x116e79160>)","((10, 4), <game.Grid object at 0x116c16270>)",South,"[((10, 4), <game.Grid object at 0x116ef1940>), ((11, 3), <game.Grid object at 0x116ef19b0>), ((9, 3), <game.Grid object at 0x116ef1a20>)]",243,244,1544,23,31,54
1545,"((13, 5), <game.Grid object at 0x116e79470>)","((14, 5), <game.Grid object at 0x116c17310>)",West,"[((13, 4), <game.Grid object at 0x116ef1a90>), ((14, 5), <game.Grid object at 0x116ef1b00>), ((12, 5), <game.Grid object at 0x116ef1b70>)]",244,245,1545,24,30,54
1546,"((13, 5), <game.Grid object at 0x116e795c0>)","((14, 5), <game.Grid object at 0x116c17700>)",West,"[((13, 4), <game.Grid object at 0x116ef1be0>), ((14, 5), <game.Grid object at 0x116ef1c50>), ((12, 5), <game.Grid object at 0x116ef1cc0>)]",245,246,1546,24,30,54
1547,"((13, 5), <game.Grid object at 0x116e79710>)","((14, 5), <game.Grid object at 0x116c17a10>)",West,"[((13, 4), <game.Grid object at 0x116ef1d30>), ((14, 5), <game.Grid object at 0x116ef1da0>), ((12, 5), <game.Grid object at 0x116ef1e10>)]",246,247,1547,24,30,54
1548,"((13, 3), <game.Grid object at 0x116e79da0>)","((13, 4), <game.Grid object at 0x116c90c20>)",South,"[((13, 4), <game.Grid object at 0x116ef1e80>), ((14, 3), <game.Grid object at 0x116ef1ef0>), ((12, 3), <game.Grid object at 0x116ef1f60>)]",247,248,1548,26,28,54
1549,"((13, 3), <game.Grid object at 0x116e79e80>)","((13, 4), <game.Grid object at 0x116c90d70>)",South,"[((13, 4), <game.Grid object at 0x116ef1fd0>), ((14, 3), <game.Grid object at 0x116ef2040>), ((12, 3), <game.Grid object at 0x116ef20b0>)]",248,249,1549,26,28,54
1550,"((13, 3), <game.Grid object at 0x116e79f60>)","((13, 4), <game.Grid object at 0x116c90ec0>)",South,"[((13, 4), <game.Grid object at 0x116ef2120>), ((14, 3), <game.Grid object at 0x116ef2190>), ((12, 3), <game.Grid object at 0x116ef2200>)]",249,250,1550,26,28,54
1551,"((13, 3), <game.Grid object at 0x116e7a040>)","((13, 4), <game.Grid object at 0x116c91010>)",South,"[((13, 4), <game.Grid object at 0x116ef2270>), ((14, 3), <game.Grid object at 0x116ef22e0>), ((12, 3), <game.Grid object at 0x116ef2350>)]",250,251,1551,26,28,54
1552,"((13, 3), <game.Grid object at 0x116e7a200>)","((13, 4), <game.Grid object at 0x116c912b0>)",South,"[((13, 4), <game.Grid object at 0x116ef23c0>), ((14, 3), <game.Grid object at 0x116ef2430>), ((12, 3), <game.Grid object at 0x116ef24a0>)]",251,252,1552,26,28,54
1553,"((13, 3), <game.Grid object at 0x116e7a2e0>)","((13, 4), <game.Grid object at 0x116c91400>)",South,"[((13, 4), <game.Grid object at 0x116ef2510>), ((14, 3), <game.Grid object at 0x116ef2580>), ((12, 3), <game.Grid object at 0x116ef25f0>)]",252,253,1553,26,28,54
1554,"((13, 3), <game.Grid object at 0x116e7a3c0>)","((13, 4), <game.Grid object at 0x116c91550>)",South,"[((13, 4), <game.Grid object at 0x116ef2660>), ((14, 3), <game.Grid object at 0x116ef26d0>), ((12, 3), <game.Grid object at 0x116ef2740>)]",253,254,1554,26,28,54
1555,"((13, 3), <game.Grid object at 0x116e7a580>)","((13, 4), <game.Grid object at 0x116c917f0>)",South,"[((13, 4), <game.Grid object at 0x116ef27b0>), ((14, 3), <game.Grid object at 0x116ef2820>), ((12, 3), <game.Grid object at 0x116ef2890>)]",254,255,1555,26,28,54
1556,"((13, 3), <game.Grid object at 0x116e7a660>)","((13, 4), <game.Grid object at 0x116c91940>)",South,"[((13, 4), <game.Grid object at 0x116ef2900>), ((14, 3), <game.Grid object at 0x116ef2970>), ((12, 3), <game.Grid object at 0x116ef29e0>)]",255,256,1556,26,28,54
1557,"((1, 3), <game.Grid object at 0x116e7ae40>)","((1, 4), <game.Grid object at 0x116d0fcb0>)",South,"[((1, 4), <game.Grid object at 0x116ef2a50>), ((2, 3), <game.Grid object at 0x116ef2ac0>)]",256,256,1557,14,40,54
1558,"((3, 5), <game.Grid object at 0x116e7af20>)","((2, 5), <game.Grid object at 0x116d0fd20>)",East,"[((4, 5), <game.Grid object at 0x116ef2b30>), ((2, 5), <game.Grid object at 0x116ef2ba0>)]",256,256,1558,14,40,54
1559,"((4, 3), <game.Grid object at 0x116e7b0e0>)","((4, 4), <game.Grid object at 0x116d0fe70>)",South,"[((4, 4), <game.Grid object at 0x116ef2c10>), ((5, 3), <game.Grid object at 0x116ef2c80>), ((3, 3), <game.Grid object at 0x116ef2cf0>)]",256,257,1559,17,37,54
1560,"((2, 3), <game.Grid object at 0x116e7b1c0>)","((1, 3), <game.Grid object at 0x116d8c440>)",East,"[((3, 3), <game.Grid object at 0x116ef2d60>), ((1, 3), <game.Grid object at 0x116ef2dd0>)]",257,257,1560,15,39,54
1561,"((5, 3), <game.Grid object at 0x116e7b2a0>)","((4, 3), <game.Grid object at 0x116d8c7c0>)",East,"[((6, 3), <game.Grid object at 0x116ef2e40>), ((4, 3), <game.Grid object at 0x116ef2eb0>)]",257,257,1561,18,36,54
1562,"((4, 3), <game.Grid object at 0x116e7b3f0>)","((4, 4), <game.Grid object at 0x116d8cf30>)",South,"[((4, 4), <game.Grid object at 0x116ef2f20>), ((5, 3), <game.Grid object at 0x116ef2f90>), ((3, 3), <game.Grid object at 0x116ef3000>)]",257,258,1562,17,37,54
1563,"((1, 3), <game.Grid object at 0x116e7b4d0>)","((1, 4), <game.Grid object at 0x116d8d550>)",South,"[((1, 4), <game.Grid object at 0x116ef3070>), ((2, 3), <game.Grid object at 0x116ef30e0>)]",258,258,1563,14,40,54
1564,"((3, 5), <game.Grid object at 0x116e7b700>)","((2, 5), <game.Grid object at 0x116d8d780>)",East,"[((4, 5), <game.Grid object at 0x116ef3150>), ((2, 5), <game.Grid object at 0x116ef31c0>)]",258,258,1564,14,40,54
1565,"((7, 3), <game.Grid object at 0x116e7b9a0>)","((7, 4), <game.Grid object at 0x116d8e5f0>)",South,"[((7, 4), <game.Grid object at 0x116ef3230>), ((8, 3), <game.Grid object at 0x116ef32a0>), ((6, 3), <game.Grid object at 0x116ef3310>)]",258,259,1565,20,34,54
1566,"((2, 3), <game.Grid object at 0x116e7bbd0>)","((1, 3), <game.Grid object at 0x116d8f380>)",East,"[((3, 3), <game.Grid object at 0x116ef3380>), ((1, 3), <game.Grid object at 0x116ef33f0>)]",259,258,1566,15,39,54
1567,"((10, 3), <game.Grid object at 0x116e7bcb0>)","((10, 4), <game.Grid object at 0x116e00670>)",South,"[((10, 4), <game.Grid object at 0x116ef3460>), ((11, 3), <game.Grid object at 0x116ef34d0>), ((9, 3), <game.Grid object at 0x116ef3540>)]",258,259,1567,23,31,54
1568,"((10, 3), <game.Grid object at 0x116e7bd90>)","((10, 4), <game.Grid object at 0x116e01080>)",South,"[((10, 4), <game.Grid object at 0x116ef35b0>), ((11, 3), <game.Grid object at 0x116ef3620>), ((9, 3), <game.Grid object at 0x116ef3690>)]",259,260,1568,23,31,54
1569,"((6, 5), <game.Grid object at 0x116e7be00>)","((5, 5), <game.Grid object at 0x116e026d0>)",East,"[((7, 5), <game.Grid object at 0x116ef3700>), ((5, 5), <game.Grid object at 0x116ef3770>)]",260,260,1569,17,37,54
1570,"((9, 5), <game.Grid object at 0x116e7bee0>)","((8, 5), <game.Grid object at 0x116e02900>)",East,"[((10, 5), <game.Grid object at 0x116ef37e0>), ((8, 5), <game.Grid object at 0x116ef3850>)]",260,260,1570,20,34,54
1571,"((12, 5), <game.Grid object at 0x116ef0050>)","((11, 5), <game.Grid object at 0x116e02b30>)",East,"[((13, 5), <game.Grid object at 0x116ef38c0>), ((11, 5), <game.Grid object at 0x116ef3930>)]",260,260,1571,23,31,54
1572,"((13, 3), <game.Grid object at 0x116ef01a0>)","((13, 4), <game.Grid object at 0x116e02eb0>)",South,"[((13, 4), <game.Grid object at 0x116ef39a0>), ((14, 3), <game.Grid object at 0x116ef3a10>), ((12, 3), <game.Grid object at 0x116ef3a80>)]",260,261,1572,26,28,54
1573,"((6, 5), <game.Grid object at 0x116ef03d0>)","((5, 5), <game.Grid object at 0x116e03a10>)",East,"[((7, 5), <game.Grid object at 0x116ef3af0>), ((5, 5), <game.Grid object at 0x116ef3b60>)]",261,261,1573,17,37,54
1574,"((5, 3), <game.Grid object at 0x116ef0600>)","((4, 3), <game.Grid object at 0x116e03b60>)",East,"[((6, 3), <game.Grid object at 0x116ef3bd0>), ((4, 3), <game.Grid object at 0x116ef3c40>)]",261,260,1574,18,36,54
1575,"((3, 3), <game.Grid object at 0x116ef3380>)","((2, 3), <game.Grid object at 0x116e7bbd0>)",East,"[((4, 3), <game.Grid object at 0x116ef3cb0>), ((2, 3), <game.Grid object at 0x116ef3d20>)]",260,259,1575,16,38,54
1576,"((8, 3), <game.Grid object at 0x116ef0750>)","((7, 3), <game.Grid object at 0x116e03c40>)",East,"[((9, 3), <game.Grid object at 0x116ef3d90>), ((7, 3), <game.Grid object at 0x116ef3e00>)]",259,259,1576,21,33,54
1577,"((6, 3), <game.Grid object at 0x116ef3bd0>)","((5, 3), <game.Grid object at 0x116ef0600>)",East,"[((7, 3), <game.Grid object at 0x116ef3e70>), ((5, 3), <game.Grid object at 0x116ef3ee0>)]",259,258,1577,19,35,54
1578,"((11, 3), <game.Grid object at 0x116ef08a0>)","((10, 3), <game.Grid object at 0x116e03d20>)",East,"[((12, 3), <game.Grid object at 0x116ef3f50>), ((10, 3), <game.Grid object at 0x116f6c050>)]",258,258,1578,24,30,54
1579,"((14, 3), <game.Grid object at 0x116ef09f0>)","((13, 3), <game.Grid object at 0x116e03e00>)",East,"[((15, 3), <game.Grid object at 0x116f6c0c0>), ((13, 3), <game.Grid object at 0x116f6c130>)]",258,258,1579,27,27,54
1580,"((5, 3), <game.Grid object at 0x116ef0b40>)","((4, 3), <game.Grid object at 0x116e03ee0>)",East,"[((6, 3), <game.Grid object at 0x116f6c1a0>), ((4, 3), <game.Grid object at 0x116f6c210>)]",258,257,1580,18,36,54
1581,"((9, 5), <game.Grid object at 0x116ef0c20>)","((8, 5), <game.Grid object at 0x116e78210>)",East,"[((10, 5), <game.Grid object at 0x116f6c280>), ((8, 5), <game.Grid object at 0x116f6c2f0>)]",257,257,1581,20,34,54
1582,"((9, 5), <game.Grid object at 0x116ef0de0>)","((8, 5), <game.Grid object at 0x116e78360>)",East,"[((10, 5), <game.Grid object at 0x116f6c360>), ((8, 5), <game.Grid object at 0x116f6c3d0>)]",257,257,1582,20,34,54
1583,"((11, 3), <game.Grid object at 0x116ef0f30>)","((10, 3), <game.Grid object at 0x116e784b0>)",East,"[((12, 3), <game.Grid object at 0x116f6c440>), ((10, 3), <game.Grid object at 0x116f6c4b0>)]",257,257,1583,24,30,54
1584,"((14, 3), <game.Grid object at 0x116ef1080>)","((13, 3), <game.Grid object at 0x116e78590>)",East,"[((15, 3), <game.Grid object at 0x116f6c520>), ((13, 3), <game.Grid object at 0x116f6c590>)]",257,257,1584,27,27,54
1585,"((8, 3), <game.Grid object at 0x116ef11d0>)","((7, 3), <game.Grid object at 0x116e78750>)",East,"[((9, 3), <game.Grid object at 0x116f6c600>), ((7, 3), <game.Grid object at 0x116f6c670>)]",257,257,1585,21,33,54
1586,"((6, 3), <game.Grid object at 0x116f6c1a0>)","((5, 3), <game.Grid object at 0x116ef0b40>)",East,"[((7, 3), <game.Grid object at 0x116f6c6e0>), ((5, 3), <game.Grid object at 0x116f6c750>)]",257,256,1586,19,35,54
1587,"((12, 5), <game.Grid object at 0x116ef12b0>)","((11, 5), <game.Grid object at 0x116e78910>)",East,"[((13, 5), <game.Grid object at 0x116f6c7c0>), ((11, 5), <game.Grid object at 0x116f6c830>)]",256,256,1587,23,31,54
1588,"((12, 5), <game.Grid object at 0x116ef1390>)","((11, 5), <game.Grid object at 0x116e78a60>)",East,"[((13, 5), <game.Grid object at 0x116f6c8a0>), ((11, 5), <game.Grid object at 0x116f6c910>)]",256,256,1588,23,31,54
1589,"((12, 5), <game.Grid object at 0x116ef1470>)","((11, 5), <game.Grid object at 0x116e78bb0>)",East,"[((13, 5), <game.Grid object at 0x116f6c980>), ((11, 5), <game.Grid object at 0x116f6c9f0>)]",256,256,1589,23,31,54
1590,"((14, 3), <game.Grid object at 0x116ef15c0>)","((13, 3), <game.Grid object at 0x116e78de0>)",East,"[((15, 3), <game.Grid object at 0x116f6ca60>), ((13, 3), <game.Grid object at 0x116f6cad0>)]",256,256,1590,27,27,54
1591,"((11, 3), <game.Grid object at 0x116ef1710>)","((10, 3), <game.Grid object at 0x116e78ec0>)",East,"[((12, 3), <game.Grid object at 0x116f6cb40>), ((10, 3), <game.Grid object at 0x116f6cbb0>)]",256,256,1591,24,30,54
1592,"((11, 3), <game.Grid object at 0x116ef1860>)","((10, 3), <game.Grid object at 0x116e78fa0>)",East,"[((12, 3), <game.Grid object at 0x116f6cc20>), ((10, 3), <game.Grid object at 0x116f6cc90>)]",256,256,1592,24,30,54
1593,"((11, 3), <game.Grid object at 0x116ef19b0>)","((10, 3), <game.Grid object at 0x116e79160>)",East,"[((12, 3), <game.Grid object at 0x116f6cd00>), ((10, 3), <game.Grid object at 0x116f6cd70>)]",256,256,1593,24,30,54
1594,"((13, 4), <game.Grid object at 0x116ef1a90>)","((13, 5), <game.Grid object at 0x116e79470>)",South,"[((13, 5), <game.Grid object at 0x116f6cde0>), ((13, 3), <game.Grid object at 0x116f6ce50>)]",256,257,1594,25,29,54
1595,"((13, 4), <game.Grid object at 0x116ef1be0>)","((13, 5), <game.Grid object at 0x116e795c0>)",South,"[((13, 5), <game.Grid object at 0x116f6cec0>), ((13, 3), <game.Grid object at 0x116f6cf30>)]",257,258,1595,25,29,54
1596,"((13, 4), <game.Grid object at 0x116ef1d30>)","((13, 5), <game.Grid object at 0x116e79710>)",South,"[((13, 5), <game.Grid object at 0x116f6cfa0>), ((13, 3), <game.Grid object at 0x116f6d010>)]",258,259,1596,25,29,54
1597,"((14, 3), <game.Grid object at 0x116ef1ef0>)","((13, 3), <game.Grid object at 0x116e79da0>)",East,"[((15, 3), <game.Grid object at 0x116f6d080>), ((13, 3), <game.Grid object at 0x116f6d0f0>)]",259,259,1597,27,27,54
1598,"((14, 3), <game.Grid object at 0x116ef2040>)","((13, 3), <game.Grid object at 0x116e79e80>)",East,"[((15, 3), <game.Grid object at 0x116f6d160>), ((13, 3), <game.Grid object at 0x116f6d1d0>)]",259,259,1598,27,27,54
1599,"((14, 3), <game.Grid object at 0x116ef2190>)","((13, 3), <game.Grid object at 0x116e79f60>)",East,"[((15, 3), <game.Grid object at 0x116f6d240>), ((13, 3), <game.Grid object at 0x116f6d2b0>)]",259,259,1599,27,27,54
1600,"((14, 3), <game.Grid object at 0x116ef22e0>)","((13, 3), <game.Grid object at 0x116e7a040>)",East,"[((15, 3), <game.Grid object at 0x116f6d320>), ((13, 3), <game.Grid object at 0x116f6d390>)]",259,259,1600,27,27,54
1601,"((14, 3), <game.Grid object at 0x116ef2430>)","((13, 3), <game.Grid object at 0x116e7a200>)",East,"[((15, 3), <game.Grid object at 0x116f6d400>), ((13, 3), <game.Grid object at 0x116f6d470>)]",259,259,1601,27,27,54
1602,"((14, 3), <game.Grid object at 0x116ef2580>)","((13, 3), <game.Grid object at 0x116e7a2e0>)",East,"[((15, 3), <game.Grid object at 0x116f6d4e0>), ((13, 3), <game.Grid object at 0x116f6d550>)]",259,259,1602,27,27,54
1603,"((14, 3), <game.Grid object at 0x116ef26d0>)","((13, 3), <game.Grid object at 0x116e7a3c0>)",East,"[((15, 3), <game.Grid object at 0x116f6d5c0>), ((13, 3), <game.Grid object at 0x116f6d630>)]",259,259,1603,27,27,54
1604,"((14, 3), <game.Grid object at 0x116ef2820>)","((13, 3), <game.Grid object at 0x116e7a580>)",East,"[((15, 3), <game.Grid object at 0x116f6d6a0>), ((13, 3), <game.Grid object at 0x116f6d710>)]",259,259,1604,27,27,54
1605,"((14, 3), <game.Grid object at 0x116ef2970>)","((13, 3), <game.Grid object at 0x116e7a660>)",East,"[((15, 3), <game.Grid object at 0x116f6d780>), ((13, 3), <game.Grid object at 0x116f6d7f0>)]",259,259,1605,27,27,54
1606,"((2, 3), <game.Grid object at 0x116ef2ac0>)","((1, 3), <game.Grid object at 0x116e7ae40>)",East,"[((3, 3), <game.Grid object at 0x116f6d860>), ((1, 3), <game.Grid object at 0x116f6d8d0>)]",259,259,1606,15,39,54
1607,"((4, 5), <game.Grid object at 0x116ef2b30>)","((3, 5), <game.Grid object at 0x116e7af20>)",East,"[((4, 4), <game.Grid object at 0x116f6d940>), ((5, 5), <game.Grid object at 0x116f6d9b0>), ((3, 5), <game.Grid object at 0x116f6da20>)]",259,260,1607,15,39,54
1608,"((5, 3), <game.Grid object at 0x116ef2c80>)","((4, 3), <game.Grid object at 0x116e7b0e0>)",East,"[((6, 3), <game.Grid object at 0x116f6da90>), ((4, 3), <game.Grid object at 0x116f6db00>)]",260,260,1608,18,36,54
1609,"((3, 3), <game.Grid object at 0x116ef2d60>)","((2, 3), <game.Grid object at 0x116e7b1c0>)",East,"[((4, 3), <game.Grid object at 0x116f6db70>), ((2, 3), <game.Grid object at 0x116f6dbe0>)]",260,260,1609,16,38,54
1610,"((6, 3), <game.Grid object at 0x116ef2e40>)","((5, 3), <game.Grid object at 0x116e7b2a0>)",East,"[((7, 3), <game.Grid object at 0x116f6dc50>), ((5, 3), <game.Grid object at 0x116f6dcc0>)]",260,260,1610,19,35,54
1611,"((5, 3), <game.Grid object at 0x116ef2f90>)","((4, 3), <game.Grid object at 0x116e7b3f0>)",East,"[((6, 3), <game.Grid object at 0x116f6dd30>), ((4, 3), <game.Grid object at 0x116f6dda0>)]",260,260,1611,18,36,54
1612,"((2, 3), <game.Grid object at 0x116ef30e0>)","((1, 3), <game.Grid object at 0x116e7b4d0>)",East,"[((3, 3), <game.Grid object at 0x116f6de10>), ((1, 3), <game.Grid object at 0x116f6de80>)]",260,259,1612,15,39,54
1613,"((3, 3), <game.Grid object at 0x116f6de10>)","((2, 3), <game.Grid object at 0x116ef30e0>)",East,"[((4, 3), <game.Grid object at 0x116f6def0>), ((2, 3), <game.Grid object at 0x116f6df60>)]",259,258,1613,16,38,54
1614,"((4, 5), <game.Grid object at 0x116ef3150>)","((3, 5), <game.Grid object at 0x116e7b700>)",East,"[((4, 4), <game.Grid object at 0x116f6dfd0>), ((5, 5), <game.Grid object at 0x116f6e040>), ((3, 5), <game.Grid object at 0x116f6e0b0>)]",258,258,1614,15,39,54
1615,"((8, 3), <game.Grid object at 0x116ef32a0>)","((7, 3), <game.Grid object at 0x116e7b9a0>)",East,"[((9, 3), <game.Grid object at 0x116f6e120>), ((7, 3), <game.Grid object at 0x116f6e190>)]",258,258,1615,21,33,54
1616,"((11, 3), <game.Grid object at 0x116ef34d0>)","((10, 3), <game.Grid object at 0x116e7bcb0>)",East,"[((12, 3), <game.Grid object at 0x116f6e200>), ((10, 3), <game.Grid object at 0x116f6e270>)]",258,258,1616,24,30,54
1617,"((11, 3), <game.Grid object at 0x116ef3620>)","((10, 3), <game.Grid object at 0x116e7bd90>)",East,"[((12, 3), <game.Grid object at 0x116f6e2e0>), ((10, 3), <game.Grid object at 0x116f6e350>)]",258,258,1617,24,30,54
1618,"((7, 5), <game.Grid object at 0x116ef3700>)","((6, 5), <game.Grid object at 0x116e7be00>)",East,"[((7, 4), <game.Grid object at 0x116f6e3c0>), ((8, 5), <game.Grid object at 0x116f6e430>), ((6, 5), <game.Grid object at 0x116f6e4a0>)]",258,258,1618,18,36,54
1619,"((10, 5), <game.Grid object at 0x116ef37e0>)","((9, 5), <game.Grid object at 0x116e7bee0>)",East,"[((10, 4), <game.Grid object at 0x116f6e510>), ((11, 5), <game.Grid object at 0x116f6e580>), ((9, 5), <game.Grid object at 0x116f6e5f0>)]",258,258,1619,21,33,54
1620,"((13, 5), <game.Grid object at 0x116ef38c0>)","((12, 5), <game.Grid object at 0x116ef0050>)",East,"[((13, 4), <game.Grid object at 0x116f6e660>), ((14, 5), <game.Grid object at 0x116f6e6d0>), ((12, 5), <game.Grid object at 0x116f6e740>)]",258,260,1620,24,30,54
1621,"((14, 3), <game.Grid object at 0x116ef3a10>)","((13, 3), <game.Grid object at 0x116ef01a0>)",East,"[((15, 3), <game.Grid object at 0x116f6e7b0>), ((13, 3), <game.Grid object at 0x116f6e820>)]",260,260,1621,27,27,54
1622,"((7, 5), <game.Grid object at 0x116ef3af0>)","((6, 5), <game.Grid object at 0x116ef03d0>)",East,"[((7, 4), <game.Grid object at 0x116f6e890>), ((8, 5), <game.Grid object at 0x116f6e900>), ((6, 5), <game.Grid object at 0x116f6e970>)]",260,260,1622,18,36,54
1623,"((9, 3), <game.Grid object at 0x116ef3d90>)","((8, 3), <game.Grid object at 0x116ef0750>)",East,"[((10, 3), <game.Grid object at 0x116f6e9e0>), ((8, 3), <game.Grid object at 0x116f6ea50>)]",260,260,1623,22,32,54
1624,"((12, 3), <game.Grid object at 0x116ef3f50>)","((11, 3), <game.Grid object at 0x116ef08a0>)",East,"[((13, 3), <game.Grid object at 0x116f6eac0>), ((11, 3), <game.Grid object at 0x116f6eb30>)]",260,260,1624,25,29,54
1625,"((15, 3), <game.Grid object at 0x116f6c0c0>)","((14, 3), <game.Grid object at 0x116ef09f0>)",East,"[((16, 3), <game.Grid object at 0x116f6eba0>), ((14, 3), <game.Grid object at 0x116f6ec10>)]",260,260,1625,28,26,54
1626,"((10, 5), <game.Grid object at 0x116f6c280>)","((9, 5), <game.Grid object at 0x116ef0c20>)",East,"[((10, 4), <game.Grid object at 0x116f6ec80>), ((11, 5), <game.Grid object at 0x116f6ecf0>), ((9, 5), <game.Grid object at 0x116f6ed60>)]",260,260,1626,21,33,54
1627,"((10, 5), <game.Grid object at 0x116f6c360>)","((9, 5), <game.Grid object at 0x116ef0de0>)",East,"[((10, 4), <game.Grid object at 0x116f6edd0>), ((11, 5), <game.Grid object at 0x116f6ee40>), ((9, 5), <game.Grid object at 0x116f6eeb0>)]",260,260,1627,21,33,54
1628,"((12, 3), <game.Grid object at 0x116f6c440>)","((11, 3), <game.Grid object at 0x116ef0f30>)",East,"[((13, 3), <game.Grid object at 0x116f6ef20>), ((11, 3), <game.Grid object at 0x116f6ef90>)]",260,260,1628,25,29,54
1629,"((15, 3), <game.Grid object at 0x116f6c520>)","((14, 3), <game.Grid object at 0x116ef1080>)",East,"[((16, 3), <game.Grid object at 0x116f6f000>), ((14, 3), <game.Grid object at 0x116f6f070>)]",260,260,1629,28,26,54
1630,"((9, 3), <game.Grid object at 0x116f6c600>)","((8, 3), <game.Grid object at 0x116ef11d0>)",East,"[((10, 3), <game.Grid object at 0x116f6f0e0>), ((8, 3), <game.Grid object at 0x116f6f150>)]",260,260,1630,22,32,54
1631,"((13, 5), <game.Grid object at 0x116f6c7c0>)","((12, 5), <game.Grid object at 0x116ef12b0>)",East,"[((13, 4), <game.Grid object at 0x116f6f1c0>), ((14, 5), <game.Grid object at 0x116f6f230>), ((12, 5), <game.Grid object at 0x116f6f2a0>)]",260,262,1631,24,30,54
1632,"((13, 5), <game.Grid object at 0x116f6c8a0>)","((12, 5), <game.Grid object at 0x116ef1390>)",East,"[((13, 4), <game.Grid object at 0x116f6f310>), ((14, 5), <game.Grid object at 0x116f6f380>), ((12, 5), <game.Grid object at 0x116f6f3f0>)]",262,264,1632,24,30,54
1633,"((13, 5), <game.Grid object at 0x116f6c980>)","((12, 5), <game.Grid object at 0x116ef1470>)",East,"[((13, 4), <game.Grid object at 0x116f6f460>), ((14, 5), <game.Grid object at 0x116f6f4d0>), ((12, 5), <game.Grid object at 0x116f6f540>)]",264,266,1633,24,30,54
1634,"((15, 3), <game.Grid object at 0x116f6ca60>)","((14, 3), <game.Grid object at 0x116ef15c0>)",East,"[((16, 3), <game.Grid object at 0x116f6f5b0>), ((14, 3), <game.Grid object at 0x116f6f620>)]",266,266,1634,28,26,54
1635,"((12, 3), <game.Grid object at 0x116f6cb40>)","((11, 3), <game.Grid object at 0x116ef1710>)",East,"[((13, 3), <game.Grid object at 0x116f6f690>), ((11, 3), <game.Grid object at 0x116f6f700>)]",266,266,1635,25,29,54
1636,"((12, 3), <game.Grid object at 0x116f6cc20>)","((11, 3), <game.Grid object at 0x116ef1860>)",East,"[((13, 3), <game.Grid object at 0x116f6f770>), ((11, 3), <game.Grid object at 0x116f6f7e0>)]",266,266,1636,25,29,54
1637,"((12, 3), <game.Grid object at 0x116f6cd00>)","((11, 3), <game.Grid object at 0x116ef19b0>)",East,"[((13, 3), <game.Grid object at 0x116f6f850>), ((11, 3), <game.Grid object at 0x116f6f8c0>)]",266,266,1637,25,29,54
1638,"((13, 3), <game.Grid object at 0x116f6ce50>)","((13, 4), <game.Grid object at 0x116ef1a90>)",South,"[((13, 4), <game.Grid object at 0x116f6f930>), ((14, 3), <game.Grid object at 0x116f6f9a0>), ((12, 3), <game.Grid object at 0x116f6fa10>)]",266,267,1638,26,28,54
1639,"((13, 3), <game.Grid object at 0x116f6cf30>)","((13, 4), <game.Grid object at 0x116ef1be0>)",South,"[((13, 4), <game.Grid object at 0x116f6fa80>), ((14, 3), <game.Grid object at 0x116f6faf0>), ((12, 3), <game.Grid object at 0x116f6fb60>)]",267,268,1639,26,28,54
1640,"((13, 3), <game.Grid object at 0x116f6d010>)","((13, 4), <game.Grid object at 0x116ef1d30>)",South,"[((13, 4), <game.Grid object at 0x116f6fbd0>), ((14, 3), <game.Grid object at 0x116f6fc40>), ((12, 3), <game.Grid object at 0x116f6fcb0>)]",268,269,1640,26,28,54
1641,"((15, 3), <game.Grid object at 0x116f6d080>)","((14, 3), <game.Grid object at 0x116ef1ef0>)",East,"[((16, 3), <game.Grid object at 0x116f6fd20>), ((14, 3), <game.Grid object at 0x116f6fd90>)]",269,269,1641,28,26,54
1642,"((15, 3), <game.Grid object at 0x116f6d160>)","((14, 3), <game.Grid object at 0x116ef2040>)",East,"[((16, 3), <game.Grid object at 0x116f6fe00>), ((14, 3), <game.Grid object at 0x116f6fe70>)]",269,269,1642,28,26,54
1643,"((15, 3), <game.Grid object at 0x116f6d240>)","((14, 3), <game.Grid object at 0x116ef2190>)",East,"[((16, 3), <game.Grid object at 0x116f6fee0>), ((14, 3), <game.Grid object at 0x116f6ff50>)]",269,269,1643,28,26,54
1644,"((15, 3), <game.Grid object at 0x116f6d320>)","((14, 3), <game.Grid object at 0x116ef22e0>)",East,"[((16, 3), <game.Grid object at 0x116fec050>), ((14, 3), <game.Grid object at 0x116fec0c0>)]",269,269,1644,28,26,54
1645,"((15, 3), <game.Grid object at 0x116f6d400>)","((14, 3), <game.Grid object at 0x116ef2430>)",East,"[((16, 3), <game.Grid object at 0x116fec130>), ((14, 3), <game.Grid object at 0x116fec1a0>)]",269,269,1645,28,26,54
1646,"((15, 3), <game.Grid object at 0x116f6d4e0>)","((14, 3), <game.Grid object at 0x116ef2580>)",East,"[((16, 3), <game.Grid object at 0x116fec210>), ((14, 3), <game.Grid object at 0x116fec280>)]",269,269,1646,28,26,54
1647,"((15, 3), <game.Grid object at 0x116f6d5c0>)","((14, 3), <game.Grid object at 0x116ef26d0>)",East,"[((16, 3), <game.Grid object at 0x116fec2f0>), ((14, 3), <game.Grid object at 0x116fec360>)]",269,269,1647,28,26,54
1648,"((15, 3), <game.Grid object at 0x116f6d6a0>)","((14, 3), <game.Grid object at 0x116ef2820>)",East,"[((16, 3), <game.Grid object at 0x116fec3d0>), ((14, 3), <game.Grid object at 0x116fec440>)]",269,269,1648,28,26,54
1649,"((15, 3), <game.Grid object at 0x116f6d780>)","((14, 3), <game.Grid object at 0x116ef2970>)",East,"[((16, 3), <game.Grid object at 0x116fec4b0>), ((14, 3), <game.Grid object at 0x116fec520>)]",269,269,1649,28,26,54
1650,"((3, 3), <game.Grid object at 0x116f6d860>)","((2, 3), <game.Grid object at 0x116ef2ac0>)",East,"[((4, 3), <game.Grid object at 0x116fec590>), ((2, 3), <game.Grid object at 0x116fec600>)]",269,269,1650,16,38,54
1651,"((4, 4), <game.Grid object at 0x116f6d940>)","((4, 5), <game.Grid object at 0x116ef2b30>)",South,"[((4, 5), <game.Grid object at 0x116fec670>), ((4, 3), <game.Grid object at 0x116fec6e0>)]",269,270,1651,16,38,54
1652,"((5, 5), <game.Grid object at 0x116f6d9b0>)","((4, 5), <game.Grid object at 0x116ef2b30>)",East,"[((6, 5), <game.Grid object at 0x116fec750>), ((4, 5), <game.Grid object at 0x116fec7c0>)]",270,270,1652,16,38,54
1653,"((6, 3), <game.Grid object at 0x116f6da90>)","((5, 3), <game.Grid object at 0x116ef2c80>)",East,"[((7, 3), <game.Grid object at 0x116fec830>), ((5, 3), <game.Grid object at 0x116fec8a0>)]",270,270,1653,19,35,54
1654,"((4, 3), <game.Grid object at 0x116f6db70>)","((3, 3), <game.Grid object at 0x116ef2d60>)",East,"[((4, 4), <game.Grid object at 0x116fec910>), ((5, 3), <game.Grid object at 0x116fec980>), ((3, 3), <game.Grid object at 0x116fec9f0>)]",270,271,1654,17,37,54
1655,"((7, 3), <game.Grid object at 0x116f6dc50>)","((6, 3), <game.Grid object at 0x116ef2e40>)",East,"[((7, 4), <game.Grid object at 0x116feca60>), ((8, 3), <game.Grid object at 0x116fecad0>), ((6, 3), <game.Grid object at 0x116fecb40>)]",271,271,1655,20,34,54
1656,"((8, 3), <game.Grid object at 0x116fecad0>)","((7, 3), <game.Grid object at 0x116f6dc50>)",East,"[((9, 3), <game.Grid object at 0x116fecbb0>), ((7, 3), <game.Grid object at 0x116fecc20>)]",271,270,1656,21,33,54
1657,"((6, 3), <game.Grid object at 0x116f6dd30>)","((5, 3), <game.Grid object at 0x116ef2f90>)",East,"[((7, 3), <game.Grid object at 0x116fecc90>), ((5, 3), <game.Grid object at 0x116fecd00>)]",270,270,1657,19,35,54
1658,"((5, 5), <game.Grid object at 0x116f6e040>)","((4, 5), <game.Grid object at 0x116ef3150>)",East,"[((6, 5), <game.Grid object at 0x116fecd70>), ((4, 5), <game.Grid object at 0x116fecde0>)]",270,269,1658,16,38,54
1659,"((6, 5), <game.Grid object at 0x116fecd70>)","((5, 5), <game.Grid object at 0x116f6e040>)",East,"[((7, 5), <game.Grid object at 0x116fece50>), ((5, 5), <game.Grid object at 0x116fecec0>)]",269,268,1659,17,37,54
1660,"((9, 3), <game.Grid object at 0x116f6e120>)","((8, 3), <game.Grid object at 0x116ef32a0>)",East,"[((10, 3), <game.Grid object at 0x116fecf30>), ((8, 3), <game.Grid object at 0x116fecfa0>)]",268,268,1660,22,32,54
1661,"((12, 3), <game.Grid object at 0x116f6e200>)","((11, 3), <game.Grid object at 0x116ef34d0>)",East,"[((13, 3), <game.Grid object at 0x116fed010>), ((11, 3), <game.Grid object at 0x116fed080>)]",268,268,1661,25,29,54
1662,"((12, 3), <game.Grid object at 0x116f6e2e0>)","((11, 3), <game.Grid object at 0x116ef3620>)",East,"[((13, 3), <game.Grid object at 0x116fed0f0>), ((11, 3), <game.Grid object at 0x116fed160>)]",268,268,1662,25,29,54
1663,"((8, 5), <game.Grid object at 0x116f6e430>)","((7, 5), <game.Grid object at 0x116ef3700>)",East,"[((9, 5), <game.Grid object at 0x116fed1d0>), ((7, 5), <game.Grid object at 0x116fed240>)]",268,268,1663,19,35,54
1664,"((11, 5), <game.Grid object at 0x116f6e580>)","((10, 5), <game.Grid object at 0x116ef37e0>)",East,"[((12, 5), <game.Grid object at 0x116fed2b0>), ((10, 5), <game.Grid object at 0x116fed320>)]",268,268,1664,22,32,54
1665,"((13, 4), <game.Grid object at 0x116f6e660>)","((13, 5), <game.Grid object at 0x116ef38c0>)",South,"[((13, 5), <game.Grid object at 0x116fed390>), ((13, 3), <game.Grid object at 0x116fed400>)]",268,268,1665,25,29,54
1666,"((15, 3), <game.Grid object at 0x116f6e7b0>)","((14, 3), <game.Grid object at 0x116ef3a10>)",East,"[((16, 3), <game.Grid object at 0x116fed470>), ((14, 3), <game.Grid object at 0x116fed4e0>)]",268,268,1666,28,26,54
1667,"((8, 5), <game.Grid object at 0x116f6e900>)","((7, 5), <game.Grid object at 0x116ef3af0>)",East,"[((9, 5), <game.Grid object at 0x116fed550>), ((7, 5), <game.Grid object at 0x116fed5c0>)]",268,268,1667,19,35,54
1668,"((10, 3), <game.Grid object at 0x116f6e9e0>)","((9, 3), <game.Grid object at 0x116ef3d90>)",East,"[((10, 4), <game.Grid object at 0x116fed630>), ((11, 3), <game.Grid object at 0x116fed6a0>), ((9, 3), <game.Grid object at 0x116fed710>)]",268,269,1668,23,31,54
1669,"((13, 3), <game.Grid object at 0x116f6eac0>)","((12, 3), <game.Grid object at 0x116ef3f50>)",East,"[((13, 4), <game.Grid object at 0x116fed780>), ((14, 3), <game.Grid object at 0x116fed7f0>), ((12, 3), <game.Grid object at 0x116fed860>)]",269,270,1669,26,28,54
1670,"((16, 3), <game.Grid object at 0x116f6eba0>)","((15, 3), <game.Grid object at 0x116f6c0c0>)",East,"[((16, 4), <game.Grid object at 0x116fed8d0>), ((15, 3), <game.Grid object at 0x116fed940>)]",270,270,1670,29,25,54
1671,"((11, 5), <game.Grid object at 0x116f6ecf0>)","((10, 5), <game.Grid object at 0x116f6c280>)",East,"[((12, 5), <game.Grid object at 0x116fed9b0>), ((10, 5), <game.Grid object at 0x116feda20>)]",270,270,1671,22,32,54
1672,"((11, 5), <game.Grid object at 0x116f6ee40>)","((10, 5), <game.Grid object at 0x116f6c360>)",East,"[((12, 5), <game.Grid object at 0x116feda90>), ((10, 5), <game.Grid object at 0x116fedb00>)]",270,270,1672,22,32,54
1673,"((13, 3), <game.Grid object at 0x116f6ef20>)","((12, 3), <game.Grid object at 0x116f6c440>)",East,"[((13, 4), <game.Grid object at 0x116fedb70>), ((14, 3), <game.Grid object at 0x116fedbe0>), ((12, 3), <game.Grid object at 0x116fedc50>)]",270,271,1673,26,28,54
1674,"((16, 3), <game.Grid object at 0x116f6f000>)","((15, 3), <game.Grid object at 0x116f6c520>)",East,"[((16, 4), <game.Grid object at 0x116fedcc0>), ((15, 3), <game.Grid object at 0x116fedd30>)]",271,271,1674,29,25,54
1675,"((10, 3), <game.Grid object at 0x116f6f0e0>)","((9, 3), <game.Grid object at 0x116f6c600>)",East,"[((10, 4), <game.Grid object at 0x116fedda0>), ((11, 3), <game.Grid object at 0x116fede10>), ((9, 3), <game.Grid object at 0x116fede80>)]",271,272,1675,23,31,54
1676,"((13, 4), <game.Grid object at 0x116f6f1c0>)","((13, 5), <game.Grid object at 0x116f6c7c0>)",South,"[((13, 5), <game.Grid object at 0x116fedef0>), ((13, 3), <game.Grid object at 0x116fedf60>)]",272,272,1676,25,29,54
1677,"((13, 4), <game.Grid object at 0x116f6f310>)","((13, 5), <game.Grid object at 0x116f6c8a0>)",South,"[((13, 5), <game.Grid object at 0x116fedfd0>), ((13, 3), <game.Grid object at 0x116fee040>)]",272,272,1677,25,29,54
1678,"((13, 4), <game.Grid object at 0x116f6f460>)","((13, 5), <game.Grid object at 0x116f6c980>)",South,"[((13, 5), <game.Grid object at 0x116fee0b0>), ((13, 3), <game.Grid object at 0x116fee120>)]",272,272,1678,25,29,54
1679,"((16, 3), <game.Grid object at 0x116f6f5b0>)","((15, 3), <game.Grid object at 0x116f6ca60>)",East,"[((16, 4), <game.Grid object at 0x116fee190>), ((15, 3), <game.Grid object at 0x116fee200>)]",272,272,1679,29,25,54
1680,"((13, 3), <game.Grid object at 0x116f6f690>)","((12, 3), <game.Grid object at 0x116f6cb40>)",East,"[((13, 4), <game.Grid object at 0x116fee270>), ((14, 3), <game.Grid object at 0x116fee2e0>), ((12, 3), <game.Grid object at 0x116fee350>)]",272,273,1680,26,28,54
1681,"((13, 3), <game.Grid object at 0x116f6f770>)","((12, 3), <game.Grid object at 0x116f6cc20>)",East,"[((13, 4), <game.Grid object at 0x116fee3c0>), ((14, 3), <game.Grid object at 0x116fee430>), ((12, 3), <game.Grid object at 0x116fee4a0>)]",273,274,1681,26,28,54
1682,"((13, 3), <game.Grid object at 0x116f6f850>)","((12, 3), <game.Grid object at 0x116f6cd00>)",East,"[((13, 4), <game.Grid object at 0x116fee510>), ((14, 3), <game.Grid object at 0x116fee580>), ((12, 3), <game.Grid object at 0x116fee5f0>)]",274,275,1682,26,28,54
1683,"((14, 3), <game.Grid object at 0x116f6f9a0>)","((13, 3), <game.Grid object at 0x116f6ce50>)",East,"[((15, 3), <game.Grid object at 0x116fee660>), ((13, 3), <game.Grid object at 0x116fee6d0>)]",275,275,1683,27,27,54
1684,"((14, 3), <game.Grid object at 0x116f6faf0>)","((13, 3), <game.Grid object at 0x116f6cf30>)",East,"[((15, 3), <game.Grid object at 0x116fee740>), ((13, 3), <game.Grid object at 0x116fee7b0>)]",275,275,1684,27,27,54
1685,"((14, 3), <game.Grid object at 0x116f6fc40>)","((13, 3), <game.Grid object at 0x116f6d010>)",East,"[((15, 3), <game.Grid object at 0x116fee820>), ((13, 3), <game.Grid object at 0x116fee890>)]",275,275,1685,27,27,54
1686,"((16, 3), <game.Grid object at 0x116f6fd20>)","((15, 3), <game.Grid object at 0x116f6d080>)",East,"[((16, 4), <game.Grid object at 0x116fee900>), ((15, 3), <game.Grid object at 0x116fee970>)]",275,275,1686,29,25,54
1687,"((16, 3), <game.Grid object at 0x116f6fe00>)","((15, 3), <game.Grid object at 0x116f6d160>)",East,"[((16, 4), <game.Grid object at 0x116fee9e0>), ((15, 3), <game.Grid object at 0x116feea50>)]",275,275,1687,29,25,54
1688,"((16, 3), <game.Grid object at 0x116f6fee0>)","((15, 3), <game.Grid object at 0x116f6d240>)",East,"[((16, 4), <game.Grid object at 0x116feeac0>), ((15, 3), <game.Grid object at 0x116feeb30>)]",275,275,1688,29,25,54
1689,"((16, 3), <game.Grid object at 0x116fec050>)","((15, 3), <game.Grid object at 0x116f6d320>)",East,"[((16, 4), <game.Grid object at 0x116feeba0>), ((15, 3), <game.Grid object at 0x116feec10>)]",275,275,1689,29,25,54
1690,"((16, 3), <game.Grid object at 0x116fec130>)","((15, 3), <game.Grid object at 0x116f6d400>)",East,"[((16, 4), <game.Grid object at 0x116feec80>), ((15, 3), <game.Grid object at 0x116feecf0>)]",275,275,1690,29,25,54
1691,"((16, 3), <game.Grid object at 0x116fec210>)","((15, 3), <game.Grid object at 0x116f6d4e0>)",East,"[((16, 4), <game.Grid object at 0x116feed60>), ((15, 3), <game.Grid object at 0x116feedd0>)]",275,275,1691,29,25,54
1692,"((16, 3), <game.Grid object at 0x116fec2f0>)","((15, 3), <game.Grid object at 0x116f6d5c0>)",East,"[((16, 4), <game.Grid object at 0x116feee40>), ((15, 3), <game.Grid object at 0x116feeeb0>)]",275,275,1692,29,25,54
1693,"((16, 3), <game.Grid object at 0x116fec3d0>)","((15, 3), <game.Grid object at 0x116f6d6a0>)",East,"[((16, 4), <game.Grid object at 0x116feef20>), ((15, 3), <game.Grid object at 0x116feef90>)]",275,275,1693,29,25,54
1694,"((16, 3), <game.Grid object at 0x116fec4b0>)","((15, 3), <game.Grid object at 0x116f6d780>)",East,"[((16, 4), <game.Grid object at 0x116fef000>), ((15, 3), <game.Grid object at 0x116fef070>)]",275,275,1694,29,25,54
1695,"((4, 3), <game.Grid object at 0x116fec590>)","((3, 3), <game.Grid object at 0x116f6d860>)",East,"[((4, 4), <game.Grid object at 0x116fef0e0>), ((5, 3), <game.Grid object at 0x116fef150>), ((3, 3), <game.Grid object at 0x116fef1c0>)]",275,276,1695,17,37,54
1696,"((4, 3), <game.Grid object at 0x116fec6e0>)","((4, 4), <game.Grid object at 0x116f6d940>)",South,"[((4, 4), <game.Grid object at 0x116fef230>), ((5, 3), <game.Grid object at 0x116fef2a0>), ((3, 3), <game.Grid object at 0x116fef310>)]",276,277,1696,17,37,54
1697,"((6, 5), <game.Grid object at 0x116fec750>)","((5, 5), <game.Grid object at 0x116f6d9b0>)",East,"[((7, 5), <game.Grid object at 0x116fef380>), ((5, 5), <game.Grid object at 0x116fef3f0>)]",277,277,1697,17,37,54
1698,"((7, 3), <game.Grid object at 0x116fec830>)","((6, 3), <game.Grid object at 0x116f6da90>)",East,"[((7, 4), <game.Grid object at 0x116fef460>), ((8, 3), <game.Grid object at 0x116fef4d0>), ((6, 3), <game.Grid object at 0x116fef540>)]",277,277,1698,20,34,54
1699,"((8, 3), <game.Grid object at 0x116fef4d0>)","((7, 3), <game.Grid object at 0x116fec830>)",East,"[((9, 3), <game.Grid object at 0x116fef5b0>), ((7, 3), <game.Grid object at 0x116fef620>)]",277,276,1699,21,33,54
1700,"((5, 3), <game.Grid object at 0x116fec980>)","((4, 3), <game.Grid object at 0x116f6db70>)",East,"[((6, 3), <game.Grid object at 0x116fef690>), ((4, 3), <game.Grid object at 0x116fef700>)]",276,276,1700,18,36,54
1701,"((7, 3), <game.Grid object at 0x116fecc90>)","((6, 3), <game.Grid object at 0x116f6dd30>)",East,"[((7, 4), <game.Grid object at 0x116fef770>), ((8, 3), <game.Grid object at 0x116fef7e0>), ((6, 3), <game.Grid object at 0x116fef850>)]",276,276,1701,20,34,54
1702,"((8, 3), <game.Grid object at 0x116fef7e0>)","((7, 3), <game.Grid object at 0x116fecc90>)",East,"[((9, 3), <game.Grid object at 0x116fef8c0>), ((7, 3), <game.Grid object at 0x116fef930>)]",276,275,1702,21,33,54
1703,"((10, 3), <game.Grid object at 0x116fecf30>)","((9, 3), <game.Grid object at 0x116f6e120>)",East,"[((10, 4), <game.Grid object at 0x116fef9a0>), ((11, 3), <game.Grid object at 0x116fefa10>), ((9, 3), <game.Grid object at 0x116fefa80>)]",275,275,1703,23,31,54
1704,"((13, 3), <game.Grid object at 0x116fed010>)","((12, 3), <game.Grid object at 0x116f6e200>)",East,"[((13, 4), <game.Grid object at 0x116fefaf0>), ((14, 3), <game.Grid object at 0x116fefb60>), ((12, 3), <game.Grid object at 0x116fefbd0>)]",275,275,1704,26,28,54
1705,"((13, 3), <game.Grid object at 0x116fed0f0>)","((12, 3), <game.Grid object at 0x116f6e2e0>)",East,"[((13, 4), <game.Grid object at 0x116fefc40>), ((14, 3), <game.Grid object at 0x116fefcb0>), ((12, 3), <game.Grid object at 0x116fefd20>)]",275,275,1705,26,28,54
1706,"((9, 5), <game.Grid object at 0x116fed1d0>)","((8, 5), <game.Grid object at 0x116f6e430>)",East,"[((10, 5), <game.Grid object at 0x116fefd90>), ((8, 5), <game.Grid object at 0x116fefe00>)]",275,275,1706,20,34,54
1707,"((12, 5), <game.Grid object at 0x116fed2b0>)","((11, 5), <game.Grid object at 0x116f6e580>)",East,"[((13, 5), <game.Grid object at 0x116fefe70>), ((11, 5), <game.Grid object at 0x116fefee0>)]",275,275,1707,23,31,54
1708,"((13, 3), <game.Grid object at 0x116fed400>)","((13, 4), <game.Grid object at 0x116f6e660>)",South,"[((13, 4), <game.Grid object at 0x116feff50>), ((14, 3), <game.Grid object at 0x117068050>), ((12, 3), <game.Grid object at 0x1170680c0>)]",275,276,1708,26,28,54
1709,"((16, 3), <game.Grid object at 0x116fed470>)","((15, 3), <game.Grid object at 0x116f6e7b0>)",East,"[((16, 4), <game.Grid object at 0x117068130>), ((15, 3), <game.Grid object at 0x1170681a0>)]",276,276,1709,29,25,54
1710,"((9, 5), <game.Grid object at 0x116fed550>)","((8, 5), <game.Grid object at 0x116f6e900>)",East,"[((10, 5), <game.Grid object at 0x117068210>), ((8, 5), <game.Grid object at 0x117068280>)]",276,276,1710,20,34,54
1711,"((11, 3), <game.Grid object at 0x116fed6a0>)","((10, 3), <game.Grid object at 0x116f6e9e0>)",East,"[((12, 3), <game.Grid object at 0x1170682f0>), ((10, 3), <game.Grid object at 0x117068360>)]",276,276,1711,24,30,54
1712,"((14, 3), <game.Grid object at 0x116fed7f0>)","((13, 3), <game.Grid object at 0x116f6eac0>)",East,"[((15, 3), <game.Grid object at 0x1170683d0>), ((13, 3), <game.Grid object at 0x117068440>)]",276,276,1712,27,27,54
1713,"((16, 4), <game.Grid object at 0x116fed8d0>)","((16, 3), <game.Grid object at 0x116f6eba0>)",North,"[((16, 5), <game.Grid object at 0x1170684b0>), ((16, 3), <game.Grid object at 0x117068520>)]",276,276,1713,30,24,54
1714,"((12, 5), <game.Grid object at 0x116fed9b0>)","((11, 5), <game.Grid object at 0x116f6ecf0>)",East,"[((13, 5), <game.Grid object at 0x117068590>), ((11, 5), <game.Grid object at 0x117068600>)]",276,276,1714,23,31,54
1715,"((12, 5), <game.Grid object at 0x116feda90>)","((11, 5), <game.Grid object at 0x116f6ee40>)",East,"[((13, 5), <game.Grid object at 0x117068670>), ((11, 5), <game.Grid object at 0x1170686e0>)]",276,276,1715,23,31,54
1716,"((14, 3), <game.Grid object at 0x116fedbe0>)","((13, 3), <game.Grid object at 0x116f6ef20>)",East,"[((15, 3), <game.Grid object at 0x117068750>), ((13, 3), <game.Grid object at 0x1170687c0>)]",276,276,1716,27,27,54
1717,"((16, 4), <game.Grid object at 0x116fedcc0>)","((16, 3), <game.Grid object at 0x116f6f000>)",North,"[((16, 5), <game.Grid object at 0x117068830>), ((16, 3), <game.Grid object at 0x1170688a0>)]",276,276,1717,30,24,54
1718,"((11, 3), <game.Grid object at 0x116fede10>)","((10, 3), <game.Grid object at 0x116f6f0e0>)",East,"[((12, 3), <game.Grid object at 0x117068910>), ((10, 3), <game.Grid object at 0x117068980>)]",276,276,1718,24,30,54
1719,"((13, 3), <game.Grid object at 0x116fedf60>)","((13, 4), <game.Grid object at 0x116f6f1c0>)",South,"[((13, 4), <game.Grid object at 0x1170689f0>), ((14, 3), <game.Grid object at 0x117068a60>), ((12, 3), <game.Grid object at 0x117068ad0>)]",276,277,1719,26,28,54
1720,"((13, 3), <game.Grid object at 0x116fee040>)","((13, 4), <game.Grid object at 0x116f6f310>)",South,"[((13, 4), <game.Grid object at 0x117068b40>), ((14, 3), <game.Grid object at 0x117068bb0>), ((12, 3), <game.Grid object at 0x117068c20>)]",277,278,1720,26,28,54
1721,"((13, 3), <game.Grid object at 0x116fee120>)","((13, 4), <game.Grid object at 0x116f6f460>)",South,"[((13, 4), <game.Grid object at 0x117068c90>), ((14, 3), <game.Grid object at 0x117068d00>), ((12, 3), <game.Grid object at 0x117068d70>)]",278,279,1721,26,28,54
1722,"((16, 4), <game.Grid object at 0x116fee190>)","((16, 3), <game.Grid object at 0x116f6f5b0>)",North,"[((16, 5), <game.Grid object at 0x117068de0>), ((16, 3), <game.Grid object at 0x117068e50>)]",279,279,1722,30,24,54
1723,"((14, 3), <game.Grid object at 0x116fee2e0>)","((13, 3), <game.Grid object at 0x116f6f690>)",East,"[((15, 3), <game.Grid object at 0x117068ec0>), ((13, 3), <game.Grid object at 0x117068f30>)]",279,279,1723,27,27,54
1724,"((14, 3), <game.Grid object at 0x116fee430>)","((13, 3), <game.Grid object at 0x116f6f770>)",East,"[((15, 3), <game.Grid object at 0x117068fa0>), ((13, 3), <game.Grid object at 0x117069010>)]",279,279,1724,27,27,54
1725,"((14, 3), <game.Grid object at 0x116fee580>)","((13, 3), <game.Grid object at 0x116f6f850>)",East,"[((15, 3), <game.Grid object at 0x117069080>), ((13, 3), <game.Grid object at 0x1170690f0>)]",279,279,1725,27,27,54
1726,"((15, 3), <game.Grid object at 0x116fee660>)","((14, 3), <game.Grid object at 0x116f6f9a0>)",East,"[((16, 3), <game.Grid object at 0x117069160>), ((14, 3), <game.Grid object at 0x1170691d0>)]",279,279,1726,28,26,54
1727,"((15, 3), <game.Grid object at 0x116fee740>)","((14, 3), <game.Grid object at 0x116f6faf0>)",East,"[((16, 3), <game.Grid object at 0x117069240>), ((14, 3), <game.Grid object at 0x1170692b0>)]",279,279,1727,28,26,54
1728,"((15, 3), <game.Grid object at 0x116fee820>)","((14, 3), <game.Grid object at 0x116f6fc40>)",East,"[((16, 3), <game.Grid object at 0x117069320>), ((14, 3), <game.Grid object at 0x117069390>)]",279,279,1728,28,26,54
1729,"((16, 4), <game.Grid object at 0x116fee900>)","((16, 3), <game.Grid object at 0x116f6fd20>)",North,"[((16, 5), <game.Grid object at 0x117069400>), ((16, 3), <game.Grid object at 0x117069470>)]",279,279,1729,30,24,54
1730,"((16, 4), <game.Grid object at 0x116fee9e0>)","((16, 3), <game.Grid object at 0x116f6fe00>)",North,"[((16, 5), <game.Grid object at 0x1170694e0>), ((16, 3), <game.Grid object at 0x117069550>)]",279,279,1730,30,24,54
1731,"((16, 4), <game.Grid object at 0x116feeac0>)","((16, 3), <game.Grid object at 0x116f6fee0>)",North,"[((16, 5), <game.Grid object at 0x1170695c0>), ((16, 3), <game.Grid object at 0x117069630>)]",279,279,1731,30,24,54
1732,"((16, 4), <game.Grid object at 0x116feeba0>)","((16, 3), <game.Grid object at 0x116fec050>)",North,"[((16, 5), <game.Grid object at 0x1170696a0>), ((16, 3), <game.Grid object at 0x117069710>)]",279,279,1732,30,24,54
1733,"((16, 4), <game.Grid object at 0x116feec80>)","((16, 3), <game.Grid object at 0x116fec130>)",North,"[((16, 5), <game.Grid object at 0x117069780>), ((16, 3), <game.Grid object at 0x1170697f0>)]",279,279,1733,30,24,54
1734,"((16, 4), <game.Grid object at 0x116feed60>)","((16, 3), <game.Grid object at 0x116fec210>)",North,"[((16, 5), <game.Grid object at 0x117069860>), ((16, 3), <game.Grid object at 0x1170698d0>)]",279,279,1734,30,24,54
1735,"((16, 4), <game.Grid object at 0x116feee40>)","((16, 3), <game.Grid object at 0x116fec2f0>)",North,"[((16, 5), <game.Grid object at 0x117069940>), ((16, 3), <game.Grid object at 0x1170699b0>)]",279,279,1735,30,24,54
1736,"((16, 4), <game.Grid object at 0x116feef20>)","((16, 3), <game.Grid object at 0x116fec3d0>)",North,"[((16, 5), <game.Grid object at 0x117069a20>), ((16, 3), <game.Grid object at 0x117069a90>)]",279,279,1736,30,24,54
1737,"((16, 4), <game.Grid object at 0x116fef000>)","((16, 3), <game.Grid object at 0x116fec4b0>)",North,"[((16, 5), <game.Grid object at 0x117069b00>), ((16, 3), <game.Grid object at 0x117069b70>)]",279,279,1737,30,24,54
1738,"((5, 3), <game.Grid object at 0x116fef150>)","((4, 3), <game.Grid object at 0x116fec590>)",East,"[((6, 3), <game.Grid object at 0x117069be0>), ((4, 3), <game.Grid object at 0x117069c50>)]",279,279,1738,18,36,54
1739,"((5, 3), <game.Grid object at 0x116fef2a0>)","((4, 3), <game.Grid object at 0x116fec6e0>)",East,"[((6, 3), <game.Grid object at 0x117069cc0>), ((4, 3), <game.Grid object at 0x117069d30>)]",279,279,1739,18,36,54
1740,"((7, 5), <game.Grid object at 0x116fef380>)","((6, 5), <game.Grid object at 0x116fec750>)",East,"[((7, 4), <game.Grid object at 0x117069da0>), ((8, 5), <game.Grid object at 0x117069e10>), ((6, 5), <game.Grid object at 0x117069e80>)]",279,280,1740,18,36,54
1741,"((6, 3), <game.Grid object at 0x116fef690>)","((5, 3), <game.Grid object at 0x116fec980>)",East,"[((7, 3), <game.Grid object at 0x117069ef0>), ((5, 3), <game.Grid object at 0x117069f60>)]",280,280,1741,19,35,54
1742,"((11, 3), <game.Grid object at 0x116fefa10>)","((10, 3), <game.Grid object at 0x116fecf30>)",East,"[((12, 3), <game.Grid object at 0x117069fd0>), ((10, 3), <game.Grid object at 0x11706a040>)]",280,280,1742,24,30,54
1743,"((14, 3), <game.Grid object at 0x116fefb60>)","((13, 3), <game.Grid object at 0x116fed010>)",East,"[((15, 3), <game.Grid object at 0x11706a0b0>), ((13, 3), <game.Grid object at 0x11706a120>)]",280,280,1743,27,27,54
1744,"((14, 3), <game.Grid object at 0x116fefcb0>)","((13, 3), <game.Grid object at 0x116fed0f0>)",East,"[((15, 3), <game.Grid object at 0x11706a190>), ((13, 3), <game.Grid object at 0x11706a200>)]",280,280,1744,27,27,54
1745,"((10, 5), <game.Grid object at 0x116fefd90>)","((9, 5), <game.Grid object at 0x116fed1d0>)",East,"[((10, 4), <game.Grid object at 0x11706a270>), ((11, 5), <game.Grid object at 0x11706a2e0>), ((9, 5), <game.Grid object at 0x11706a350>)]",280,280,1745,21,33,54
1746,"((13, 5), <game.Grid object at 0x116fefe70>)","((12, 5), <game.Grid object at 0x116fed2b0>)",East,"[((13, 4), <game.Grid object at 0x11706a3c0>), ((14, 5), <game.Grid object at 0x11706a430>), ((12, 5), <game.Grid object at 0x11706a4a0>)]",280,282,1746,24,30,54
1747,"((14, 3), <game.Grid object at 0x117068050>)","((13, 3), <game.Grid object at 0x116fed400>)",East,"[((15, 3), <game.Grid object at 0x11706a510>), ((13, 3), <game.Grid object at 0x11706a580>)]",282,282,1747,27,27,54
1748,"((16, 4), <game.Grid object at 0x117068130>)","((16, 3), <game.Grid object at 0x116fed470>)",North,"[((16, 5), <game.Grid object at 0x11706a5f0>), ((16, 3), <game.Grid object at 0x11706a660>)]",282,282,1748,30,24,54
1749,"((10, 5), <game.Grid object at 0x117068210>)","((9, 5), <game.Grid object at 0x116fed550>)",East,"[((10, 4), <game.Grid object at 0x11706a6d0>), ((11, 5), <game.Grid object at 0x11706a740>), ((9, 5), <game.Grid object at 0x11706a7b0>)]",282,282,1749,21,33,54
1750,"((12, 3), <game.Grid object at 0x1170682f0>)","((11, 3), <game.Grid object at 0x116fed6a0>)",East,"[((13, 3), <game.Grid object at 0x11706a820>), ((11, 3), <game.Grid object at 0x11706a890>)]",282,282,1750,25,29,54
1751,"((15, 3), <game.Grid object at 0x1170683d0>)","((14, 3), <game.Grid object at 0x116fed7f0>)",East,"[((16, 3), <game.Grid object at 0x11706a900>), ((14, 3), <game.Grid object at 0x11706a970>)]",282,282,1751,28,26,54
1752,"((16, 5), <game.Grid object at 0x1170684b0>)","((16, 4), <game.Grid object at 0x116fed8d0>)",North,"[((16, 4), <game.Grid object at 0x11706a9e0>), ((17, 5), <game.Grid object at 0x11706aa50>)]",282,282,1752,31,23,54
1753,"((13, 5), <game.Grid object at 0x117068590>)","((12, 5), <game.Grid object at 0x116fed9b0>)",East,"[((13, 4), <game.Grid object at 0x11706aac0>), ((14, 5), <game.Grid object at 0x11706ab30>), ((12, 5), <game.Grid object at 0x11706aba0>)]",282,284,1753,24,30,54
1754,"((13, 5), <game.Grid object at 0x117068670>)","((12, 5), <game.Grid object at 0x116feda90>)",East,"[((13, 4), <game.Grid object at 0x11706ac10>), ((14, 5), <game.Grid object at 0x11706ac80>), ((12, 5), <game.Grid object at 0x11706acf0>)]",284,286,1754,24,30,54
1755,"((15, 3), <game.Grid object at 0x117068750>)","((14, 3), <game.Grid object at 0x116fedbe0>)",East,"[((16, 3), <game.Grid object at 0x11706ad60>), ((14, 3), <game.Grid object at 0x11706add0>)]",286,286,1755,28,26,54
1756,"((16, 5), <game.Grid object at 0x117068830>)","((16, 4), <game.Grid object at 0x116fedcc0>)",North,"[((16, 4), <game.Grid object at 0x11706ae40>), ((17, 5), <game.Grid object at 0x11706aeb0>)]",286,286,1756,31,23,54
1757,"((12, 3), <game.Grid object at 0x117068910>)","((11, 3), <game.Grid object at 0x116fede10>)",East,"[((13, 3), <game.Grid object at 0x11706af20>), ((11, 3), <game.Grid object at 0x11706af90>)]",286,286,1757,25,29,54
1758,"((14, 3), <game.Grid object at 0x117068a60>)","((13, 3), <game.Grid object at 0x116fedf60>)",East,"[((15, 3), <game.Grid object at 0x11706b000>), ((13, 3), <game.Grid object at 0x11706b070>)]",286,286,1758,27,27,54
1759,"((14, 3), <game.Grid object at 0x117068bb0>)","((13, 3), <game.Grid object at 0x116fee040>)",East,"[((15, 3), <game.Grid object at 0x11706b0e0>), ((13, 3), <game.Grid object at 0x11706b150>)]",286,286,1759,27,27,54
1760,"((14, 3), <game.Grid object at 0x117068d00>)","((13, 3), <game.Grid object at 0x116fee120>)",East,"[((15, 3), <game.Grid object at 0x11706b1c0>), ((13, 3), <game.Grid object at 0x11706b230>)]",286,286,1760,27,27,54
1761,"((16, 5), <game.Grid object at 0x117068de0>)","((16, 4), <game.Grid object at 0x116fee190>)",North,"[((16, 4), <game.Grid object at 0x11706b2a0>), ((17, 5), <game.Grid object at 0x11706b310>)]",286,286,1761,31,23,54
1762,"((15, 3), <game.Grid object at 0x117068ec0>)","((14, 3), <game.Grid object at 0x116fee2e0>)",East,"[((16, 3), <game.Grid object at 0x11706b380>), ((14, 3), <game.Grid object at 0x11706b3f0>)]",286,286,1762,28,26,54
1763,"((15, 3), <game.Grid object at 0x117068fa0>)","((14, 3), <game.Grid object at 0x116fee430>)",East,"[((16, 3), <game.Grid object at 0x11706b460>), ((14, 3), <game.Grid object at 0x11706b4d0>)]",286,286,1763,28,26,54
1764,"((15, 3), <game.Grid object at 0x117069080>)","((14, 3), <game.Grid object at 0x116fee580>)",East,"[((16, 3), <game.Grid object at 0x11706b540>), ((14, 3), <game.Grid object at 0x11706b5b0>)]",286,286,1764,28,26,54
1765,"((16, 3), <game.Grid object at 0x117069160>)","((15, 3), <game.Grid object at 0x116fee660>)",East,"[((16, 4), <game.Grid object at 0x11706b620>), ((15, 3), <game.Grid object at 0x11706b690>)]",286,286,1765,29,25,54
1766,"((16, 3), <game.Grid object at 0x117069240>)","((15, 3), <game.Grid object at 0x116fee740>)",East,"[((16, 4), <game.Grid object at 0x11706b700>), ((15, 3), <game.Grid object at 0x11706b770>)]",286,286,1766,29,25,54
1767,"((16, 3), <game.Grid object at 0x117069320>)","((15, 3), <game.Grid object at 0x116fee820>)",East,"[((16, 4), <game.Grid object at 0x11706b7e0>), ((15, 3), <game.Grid object at 0x11706b850>)]",286,286,1767,29,25,54
1768,"((16, 5), <game.Grid object at 0x117069400>)","((16, 4), <game.Grid object at 0x116fee900>)",North,"[((16, 4), <game.Grid object at 0x11706b8c0>), ((17, 5), <game.Grid object at 0x11706b930>)]",286,286,1768,31,23,54
1769,"((16, 5), <game.Grid object at 0x1170694e0>)","((16, 4), <game.Grid object at 0x116fee9e0>)",North,"[((16, 4), <game.Grid object at 0x11706b9a0>), ((17, 5), <game.Grid object at 0x11706ba10>)]",286,286,1769,31,23,54
1770,"((16, 5), <game.Grid object at 0x1170695c0>)","((16, 4), <game.Grid object at 0x116feeac0>)",North,"[((16, 4), <game.Grid object at 0x11706ba80>), ((17, 5), <game.Grid object at 0x11706baf0>)]",286,286,1770,31,23,54
1771,"((16, 5), <game.Grid object at 0x1170696a0>)","((16, 4), <game.Grid object at 0x116feeba0>)",North,"[((16, 4), <game.Grid object at 0x11706bb60>), ((17, 5), <game.Grid object at 0x11706bbd0>)]",286,286,1771,31,23,54
1772,"((16, 5), <game.Grid object at 0x117069780>)","((16, 4), <game.Grid object at 0x116feec80>)",North,"[((16, 4), <game.Grid object at 0x11706bc40>), ((17, 5), <game.Grid object at 0x11706bcb0>)]",286,286,1772,31,23,54
1773,"((16, 5), <game.Grid object at 0x117069860>)","((16, 4), <game.Grid object at 0x116feed60>)",North,"[((16, 4), <game.Grid object at 0x11706bd20>), ((17, 5), <game.Grid object at 0x11706bd90>)]",286,286,1773,31,23,54
1774,"((16, 5), <game.Grid object at 0x117069940>)","((16, 4), <game.Grid object at 0x116feee40>)",North,"[((16, 4), <game.Grid object at 0x11706be00>), ((17, 5), <game.Grid object at 0x11706be70>)]",286,286,1774,31,23,54
1775,"((16, 5), <game.Grid object at 0x117069a20>)","((16, 4), <game.Grid object at 0x116feef20>)",North,"[((16, 4), <game.Grid object at 0x11706bee0>), ((17, 5), <game.Grid object at 0x11706bf50>)]",286,286,1775,31,23,54
1776,"((16, 5), <game.Grid object at 0x117069b00>)","((16, 4), <game.Grid object at 0x116fef000>)",North,"[((16, 4), <game.Grid object at 0x1170e4050>), ((17, 5), <game.Grid object at 0x1170e40c0>)]",286,286,1776,31,23,54
1777,"((6, 3), <game.Grid object at 0x117069be0>)","((5, 3), <game.Grid object at 0x116fef150>)",East,"[((7, 3), <game.Grid object at 0x1170e4130>), ((5, 3), <game.Grid object at 0x1170e41a0>)]",286,286,1777,19,35,54
1778,"((6, 3), <game.Grid object at 0x117069cc0>)","((5, 3), <game.Grid object at 0x116fef2a0>)",East,"[((7, 3), <game.Grid object at 0x1170e4210>), ((5, 3), <game.Grid object at 0x1170e4280>)]",286,286,1778,19,35,54
1779,"((7, 4), <game.Grid object at 0x117069da0>)","((7, 5), <game.Grid object at 0x116fef380>)",South,"[((7, 5), <game.Grid object at 0x1170e42f0>), ((7, 3), <game.Grid object at 0x1170e4360>)]",286,287,1779,19,35,54
1780,"((8, 5), <game.Grid object at 0x117069e10>)","((7, 5), <game.Grid object at 0x116fef380>)",East,"[((9, 5), <game.Grid object at 0x1170e43d0>), ((7, 5), <game.Grid object at 0x1170e4440>)]",287,287,1780,19,35,54
1781,"((7, 3), <game.Grid object at 0x117069ef0>)","((6, 3), <game.Grid object at 0x116fef690>)",East,"[((7, 4), <game.Grid object at 0x1170e44b0>), ((8, 3), <game.Grid object at 0x1170e4520>), ((6, 3), <game.Grid object at 0x1170e4590>)]",287,287,1781,20,34,54
1782,"((8, 3), <game.Grid object at 0x1170e4520>)","((7, 3), <game.Grid object at 0x117069ef0>)",East,"[((9, 3), <game.Grid object at 0x1170e4600>), ((7, 3), <game.Grid object at 0x1170e4670>)]",287,286,1782,21,33,54
1783,"((12, 3), <game.Grid object at 0x117069fd0>)","((11, 3), <game.Grid object at 0x116fefa10>)",East,"[((13, 3), <game.Grid object at 0x1170e46e0>), ((11, 3), <game.Grid object at 0x1170e4750>)]",286,286,1783,25,29,54
1784,"((15, 3), <game.Grid object at 0x11706a0b0>)","((14, 3), <game.Grid object at 0x116fefb60>)",East,"[((16, 3), <game.Grid object at 0x1170e47c0>), ((14, 3), <game.Grid object at 0x1170e4830>)]",286,286,1784,28,26,54
1785,"((15, 3), <game.Grid object at 0x11706a190>)","((14, 3), <game.Grid object at 0x116fefcb0>)",East,"[((16, 3), <game.Grid object at 0x1170e48a0>), ((14, 3), <game.Grid object at 0x1170e4910>)]",286,286,1785,28,26,54
1786,"((11, 5), <game.Grid object at 0x11706a2e0>)","((10, 5), <game.Grid object at 0x116fefd90>)",East,"[((12, 5), <game.Grid object at 0x1170e4980>), ((10, 5), <game.Grid object at 0x1170e49f0>)]",286,286,1786,22,32,54
1787,"((13, 4), <game.Grid object at 0x11706a3c0>)","((13, 5), <game.Grid object at 0x116fefe70>)",South,"[((13, 5), <game.Grid object at 0x1170e4a60>), ((13, 3), <game.Grid object at 0x1170e4ad0>)]",286,286,1787,25,29,54
1788,"((15, 3), <game.Grid object at 0x11706a510>)","((14, 3), <game.Grid object at 0x117068050>)",East,"[((16, 3), <game.Grid object at 0x1170e4b40>), ((14, 3), <game.Grid object at 0x1170e4bb0>)]",286,286,1788,28,26,54
1789,"((16, 5), <game.Grid object at 0x11706a5f0>)","((16, 4), <game.Grid object at 0x117068130>)",North,"[((16, 4), <game.Grid object at 0x1170e4c20>), ((17, 5), <game.Grid object at 0x1170e4c90>)]",286,286,1789,31,23,54
1790,"((11, 5), <game.Grid object at 0x11706a740>)","((10, 5), <game.Grid object at 0x117068210>)",East,"[((12, 5), <game.Grid object at 0x1170e4d00>), ((10, 5), <game.Grid object at 0x1170e4d70>)]",286,286,1790,22,32,54
1791,"((13, 3), <game.Grid object at 0x11706a820>)","((12, 3), <game.Grid object at 0x1170682f0>)",East,"[((13, 4), <game.Grid object at 0x1170e4de0>), ((14, 3), <game.Grid object at 0x1170e4e50>), ((12, 3), <game.Grid object at 0x1170e4ec0>)]",286,287,1791,26,28,54
1792,"((16, 3), <game.Grid object at 0x11706a900>)","((15, 3), <game.Grid object at 0x1170683d0>)",East,"[((16, 4), <game.Grid object at 0x1170e4f30>), ((15, 3), <game.Grid object at 0x1170e4fa0>)]",287,287,1792,29,25,54
1793,"((17, 5), <game.Grid object at 0x11706aa50>)","((16, 5), <game.Grid object at 0x1170684b0>)",East,"[((18, 5), <game.Grid object at 0x1170e5010>), ((16, 5), <game.Grid object at 0x1170e5080>)]",287,287,1793,32,22,54
1794,"((13, 4), <game.Grid object at 0x11706aac0>)","((13, 5), <game.Grid object at 0x117068590>)",South,"[((13, 5), <game.Grid object at 0x1170e50f0>), ((13, 3), <game.Grid object at 0x1170e5160>)]",287,287,1794,25,29,54
1795,"((13, 4), <game.Grid object at 0x11706ac10>)","((13, 5), <game.Grid object at 0x117068670>)",South,"[((13, 5), <game.Grid object at 0x1170e51d0>), ((13, 3), <game.Grid object at 0x1170e5240>)]",287,287,1795,25,29,54
1796,"((16, 3), <game.Grid object at 0x11706ad60>)","((15, 3), <game.Grid object at 0x117068750>)",East,"[((16, 4), <game.Grid object at 0x1170e52b0>), ((15, 3), <game.Grid object at 0x1170e5320>)]",287,287,1796,29,25,54
1797,"((17, 5), <game.Grid object at 0x11706aeb0>)","((16, 5), <game.Grid object at 0x117068830>)",East,"[((18, 5), <game.Grid object at 0x1170e5390>), ((16, 5), <game.Grid object at 0x1170e5400>)]",287,287,1797,32,22,54
1798,"((13, 3), <game.Grid object at 0x11706af20>)","((12, 3), <game.Grid object at 0x117068910>)",East,"[((13, 4), <game.Grid object at 0x1170e5470>), ((14, 3), <game.Grid object at 0x1170e54e0>), ((12, 3), <game.Grid object at 0x1170e5550>)]",287,288,1798,26,28,54
1799,"((15, 3), <game.Grid object at 0x11706b000>)","((14, 3), <game.Grid object at 0x117068a60>)",East,"[((16, 3), <game.Grid object at 0x1170e55c0>), ((14, 3), <game.Grid object at 0x1170e5630>)]",288,288,1799,28,26,54
1800,"((15, 3), <game.Grid object at 0x11706b0e0>)","((14, 3), <game.Grid object at 0x117068bb0>)",East,"[((16, 3), <game.Grid object at 0x1170e56a0>), ((14, 3), <game.Grid object at 0x1170e5710>)]",288,288,1800,28,26,54
1801,"((15, 3), <game.Grid object at 0x11706b1c0>)","((14, 3), <game.Grid object at 0x117068d00>)",East,"[((16, 3), <game.Grid object at 0x1170e5780>), ((14, 3), <game.Grid object at 0x1170e57f0>)]",288,288,1801,28,26,54
1802,"((17, 5), <game.Grid object at 0x11706b310>)","((16, 5), <game.Grid object at 0x117068de0>)",East,"[((18, 5), <game.Grid object at 0x1170e5860>), ((16, 5), <game.Grid object at 0x1170e58d0>)]",288,288,1802,32,22,54
1803,"((16, 3), <game.Grid object at 0x11706b380>)","((15, 3), <game.Grid object at 0x117068ec0>)",East,"[((16, 4), <game.Grid object at 0x1170e5940>), ((15, 3), <game.Grid object at 0x1170e59b0>)]",288,288,1803,29,25,54
1804,"((16, 3), <game.Grid object at 0x11706b460>)","((15, 3), <game.Grid object at 0x117068fa0>)",East,"[((16, 4), <game.Grid object at 0x1170e5a20>), ((15, 3), <game.Grid object at 0x1170e5a90>)]",288,288,1804,29,25,54
1805,"((16, 3), <game.Grid object at 0x11706b540>)","((15, 3), <game.Grid object at 0x117069080>)",East,"[((16, 4), <game.Grid object at 0x1170e5b00>), ((15, 3), <game.Grid object at 0x1170e5b70>)]",288,288,1805,29,25,54
1806,"((16, 4), <game.Grid object at 0x11706b620>)","((16, 3), <game.Grid object at 0x117069160>)",North,"[((16, 5), <game.Grid object at 0x1170e5be0>), ((16, 3), <game.Grid object at 0x1170e5c50>)]",288,288,1806,30,24,54
1807,"((16, 4), <game.Grid object at 0x11706b700>)","((16, 3), <game.Grid object at 0x117069240>)",North,"[((16, 5), <game.Grid object at 0x1170e5cc0>), ((16, 3), <game.Grid object at 0x1170e5d30>)]",288,288,1807,30,24,54
1808,"((16, 4), <game.Grid object at 0x11706b7e0>)","((16, 3), <game.Grid object at 0x117069320>)",North,"[((16, 5), <game.Grid object at 0x1170e5da0>), ((16, 3), <game.Grid object at 0x1170e5e10>)]",288,288,1808,30,24,54
1809,"((17, 5), <game.Grid object at 0x11706b930>)","((16, 5), <game.Grid object at 0x117069400>)",East,"[((18, 5), <game.Grid object at 0x1170e5e80>), ((16, 5), <game.Grid object at 0x1170e5ef0>)]",288,288,1809,32,22,54
1810,"((17, 5), <game.Grid object at 0x11706ba10>)","((16, 5), <game.Grid object at 0x1170694e0>)",East,"[((18, 5), <game.Grid object at 0x1170e5f60>), ((16, 5), <game.Grid object at 0x1170e5fd0>)]",288,288,1810,32,22,54
1811,"((17, 5), <game.Grid object at 0x11706baf0>)","((16, 5), <game.Grid object at 0x1170695c0>)",East,"[((18, 5), <game.Grid object at 0x1170e6040>), ((16, 5), <game.Grid object at 0x1170e60b0>)]",288,288,1811,32,22,54
1812,"((17, 5), <game.Grid object at 0x11706bbd0>)","((16, 5), <game.Grid object at 0x1170696a0>)",East,"[((18, 5), <game.Grid object at 0x1170e6120>), ((16, 5), <game.Grid object at 0x1170e6190>)]",288,288,1812,32,22,54
1813,"((17, 5), <game.Grid object at 0x11706bcb0>)","((16, 5), <game.Grid object at 0x117069780>)",East,"[((18, 5), <game.Grid object at 0x1170e6200>), ((16, 5), <game.Grid object at 0x1170e6270>)]",288,288,1813,32,22,54
1814,"((17, 5), <game.Grid object at 0x11706bd90>)","((16, 5), <game.Grid object at 0x117069860>)",East,"[((18, 5), <game.Grid object at 0x1170e62e0>), ((16, 5), <game.Grid object at 0x1170e6350>)]",288,288,1814,32,22,54
1815,"((17, 5), <game.Grid object at 0x11706be70>)","((16, 5), <game.Grid object at 0x117069940>)",East,"[((18, 5), <game.Grid object at 0x1170e63c0>), ((16, 5), <game.Grid object at 0x1170e6430>)]",288,288,1815,32,22,54
1816,"((17, 5), <game.Grid object at 0x11706bf50>)","((16, 5), <game.Grid object at 0x117069a20>)",East,"[((18, 5), <game.Grid object at 0x1170e64a0>), ((16, 5), <game.Grid object at 0x1170e6510>)]",288,288,1816,32,22,54
1817,"((17, 5), <game.Grid object at 0x1170e40c0>)","((16, 5), <game.Grid object at 0x117069b00>)",East,"[((18, 5), <game.Grid object at 0x1170e6580>), ((16, 5), <game.Grid object at 0x1170e65f0>)]",288,288,1817,32,22,54
1818,"((7, 3), <game.Grid object at 0x1170e4130>)","((6, 3), <game.Grid object at 0x117069be0>)",East,"[((7, 4), <game.Grid object at 0x1170e6660>), ((8, 3), <game.Grid object at 0x1170e66d0>), ((6, 3), <game.Grid object at 0x1170e6740>)]",288,288,1818,20,34,54
1819,"((8, 3), <game.Grid object at 0x1170e66d0>)","((7, 3), <game.Grid object at 0x1170e4130>)",East,"[((9, 3), <game.Grid object at 0x1170e67b0>), ((7, 3), <game.Grid object at 0x1170e6820>)]",288,287,1819,21,33,54
1820,"((7, 3), <game.Grid object at 0x1170e4210>)","((6, 3), <game.Grid object at 0x117069cc0>)",East,"[((7, 4), <game.Grid object at 0x1170e6890>), ((8, 3), <game.Grid object at 0x1170e6900>), ((6, 3), <game.Grid object at 0x1170e6970>)]",287,287,1820,20,34,54
1821,"((8, 3), <game.Grid object at 0x1170e6900>)","((7, 3), <game.Grid object at 0x1170e4210>)",East,"[((9, 3), <game.Grid object at 0x1170e69e0>), ((7, 3), <game.Grid object at 0x1170e6a50>)]",287,286,1821,21,33,54
1822,"((7, 3), <game.Grid object at 0x1170e4360>)","((7, 4), <game.Grid object at 0x117069da0>)",South,"[((7, 4), <game.Grid object at 0x1170e6ac0>), ((8, 3), <game.Grid object at 0x1170e6b30>), ((6, 3), <game.Grid object at 0x1170e6ba0>)]",286,286,1822,20,34,54
1823,"((8, 3), <game.Grid object at 0x1170e6b30>)","((7, 3), <game.Grid object at 0x1170e4360>)",East,"[((9, 3), <game.Grid object at 0x1170e6c10>), ((7, 3), <game.Grid object at 0x1170e6c80>)]",286,285,1823,21,33,54
1824,"((9, 5), <game.Grid object at 0x1170e43d0>)","((8, 5), <game.Grid object at 0x117069e10>)",East,"[((10, 5), <game.Grid object at 0x1170e6cf0>), ((8, 5), <game.Grid object at 0x1170e6d60>)]",285,285,1824,20,34,54
1825,"((13, 3), <game.Grid object at 0x1170e46e0>)","((12, 3), <game.Grid object at 0x117069fd0>)",East,"[((13, 4), <game.Grid object at 0x1170e6dd0>), ((14, 3), <game.Grid object at 0x1170e6e40>), ((12, 3), <game.Grid object at 0x1170e6eb0>)]",285,285,1825,26,28,54
1826,"((16, 3), <game.Grid object at 0x1170e47c0>)","((15, 3), <game.Grid object at 0x11706a0b0>)",East,"[((16, 4), <game.Grid object at 0x1170e6f20>), ((15, 3), <game.Grid object at 0x1170e6f90>)]",285,285,1826,29,25,54
1827,"((16, 3), <game.Grid object at 0x1170e48a0>)","((15, 3), <game.Grid object at 0x11706a190>)",East,"[((16, 4), <game.Grid object at 0x1170e7000>), ((15, 3), <game.Grid object at 0x1170e7070>)]",285,285,1827,29,25,54
1828,"((12, 5), <game.Grid object at 0x1170e4980>)","((11, 5), <game.Grid object at 0x11706a2e0>)",East,"[((13, 5), <game.Grid object at 0x1170e70e0>), ((11, 5), <game.Grid object at 0x1170e7150>)]",285,285,1828,23,31,54
1829,"((13, 3), <game.Grid object at 0x1170e4ad0>)","((13, 4), <game.Grid object at 0x11706a3c0>)",South,"[((13, 4), <game.Grid object at 0x1170e71c0>), ((14, 3), <game.Grid object at 0x1170e7230>), ((12, 3), <game.Grid object at 0x1170e72a0>)]",285,286,1829,26,28,54
1830,"((16, 3), <game.Grid object at 0x1170e4b40>)","((15, 3), <game.Grid object at 0x11706a510>)",East,"[((16, 4), <game.Grid object at 0x1170e7310>), ((15, 3), <game.Grid object at 0x1170e7380>)]",286,286,1830,29,25,54
1831,"((17, 5), <game.Grid object at 0x1170e4c90>)","((16, 5), <game.Grid object at 0x11706a5f0>)",East,"[((18, 5), <game.Grid object at 0x1170e73f0>), ((16, 5), <game.Grid object at 0x1170e7460>)]",286,286,1831,32,22,54
1832,"((12, 5), <game.Grid object at 0x1170e4d00>)","((11, 5), <game.Grid object at 0x11706a740>)",East,"[((13, 5), <game.Grid object at 0x1170e74d0>), ((11, 5), <game.Grid object at 0x1170e7540>)]",286,286,1832,23,31,54
1833,"((14, 3), <game.Grid object at 0x1170e4e50>)","((13, 3), <game.Grid object at 0x11706a820>)",East,"[((15, 3), <game.Grid object at 0x1170e75b0>), ((13, 3), <game.Grid object at 0x1170e7620>)]",286,286,1833,27,27,54
1834,"((16, 4), <game.Grid object at 0x1170e4f30>)","((16, 3), <game.Grid object at 0x11706a900>)",North,"[((16, 5), <game.Grid object at 0x1170e7690>), ((16, 3), <game.Grid object at 0x1170e7700>)]",286,286,1834,30,24,54
1835,"((18, 5), <game.Grid object at 0x1170e5010>)","((17, 5), <game.Grid object at 0x11706aa50>)",East,"[((18, 4), <game.Grid object at 0x1170e7770>), ((17, 5), <game.Grid object at 0x1170e77e0>)]",286,286,1835,33,21,54
1836,"((13, 3), <game.Grid object at 0x1170e5160>)","((13, 4), <game.Grid object at 0x11706aac0>)",South,"[((13, 4), <game.Grid object at 0x1170e7850>), ((14, 3), <game.Grid object at 0x1170e78c0>), ((12, 3), <game.Grid object at 0x1170e7930>)]",286,287,1836,26,28,54
1837,"((13, 3), <game.Grid object at 0x1170e5240>)","((13, 4), <game.Grid object at 0x11706ac10>)",South,"[((13, 4), <game.Grid object at 0x1170e79a0>), ((14, 3), <game.Grid object at 0x1170e7a10>), ((12, 3), <game.Grid object at 0x1170e7a80>)]",287,288,1837,26,28,54
1838,"((16, 4), <game.Grid object at 0x1170e52b0>)","((16, 3), <game.Grid object at 0x11706ad60>)",North,"[((16, 5), <game.Grid object at 0x1170e7af0>), ((16, 3), <game.Grid object at 0x1170e7b60>)]",288,288,1838,30,24,54
1839,"((18, 5), <game.Grid object at 0x1170e5390>)","((17, 5), <game.Grid object at 0x11706aeb0>)",East,"[((18, 4), <game.Grid object at 0x1170e7bd0>), ((17, 5), <game.Grid object at 0x1170e7c40>)]",288,288,1839,33,21,54
1840,"((14, 3), <game.Grid object at 0x1170e54e0>)","((13, 3), <game.Grid object at 0x11706af20>)",East,"[((15, 3), <game.Grid object at 0x1170e7cb0>), ((13, 3), <game.Grid object at 0x1170e7d20>)]",288,288,1840,27,27,54
1841,"((16, 3), <game.Grid object at 0x1170e55c0>)","((15, 3), <game.Grid object at 0x11706b000>)",East,"[((16, 4), <game.Grid object at 0x1170e7d90>), ((15, 3), <game.Grid object at 0x1170e7e00>)]",288,288,1841,29,25,54
1842,"((16, 3), <game.Grid object at 0x1170e56a0>)","((15, 3), <game.Grid object at 0x11706b0e0>)",East,"[((16, 4), <game.Grid object at 0x1170e7e70>), ((15, 3), <game.Grid object at 0x1170e7ee0>)]",288,288,1842,29,25,54
1843,"((16, 3), <game.Grid object at 0x1170e5780>)","((15, 3), <game.Grid object at 0x11706b1c0>)",East,"[((16, 4), <game.Grid object at 0x1170e7f50>), ((15, 3), <game.Grid object at 0x117164050>)]",288,288,1843,29,25,54
1844,"((18, 5), <game.Grid object at 0x1170e5860>)","((17, 5), <game.Grid object at 0x11706b310>)",East,"[((18, 4), <game.Grid object at 0x1171640c0>), ((17, 5), <game.Grid object at 0x117164130>)]",288,288,1844,33,21,54
1845,"((16, 4), <game.Grid object at 0x1170e5940>)","((16, 3), <game.Grid object at 0x11706b380>)",North,"[((16, 5), <game.Grid object at 0x1171641a0>), ((16, 3), <game.Grid object at 0x117164210>)]",288,288,1845,30,24,54
1846,"((16, 4), <game.Grid object at 0x1170e5a20>)","((16, 3), <game.Grid object at 0x11706b460>)",North,"[((16, 5), <game.Grid object at 0x117164280>), ((16, 3), <game.Grid object at 0x1171642f0>)]",288,288,1846,30,24,54
1847,"((16, 4), <game.Grid object at 0x1170e5b00>)","((16, 3), <game.Grid object at 0x11706b540>)",North,"[((16, 5), <game.Grid object at 0x117164360>), ((16, 3), <game.Grid object at 0x1171643d0>)]",288,288,1847,30,24,54
1848,"((16, 5), <game.Grid object at 0x1170e5be0>)","((16, 4), <game.Grid object at 0x11706b620>)",North,"[((16, 4), <game.Grid object at 0x117164440>), ((17, 5), <game.Grid object at 0x1171644b0>)]",288,288,1848,31,23,54
1849,"((16, 5), <game.Grid object at 0x1170e5cc0>)","((16, 4), <game.Grid object at 0x11706b700>)",North,"[((16, 4), <game.Grid object at 0x117164520>), ((17, 5), <game.Grid object at 0x117164590>)]",288,288,1849,31,23,54
1850,"((16, 5), <game.Grid object at 0x1170e5da0>)","((16, 4), <game.Grid object at 0x11706b7e0>)",North,"[((16, 4), <game.Grid object at 0x117164600>), ((17, 5), <game.Grid object at 0x117164670>)]",288,288,1850,31,23,54
1851,"((18, 5), <game.Grid object at 0x1170e5e80>)","((17, 5), <game.Grid object at 0x11706b930>)",East,"[((18, 4), <game.Grid object at 0x1171646e0>), ((17, 5), <game.Grid object at 0x117164750>)]",288,288,1851,33,21,54
1852,"((18, 5), <game.Grid object at 0x1170e5f60>)","((17, 5), <game.Grid object at 0x11706ba10>)",East,"[((18, 4), <game.Grid object at 0x1171647c0>), ((17, 5), <game.Grid object at 0x117164830>)]",288,288,1852,33,21,54
1853,"((18, 5), <game.Grid object at 0x1170e6040>)","((17, 5), <game.Grid object at 0x11706baf0>)",East,"[((18, 4), <game.Grid object at 0x1171648a0>), ((17, 5), <game.Grid object at 0x117164910>)]",288,288,1853,33,21,54
1854,"((18, 5), <game.Grid object at 0x1170e6120>)","((17, 5), <game.Grid object at 0x11706bbd0>)",East,"[((18, 4), <game.Grid object at 0x117164980>), ((17, 5), <game.Grid object at 0x1171649f0>)]",288,288,1854,33,21,54
1855,"((18, 5), <game.Grid object at 0x1170e6200>)","((17, 5), <game.Grid object at 0x11706bcb0>)",East,"[((18, 4), <game.Grid object at 0x117164a60>), ((17, 5), <game.Grid object at 0x117164ad0>)]",288,288,1855,33,21,54
1856,"((18, 5), <game.Grid object at 0x1170e62e0>)","((17, 5), <game.Grid object at 0x11706bd90>)",East,"[((18, 4), <game.Grid object at 0x117164b40>), ((17, 5), <game.Grid object at 0x117164bb0>)]",288,288,1856,33,21,54
1857,"((18, 5), <game.Grid object at 0x1170e63c0>)","((17, 5), <game.Grid object at 0x11706be70>)",East,"[((18, 4), <game.Grid object at 0x117164c20>), ((17, 5), <game.Grid object at 0x117164c90>)]",288,288,1857,33,21,54
1858,"((18, 5), <game.Grid object at 0x1170e64a0>)","((17, 5), <game.Grid object at 0x11706bf50>)",East,"[((18, 4), <game.Grid object at 0x117164d00>), ((17, 5), <game.Grid object at 0x117164d70>)]",288,288,1858,33,21,54
1859,"((18, 5), <game.Grid object at 0x1170e6580>)","((17, 5), <game.Grid object at 0x1170e40c0>)",East,"[((18, 4), <game.Grid object at 0x117164de0>), ((17, 5), <game.Grid object at 0x117164e50>)]",288,288,1859,33,21,54
1860,"((10, 5), <game.Grid object at 0x1170e6cf0>)","((9, 5), <game.Grid object at 0x1170e43d0>)",East,"[((10, 4), <game.Grid object at 0x117164ec0>), ((11, 5), <game.Grid object at 0x117164f30>), ((9, 5), <game.Grid object at 0x117164fa0>)]",288,289,1860,21,33,54
1861,"((14, 3), <game.Grid object at 0x1170e6e40>)","((13, 3), <game.Grid object at 0x1170e46e0>)",East,"[((15, 3), <game.Grid object at 0x117165010>), ((13, 3), <game.Grid object at 0x117165080>)]",289,289,1861,27,27,54
1862,"((16, 4), <game.Grid object at 0x1170e6f20>)","((16, 3), <game.Grid object at 0x1170e47c0>)",North,"[((16, 5), <game.Grid object at 0x1171650f0>), ((16, 3), <game.Grid object at 0x117165160>)]",289,289,1862,30,24,54
1863,"((16, 4), <game.Grid object at 0x1170e7000>)","((16, 3), <game.Grid object at 0x1170e48a0>)",North,"[((16, 5), <game.Grid object at 0x1171651d0>), ((16, 3), <game.Grid object at 0x117165240>)]",289,289,1863,30,24,54
1864,"((13, 5), <game.Grid object at 0x1170e70e0>)","((12, 5), <game.Grid object at 0x1170e4980>)",East,"[((13, 4), <game.Grid object at 0x1171652b0>), ((14, 5), <game.Grid object at 0x117165320>), ((12, 5), <game.Grid object at 0x117165390>)]",289,291,1864,24,30,54
1865,"((14, 3), <game.Grid object at 0x1170e7230>)","((13, 3), <game.Grid object at 0x1170e4ad0>)",East,"[((15, 3), <game.Grid object at 0x117165400>), ((13, 3), <game.Grid object at 0x117165470>)]",291,291,1865,27,27,54
1866,"((16, 4), <game.Grid object at 0x1170e7310>)","((16, 3), <game.Grid object at 0x1170e4b40>)",North,"[((16, 5), <game.Grid object at 0x1171654e0>), ((16, 3), <game.Grid object at 0x117165550>)]",291,291,1866,30,24,54
1867,"((18, 5), <game.Grid object at 0x1170e73f0>)","((17, 5), <game.Grid object at 0x1170e4c90>)",East,"[((18, 4), <game.Grid object at 0x1171655c0>), ((17, 5), <game.Grid object at 0x117165630>)]",291,291,1867,33,21,54
1868,"((13, 5), <game.Grid object at 0x1170e74d0>)","((12, 5), <game.Grid object at 0x1170e4d00>)",East,"[((13, 4), <game.Grid object at 0x1171656a0>), ((14, 5), <game.Grid object at 0x117165710>), ((12, 5), <game.Grid object at 0x117165780>)]",291,293,1868,24,30,54
1869,"((15, 3), <game.Grid object at 0x1170e75b0>)","((14, 3), <game.Grid object at 0x1170e4e50>)",East,"[((16, 3), <game.Grid object at 0x1171657f0>), ((14, 3), <game.Grid object at 0x117165860>)]",293,293,1869,28,26,54
1870,"((16, 5), <game.Grid object at 0x1170e7690>)","((16, 4), <game.Grid object at 0x1170e4f30>)",North,"[((16, 4), <game.Grid object at 0x1171658d0>), ((17, 5), <game.Grid object at 0x117165940>)]",293,293,1870,31,23,54
1871,"((14, 3), <game.Grid object at 0x1170e78c0>)","((13, 3), <game.Grid object at 0x1170e5160>)",East,"[((15, 3), <game.Grid object at 0x1171659b0>), ((13, 3), <game.Grid object at 0x117165a20>)]",293,293,1871,27,27,54
1872,"((14, 3), <game.Grid object at 0x1170e7a10>)","((13, 3), <game.Grid object at 0x1170e5240>)",East,"[((15, 3), <game.Grid object at 0x117165a90>), ((13, 3), <game.Grid object at 0x117165b00>)]",293,293,1872,27,27,54
1873,"((16, 5), <game.Grid object at 0x1170e7af0>)","((16, 4), <game.Grid object at 0x1170e52b0>)",North,"[((16, 4), <game.Grid object at 0x117165b70>), ((17, 5), <game.Grid object at 0x117165be0>)]",293,293,1873,31,23,54
1874,"((15, 3), <game.Grid object at 0x1170e7cb0>)","((14, 3), <game.Grid object at 0x1170e54e0>)",East,"[((16, 3), <game.Grid object at 0x117165c50>), ((14, 3), <game.Grid object at 0x117165cc0>)]",293,293,1874,28,26,54
1875,"((16, 4), <game.Grid object at 0x1170e7d90>)","((16, 3), <game.Grid object at 0x1170e55c0>)",North,"[((16, 5), <game.Grid object at 0x117165d30>), ((16, 3), <game.Grid object at 0x117165da0>)]",293,293,1875,30,24,54
1876,"((16, 4), <game.Grid object at 0x1170e7e70>)","((16, 3), <game.Grid object at 0x1170e56a0>)",North,"[((16, 5), <game.Grid object at 0x117165e10>), ((16, 3), <game.Grid object at 0x117165e80>)]",293,293,1876,30,24,54
1877,"((16, 4), <game.Grid object at 0x1170e7f50>)","((16, 3), <game.Grid object at 0x1170e5780>)",North,"[((16, 5), <game.Grid object at 0x117165ef0>), ((16, 3), <game.Grid object at 0x117165f60>)]",293,293,1877,30,24,54
1878,"((16, 5), <game.Grid object at 0x1171641a0>)","((16, 4), <game.Grid object at 0x1170e5940>)",North,"[((16, 4), <game.Grid object at 0x117165fd0>), ((17, 5), <game.Grid object at 0x117166040>)]",293,293,1878,31,23,54
1879,"((16, 5), <game.Grid object at 0x117164280>)","((16, 4), <game.Grid object at 0x1170e5a20>)",North,"[((16, 4), <game.Grid object at 0x1171660b0>), ((17, 5), <game.Grid object at 0x117166120>)]",293,293,1879,31,23,54
1880,"((16, 5), <game.Grid object at 0x117164360>)","((16, 4), <game.Grid object at 0x1170e5b00>)",North,"[((16, 4), <game.Grid object at 0x117166190>), ((17, 5), <game.Grid object at 0x117166200>)]",293,293,1880,31,23,54
1881,"((17, 5), <game.Grid object at 0x1171644b0>)","((16, 5), <game.Grid object at 0x1170e5be0>)",East,"[((18, 5), <game.Grid object at 0x117166270>), ((16, 5), <game.Grid object at 0x1171662e0>)]",293,293,1881,32,22,54
1882,"((17, 5), <game.Grid object at 0x117164590>)","((16, 5), <game.Grid object at 0x1170e5cc0>)",East,"[((18, 5), <game.Grid object at 0x117166350>), ((16, 5), <game.Grid object at 0x1171663c0>)]",293,293,1882,32,22,54
1883,"((17, 5), <game.Grid object at 0x117164670>)","((16, 5), <game.Grid object at 0x1170e5da0>)",East,"[((18, 5), <game.Grid object at 0x117166430>), ((16, 5), <game.Grid object at 0x1171664a0>)]",293,293,1883,32,22,54
1884,"((18, 4), <game.Grid object at 0x1171646e0>)","((18, 5), <game.Grid object at 0x1170e5e80>)",South,"[((18, 5), <game.Grid object at 0x117166510>), ((18, 3), <game.Grid object at 0x117166580>)]",293,293,1884,34,20,54
1885,"((18, 4), <game.Grid object at 0x117164a60>)","((18, 5), <game.Grid object at 0x1170e6200>)",South,"[((18, 5), <game.Grid object at 0x1171665f0>), ((18, 3), <game.Grid object at 0x117166660>)]",293,293,1885,34,20,54
1886,"((18, 4), <game.Grid object at 0x117164d00>)","((18, 5), <game.Grid object at 0x1170e64a0>)",South,"[((18, 5), <game.Grid object at 0x1171666d0>), ((18, 3), <game.Grid object at 0x117166740>)]",293,293,1886,34,20,54
1887,"((18, 4), <game.Grid object at 0x117164de0>)","((18, 5), <game.Grid object at 0x1170e6580>)",South,"[((18, 5), <game.Grid object at 0x1171667b0>), ((18, 3), <game.Grid object at 0x117166820>)]",293,293,1887,34,20,54
1888,"((10, 4), <game.Grid object at 0x117164ec0>)","((10, 5), <game.Grid object at 0x1170e6cf0>)",South,"[((10, 5), <game.Grid object at 0x117166890>), ((10, 3), <game.Grid object at 0x117166900>)]",293,293,1888,22,32,54
1889,"((11, 5), <game.Grid object at 0x117164f30>)","((10, 5), <game.Grid object at 0x1170e6cf0>)",East,"[((12, 5), <game.Grid object at 0x117166970>), ((10, 5), <game.Grid object at 0x1171669e0>)]",293,293,1889,22,32,54
1890,"((15, 3), <game.Grid object at 0x117165010>)","((14, 3), <game.Grid object at 0x1170e6e40>)",East,"[((16, 3), <game.Grid object at 0x117166a50>), ((14, 3), <game.Grid object at 0x117166ac0>)]",293,293,1890,28,26,54
1891,"((16, 5), <game.Grid object at 0x1171650f0>)","((16, 4), <game.Grid object at 0x1170e6f20>)",North,"[((16, 4), <game.Grid object at 0x117166b30>), ((17, 5), <game.Grid object at 0x117166ba0>)]",293,293,1891,31,23,54
1892,"((16, 5), <game.Grid object at 0x1171651d0>)","((16, 4), <game.Grid object at 0x1170e7000>)",North,"[((16, 4), <game.Grid object at 0x117166c10>), ((17, 5), <game.Grid object at 0x117166c80>)]",293,293,1892,31,23,54
1893,"((13, 4), <game.Grid object at 0x1171652b0>)","((13, 5), <game.Grid object at 0x1170e70e0>)",South,"[((13, 5), <game.Grid object at 0x117166cf0>), ((13, 3), <game.Grid object at 0x117166d60>)]",293,293,1893,25,29,54
1894,"((15, 3), <game.Grid object at 0x117165400>)","((14, 3), <game.Grid object at 0x1170e7230>)",East,"[((16, 3), <game.Grid object at 0x117166dd0>), ((14, 3), <game.Grid object at 0x117166e40>)]",293,293,1894,28,26,54
1895,"((16, 5), <game.Grid object at 0x1171654e0>)","((16, 4), <game.Grid object at 0x1170e7310>)",North,"[((16, 4), <game.Grid object at 0x117166eb0>), ((17, 5), <game.Grid object at 0x117166f20>)]",293,293,1895,31,23,54
1896,"((13, 4), <game.Grid object at 0x1171656a0>)","((13, 5), <game.Grid object at 0x1170e74d0>)",South,"[((13, 5), <game.Grid object at 0x117166f90>), ((13, 3), <game.Grid object at 0x117167000>)]",293,293,1896,25,29,54
1897,"((16, 3), <game.Grid object at 0x1171657f0>)","((15, 3), <game.Grid object at 0x1170e75b0>)",East,"[((16, 4), <game.Grid object at 0x117167070>), ((15, 3), <game.Grid object at 0x1171670e0>)]",293,293,1897,29,25,54
1898,"((17, 5), <game.Grid object at 0x117165940>)","((16, 5), <game.Grid object at 0x1170e7690>)",East,"[((18, 5), <game.Grid object at 0x117167150>), ((16, 5), <game.Grid object at 0x1171671c0>)]",293,293,1898,32,22,54
1899,"((15, 3), <game.Grid object at 0x1171659b0>)","((14, 3), <game.Grid object at 0x1170e78c0>)",East,"[((16, 3), <game.Grid object at 0x117167230>), ((14, 3), <game.Grid object at 0x1171672a0>)]",293,293,1899,28,26,54
1900,"((15, 3), <game.Grid object at 0x117165a90>)","((14, 3), <game.Grid object at 0x1170e7a10>)",East,"[((16, 3), <game.Grid object at 0x117167310>), ((14, 3), <game.Grid object at 0x117167380>)]",293,293,1900,28,26,54
1901,"((17, 5), <game.Grid object at 0x117165be0>)","((16, 5), <game.Grid object at 0x1170e7af0>)",East,"[((18, 5), <game.Grid object at 0x1171673f0>), ((16, 5), <game.Grid object at 0x117167460>)]",293,293,1901,32,22,54
1902,"((16, 3), <game.Grid object at 0x117165c50>)","((15, 3), <game.Grid object at 0x1170e7cb0>)",East,"[((16, 4), <game.Grid object at 0x1171674d0>), ((15, 3), <game.Grid object at 0x117167540>)]",293,293,1902,29,25,54
1903,"((16, 5), <game.Grid object at 0x117165d30>)","((16, 4), <game.Grid object at 0x1170e7d90>)",North,"[((16, 4), <game.Grid object at 0x1171675b0>), ((17, 5), <game.Grid object at 0x117167620>)]",293,293,1903,31,23,54
1904,"((16, 5), <game.Grid object at 0x117165e10>)","((16, 4), <game.Grid object at 0x1170e7e70>)",North,"[((16, 4), <game.Grid object at 0x117167690>), ((17, 5), <game.Grid object at 0x117167700>)]",293,293,1904,31,23,54
1905,"((16, 5), <game.Grid object at 0x117165ef0>)","((16, 4), <game.Grid object at 0x1170e7f50>)",North,"[((16, 4), <game.Grid object at 0x117167770>), ((17, 5), <game.Grid object at 0x1171677e0>)]",293,293,1905,31,23,54
1906,"((17, 5), <game.Grid object at 0x117166040>)","((16, 5), <game.Grid object at 0x1171641a0>)",East,"[((18, 5), <game.Grid object at 0x117167850>), ((16, 5), <game.Grid object at 0x1171678c0>)]",293,293,1906,32,22,54
1907,"((17, 5), <game.Grid object at 0x117166120>)","((16, 5), <game.Grid object at 0x117164280>)",East,"[((18, 5), <game.Grid object at 0x117167930>), ((16, 5), <game.Grid object at 0x1171679a0>)]",293,293,1907,32,22,54
1908,"((17, 5), <game.Grid object at 0x117166200>)","((16, 5), <game.Grid object at 0x117164360>)",East,"[((18, 5), <game.Grid object at 0x117167a10>), ((16, 5), <game.Grid object at 0x117167a80>)]",293,293,1908,32,22,54
1909,"((18, 5), <game.Grid object at 0x117166270>)","((17, 5), <game.Grid object at 0x1171644b0>)",East,"[((18, 4), <game.Grid object at 0x117167af0>), ((17, 5), <game.Grid object at 0x117167b60>)]",293,293,1909,33,21,54
1910,"((18, 5), <game.Grid object at 0x117166350>)","((17, 5), <game.Grid object at 0x117164590>)",East,"[((18, 4), <game.Grid object at 0x117167bd0>), ((17, 5), <game.Grid object at 0x117167c40>)]",293,293,1910,33,21,54
1911,"((18, 5), <game.Grid object at 0x117166430>)","((17, 5), <game.Grid object at 0x117164670>)",East,"[((18, 4), <game.Grid object at 0x117167cb0>), ((17, 5), <game.Grid object at 0x117167d20>)]",293,293,1911,33,21,54
1912,"((18, 3), <game.Grid object at 0x117166580>)","((18, 4), <game.Grid object at 0x1171646e0>)",South,"[((18, 4), <game.Grid object at 0x117167d90>), ((18, 2), <game.Grid object at 0x117167e00>)]",293,293,1912,35,19,54
1913,"((18, 3), <game.Grid object at 0x117166660>)","((18, 4), <game.Grid object at 0x117164a60>)",South,"[((18, 4), <game.Grid object at 0x117167e70>), ((18, 2), <game.Grid object at 0x117167ee0>)]",293,293,1913,35,19,54
1914,"((18, 3), <game.Grid object at 0x117166740>)","((18, 4), <game.Grid object at 0x117164d00>)",South,"[((18, 4), <game.Grid object at 0x117167f50>), ((18, 2), <game.Grid object at 0x1171ec050>)]",293,293,1914,35,19,54
1915,"((18, 3), <game.Grid object at 0x117166820>)","((18, 4), <game.Grid object at 0x117164de0>)",South,"[((18, 4), <game.Grid object at 0x1171ec0c0>), ((18, 2), <game.Grid object at 0x1171ec130>)]",293,293,1915,35,19,54
1916,"((10, 3), <game.Grid object at 0x117166900>)","((10, 4), <game.Grid object at 0x117164ec0>)",South,"[((10, 4), <game.Grid object at 0x1171ec1a0>), ((11, 3), <game.Grid object at 0x1171ec210>), ((9, 3), <game.Grid object at 0x1171ec280>)]",293,294,1916,23,31,54
1917,"((12, 5), <game.Grid object at 0x117166970>)","((11, 5), <game.Grid object at 0x117164f30>)",East,"[((13, 5), <game.Grid object at 0x1171ec2f0>), ((11, 5), <game.Grid object at 0x1171ec360>)]",294,294,1917,23,31,54
1918,"((16, 3), <game.Grid object at 0x117166a50>)","((15, 3), <game.Grid object at 0x117165010>)",East,"[((16, 4), <game.Grid object at 0x1171ec3d0>), ((15, 3), <game.Grid object at 0x1171ec440>)]",294,294,1918,29,25,54
1919,"((17, 5), <game.Grid object at 0x117166ba0>)","((16, 5), <game.Grid object at 0x1171650f0>)",East,"[((18, 5), <game.Grid object at 0x1171ec4b0>), ((16, 5), <game.Grid object at 0x1171ec520>)]",294,294,1919,32,22,54
1920,"((17, 5), <game.Grid object at 0x117166c80>)","((16, 5), <game.Grid object at 0x1171651d0>)",East,"[((18, 5), <game.Grid object at 0x1171ec590>), ((16, 5), <game.Grid object at 0x1171ec600>)]",294,294,1920,32,22,54
1921,"((13, 3), <game.Grid object at 0x117166d60>)","((13, 4), <game.Grid object at 0x1171652b0>)",South,"[((13, 4), <game.Grid object at 0x1171ec670>), ((14, 3), <game.Grid object at 0x1171ec6e0>), ((12, 3), <game.Grid object at 0x1171ec750>)]",294,295,1921,26,28,54
1922,"((16, 3), <game.Grid object at 0x117166dd0>)","((15, 3), <game.Grid object at 0x117165400>)",East,"[((16, 4), <game.Grid object at 0x1171ec7c0>), ((15, 3), <game.Grid object at 0x1171ec830>)]",295,295,1922,29,25,54
1923,"((17, 5), <game.Grid object at 0x117166f20>)","((16, 5), <game.Grid object at 0x1171654e0>)",East,"[((18, 5), <game.Grid object at 0x1171ec8a0>), ((16, 5), <game.Grid object at 0x1171ec910>)]",295,295,1923,32,22,54
1924,"((13, 3), <game.Grid object at 0x117167000>)","((13, 4), <game.Grid object at 0x1171656a0>)",South,"[((13, 4), <game.Grid object at 0x1171ec980>), ((14, 3), <game.Grid object at 0x1171ec9f0>), ((12, 3), <game.Grid object at 0x1171eca60>)]",295,296,1924,26,28,54
1925,"((16, 4), <game.Grid object at 0x117167070>)","((16, 3), <game.Grid object at 0x1171657f0>)",North,"[((16, 5), <game.Grid object at 0x1171ecad0>), ((16, 3), <game.Grid object at 0x1171ecb40>)]",296,296,1925,30,24,54
1926,"((18, 5), <game.Grid object at 0x117167150>)","((17, 5), <game.Grid object at 0x117165940>)",East,"[((18, 4), <game.Grid object at 0x1171ecbb0>), ((17, 5), <game.Grid object at 0x1171ecc20>)]",296,296,1926,33,21,54
1927,"((16, 3), <game.Grid object at 0x117167230>)","((15, 3), <game.Grid object at 0x1171659b0>)",East,"[((16, 4), <game.Grid object at 0x1171ecc90>), ((15, 3), <game.Grid object at 0x1171ecd00>)]",296,296,1927,29,25,54
1928,"((16, 3), <game.Grid object at 0x117167310>)","((15, 3), <game.Grid object at 0x117165a90>)",East,"[((16, 4), <game.Grid object at 0x1171ecd70>), ((15, 3), <game.Grid object at 0x1171ecde0>)]",296,296,1928,29,25,54
1929,"((18, 5), <game.Grid object at 0x1171673f0>)","((17, 5), <game.Grid object at 0x117165be0>)",East,"[((18, 4), <game.Grid object at 0x1171ece50>), ((17, 5), <game.Grid object at 0x1171ecec0>)]",296,296,1929,33,21,54
1930,"((16, 4), <game.Grid object at 0x1171674d0>)","((16, 3), <game.Grid object at 0x117165c50>)",North,"[((16, 5), <game.Grid object at 0x1171ecf30>), ((16, 3), <game.Grid object at 0x1171ecfa0>)]",296,296,1930,30,24,54
1931,"((17, 5), <game.Grid object at 0x117167620>)","((16, 5), <game.Grid object at 0x117165d30>)",East,"[((18, 5), <game.Grid object at 0x1171ed010>), ((16, 5), <game.Grid object at 0x1171ed080>)]",296,296,1931,32,22,54
1932,"((17, 5), <game.Grid object at 0x117167700>)","((16, 5), <game.Grid object at 0x117165e10>)",East,"[((18, 5), <game.Grid object at 0x1171ed0f0>), ((16, 5), <game.Grid object at 0x1171ed160>)]",296,296,1932,32,22,54
1933,"((17, 5), <game.Grid object at 0x1171677e0>)","((16, 5), <game.Grid object at 0x117165ef0>)",East,"[((18, 5), <game.Grid object at 0x1171ed1d0>), ((16, 5), <game.Grid object at 0x1171ed240>)]",296,296,1933,32,22,54
1934,"((18, 5), <game.Grid object at 0x117167850>)","((17, 5), <game.Grid object at 0x117166040>)",East,"[((18, 4), <game.Grid object at 0x1171ed2b0>), ((17, 5), <game.Grid object at 0x1171ed320>)]",296,296,1934,33,21,54
1935,"((18, 5), <game.Grid object at 0x117167930>)","((17, 5), <game.Grid object at 0x117166120>)",East,"[((18, 4), <game.Grid object at 0x1171ed390>), ((17, 5), <game.Grid object at 0x1171ed400>)]",296,296,1935,33,21,54
1936,"((18, 5), <game.Grid object at 0x117167a10>)","((17, 5), <game.Grid object at 0x117166200>)",East,"[((18, 4), <game.Grid object at 0x1171ed470>), ((17, 5), <game.Grid object at 0x1171ed4e0>)]",296,296,1936,33,21,54
1937,"((18, 4), <game.Grid object at 0x117167cb0>)","((18, 5), <game.Grid object at 0x117166430>)",South,"[((18, 5), <game.Grid object at 0x1171ed550>), ((18, 3), <game.Grid object at 0x1171ed5c0>)]",296,296,1937,34,20,54
1938,"((18, 2), <game.Grid object at 0x117167ee0>)","((18, 3), <game.Grid object at 0x117166660>)",South,"[((18, 3), <game.Grid object at 0x1171ed630>), ((18, 1), <game.Grid object at 0x1171ed6a0>)]",296,296,1938,36,18,54
1939,"((11, 3), <game.Grid object at 0x1171ec210>)","((10, 3), <game.Grid object at 0x117166900>)",East,"[((12, 3), <game.Grid object at 0x1171ed710>), ((10, 3), <game.Grid object at 0x1171ed780>)]",296,296,1939,24,30,54
1940,"((13, 5), <game.Grid object at 0x1171ec2f0>)","((12, 5), <game.Grid object at 0x117166970>)",East,"[((13, 4), <game.Grid object at 0x1171ed7f0>), ((14, 5), <game.Grid object at 0x1171ed860>), ((12, 5), <game.Grid object at 0x1171ed8d0>)]",296,298,1940,24,30,54
1941,"((16, 4), <game.Grid object at 0x1171ec3d0>)","((16, 3), <game.Grid object at 0x117166a50>)",North,"[((16, 5), <game.Grid object at 0x1171ed940>), ((16, 3), <game.Grid object at 0x1171ed9b0>)]",298,298,1941,30,24,54
1942,"((18, 5), <game.Grid object at 0x1171ec4b0>)","((17, 5), <game.Grid object at 0x117166ba0>)",East,"[((18, 4), <game.Grid object at 0x1171eda20>), ((17, 5), <game.Grid object at 0x1171eda90>)]",298,298,1942,33,21,54
1943,"((18, 5), <game.Grid object at 0x1171ec590>)","((17, 5), <game.Grid object at 0x117166c80>)",East,"[((18, 4), <game.Grid object at 0x1171edb00>), ((17, 5), <game.Grid object at 0x1171edb70>)]",298,298,1943,33,21,54
1944,"((14, 3), <game.Grid object at 0x1171ec6e0>)","((13, 3), <game.Grid object at 0x117166d60>)",East,"[((15, 3), <game.Grid object at 0x1171edbe0>), ((13, 3), <game.Grid object at 0x1171edc50>)]",298,298,1944,27,27,54
1945,"((16, 4), <game.Grid object at 0x1171ec7c0>)","((16, 3), <game.Grid object at 0x117166dd0>)",North,"[((16, 5), <game.Grid object at 0x1171edcc0>), ((16, 3), <game.Grid object at 0x1171edd30>)]",298,298,1945,30,24,54
1946,"((18, 5), <game.Grid object at 0x1171ec8a0>)","((17, 5), <game.Grid object at 0x117166f20>)",East,"[((18, 4), <game.Grid object at 0x1171edda0>), ((17, 5), <game.Grid object at 0x1171ede10>)]",298,298,1946,33,21,54
1947,"((14, 3), <game.Grid object at 0x1171ec9f0>)","((13, 3), <game.Grid object at 0x117167000>)",East,"[((15, 3), <game.Grid object at 0x1171ede80>), ((13, 3), <game.Grid object at 0x1171edef0>)]",298,298,1947,27,27,54
1948,"((16, 5), <game.Grid object at 0x1171ecad0>)","((16, 4), <game.Grid object at 0x117167070>)",North,"[((16, 4), <game.Grid object at 0x1171edf60>), ((17, 5), <game.Grid object at 0x1171edfd0>)]",298,298,1948,31,23,54
1949,"((16, 4), <game.Grid object at 0x1171ecc90>)","((16, 3), <game.Grid object at 0x117167230>)",North,"[((16, 5), <game.Grid object at 0x1171ee040>), ((16, 3), <game.Grid object at 0x1171ee0b0>)]",298,298,1949,30,24,54
1950,"((16, 4), <game.Grid object at 0x1171ecd70>)","((16, 3), <game.Grid object at 0x117167310>)",North,"[((16, 5), <game.Grid object at 0x1171ee120>), ((16, 3), <game.Grid object at 0x1171ee190>)]",298,298,1950,30,24,54
1951,"((16, 5), <game.Grid object at 0x1171ecf30>)","((16, 4), <game.Grid object at 0x1171674d0>)",North,"[((16, 4), <game.Grid object at 0x1171ee200>), ((17, 5), <game.Grid object at 0x1171ee270>)]",298,298,1951,31,23,54
1952,"((18, 5), <game.Grid object at 0x1171ed010>)","((17, 5), <game.Grid object at 0x117167620>)",East,"[((18, 4), <game.Grid object at 0x1171ee2e0>), ((17, 5), <game.Grid object at 0x1171ee350>)]",298,298,1952,33,21,54
1953,"((18, 5), <game.Grid object at 0x1171ed0f0>)","((17, 5), <game.Grid object at 0x117167700>)",East,"[((18, 4), <game.Grid object at 0x1171ee3c0>), ((17, 5), <game.Grid object at 0x1171ee430>)]",298,298,1953,33,21,54
1954,"((18, 5), <game.Grid object at 0x1171ed1d0>)","((17, 5), <game.Grid object at 0x1171677e0>)",East,"[((18, 4), <game.Grid object at 0x1171ee4a0>), ((17, 5), <game.Grid object at 0x1171ee510>)]",298,298,1954,33,21,54
1955,"((18, 4), <game.Grid object at 0x1171ed2b0>)","((18, 5), <game.Grid object at 0x117167850>)",South,"[((18, 5), <game.Grid object at 0x1171ee580>), ((18, 3), <game.Grid object at 0x1171ee5f0>)]",298,298,1955,34,20,54
1956,"((18, 4), <game.Grid object at 0x1171ed470>)","((18, 5), <game.Grid object at 0x117167a10>)",South,"[((18, 5), <game.Grid object at 0x1171ee660>), ((18, 3), <game.Grid object at 0x1171ee6d0>)]",298,298,1956,34,20,54
1957,"((18, 3), <game.Grid object at 0x1171ed5c0>)","((18, 4), <game.Grid object at 0x117167cb0>)",South,"[((18, 4), <game.Grid object at 0x1171ee740>), ((18, 2), <game.Grid object at 0x1171ee7b0>)]",298,298,1957,35,19,54
1958,"((12, 3), <game.Grid object at 0x1171ed710>)","((11, 3), <game.Grid object at 0x1171ec210>)",East,"[((13, 3), <game.Grid object at 0x1171ee820>), ((11, 3), <game.Grid object at 0x1171ee890>)]",298,298,1958,25,29,54
1959,"((13, 4), <game.Grid object at 0x1171ed7f0>)","((13, 5), <game.Grid object at 0x1171ec2f0>)",South,"[((13, 5), <game.Grid object at 0x1171ee900>), ((13, 3), <game.Grid object at 0x1171ee970>)]",298,299,1959,25,29,54
1960,"((16, 5), <game.Grid object at 0x1171ed940>)","((16, 4), <game.Grid object at 0x1171ec3d0>)",North,"[((16, 4), <game.Grid object at 0x1171ee9e0>), ((17, 5), <game.Grid object at 0x1171eea50>)]",299,299,1960,31,23,54
1961,"((15, 3), <game.Grid object at 0x1171edbe0>)","((14, 3), <game.Grid object at 0x1171ec6e0>)",East,"[((16, 3), <game.Grid object at 0x1171eeac0>), ((14, 3), <game.Grid object at 0x1171eeb30>)]",299,299,1961,28,26,54
1962,"((16, 5), <game.Grid object at 0x1171edcc0>)","((16, 4), <game.Grid object at 0x1171ec7c0>)",North,"[((16, 4), <game.Grid object at 0x1171eeba0>), ((17, 5), <game.Grid object at 0x1171eec10>)]",299,299,1962,31,23,54
1963,"((15, 3), <game.Grid object at 0x1171ede80>)","((14, 3), <game.Grid object at 0x1171ec9f0>)",East,"[((16, 3), <game.Grid object at 0x1171eec80>), ((14, 3), <game.Grid object at 0x1171eecf0>)]",299,299,1963,28,26,54
1964,"((17, 5), <game.Grid object at 0x1171edfd0>)","((16, 5), <game.Grid object at 0x1171ecad0>)",East,"[((18, 5), <game.Grid object at 0x1171eed60>), ((16, 5), <game.Grid object at 0x1171eedd0>)]",299,299,1964,32,22,54
1965,"((16, 5), <game.Grid object at 0x1171ee040>)","((16, 4), <game.Grid object at 0x1171ecc90>)",North,"[((16, 4), <game.Grid object at 0x1171eee40>), ((17, 5), <game.Grid object at 0x1171eeeb0>)]",299,299,1965,31,23,54
1966,"((16, 5), <game.Grid object at 0x1171ee120>)","((16, 4), <game.Grid object at 0x1171ecd70>)",North,"[((16, 4), <game.Grid object at 0x1171eef20>), ((17, 5), <game.Grid object at 0x1171eef90>)]",299,299,1966,31,23,54
1967,"((17, 5), <game.Grid object at 0x1171ee270>)","((16, 5), <game.Grid object at 0x1171ecf30>)",East,"[((18, 5), <game.Grid object at 0x1171ef000>), ((16, 5), <game.Grid object at 0x1171ef070>)]",299,299,1967,32,22,54
1968,"((18, 4), <game.Grid object at 0x1171ee4a0>)","((18, 5), <game.Grid object at 0x1171ed1d0>)",South,"[((18, 5), <game.Grid object at 0x1171ef0e0>), ((18, 3), <game.Grid object at 0x1171ef150>)]",299,299,1968,34,20,54
1969,"((18, 3), <game.Grid object at 0x1171ee5f0>)","((18, 4), <game.Grid object at 0x1171ed2b0>)",South,"[((18, 4), <game.Grid object at 0x1171ef1c0>), ((18, 2), <game.Grid object at 0x1171ef230>)]",299,299,1969,35,19,54
1970,"((18, 3), <game.Grid object at 0x1171ee6d0>)","((18, 4), <game.Grid object at 0x1171ed470>)",South,"[((18, 4), <game.Grid object at 0x1171ef2a0>), ((18, 2), <game.Grid object at 0x1171ef310>)]",299,299,1970,35,19,54
1971,"((13, 3), <game.Grid object at 0x1171ee820>)","((12, 3), <game.Grid object at 0x1171ed710>)",East,"[((13, 4), <game.Grid object at 0x1171ef380>), ((14, 3), <game.Grid object at 0x1171ef3f0>), ((12, 3), <game.Grid object at 0x1171ef460>)]",299,300,1971,26,28,54
1972,"((13, 3), <game.Grid object at 0x1171ee970>)","((13, 4), <game.Grid object at 0x1171ed7f0>)",South,"[((13, 4), <game.Grid object at 0x1171ef4d0>), ((14, 3), <game.Grid object at 0x1171ef540>), ((12, 3), <game.Grid object at 0x1171ef5b0>)]",300,301,1972,26,28,54
1973,"((17, 5), <game.Grid object at 0x1171eea50>)","((16, 5), <game.Grid object at 0x1171ed940>)",East,"[((18, 5), <game.Grid object at 0x1171ef620>), ((16, 5), <game.Grid object at 0x1171ef690>)]",301,301,1973,32,22,54
1974,"((16, 3), <game.Grid object at 0x1171eeac0>)","((15, 3), <game.Grid object at 0x1171edbe0>)",East,"[((16, 4), <game.Grid object at 0x1171ef700>), ((15, 3), <game.Grid object at 0x1171ef770>)]",301,301,1974,29,25,54
1975,"((17, 5), <game.Grid object at 0x1171eec10>)","((16, 5), <game.Grid object at 0x1171edcc0>)",East,"[((18, 5), <game.Grid object at 0x1171ef7e0>), ((16, 5), <game.Grid object at 0x1171ef850>)]",301,301,1975,32,22,54
1976,"((16, 3), <game.Grid object at 0x1171eec80>)","((15, 3), <game.Grid object at 0x1171ede80>)",East,"[((16, 4), <game.Grid object at 0x1171ef8c0>), ((15, 3), <game.Grid object at 0x1171ef930>)]",301,301,1976,29,25,54
1977,"((18, 5), <game.Grid object at 0x1171eed60>)","((17, 5), <game.Grid object at 0x1171edfd0>)",East,"[((18, 4), <game.Grid object at 0x1171ef9a0>), ((17, 5), <game.Grid object at 0x1171efa10>)]",301,301,1977,33,21,54
1978,"((17, 5), <game.Grid object at 0x1171eeeb0>)","((16, 5), <game.Grid object at 0x1171ee040>)",East,"[((18, 5), <game.Grid object at 0x1171efa80>), ((16, 5), <game.Grid object at 0x1171efaf0>)]",301,301,1978,32,22,54
1979,"((17, 5), <game.Grid object at 0x1171eef90>)","((16, 5), <game.Grid object at 0x1171ee120>)",East,"[((18, 5), <game.Grid object at 0x1171efb60>), ((16, 5), <game.Grid object at 0x1171efbd0>)]",301,301,1979,32,22,54
1980,"((18, 5), <game.Grid object at 0x1171ef000>)","((17, 5), <game.Grid object at 0x1171ee270>)",East,"[((18, 4), <game.Grid object at 0x1171efc40>), ((17, 5), <game.Grid object at 0x1171efcb0>)]",301,301,1980,33,21,54
1981,"((18, 3), <game.Grid object at 0x1171ef150>)","((18, 4), <game.Grid object at 0x1171ee4a0>)",South,"[((18, 4), <game.Grid object at 0x1171efd20>), ((18, 2), <game.Grid object at 0x1171efd90>)]",301,301,1981,35,19,54
1982,"((18, 2), <game.Grid object at 0x1171ef310>)","((18, 3), <game.Grid object at 0x1171ee6d0>)",South,"[((18, 3), <game.Grid object at 0x1171efe00>), ((18, 1), <game.Grid object at 0x1171efe70>)]",301,301,1982,36,18,54
1983,"((14, 3), <game.Grid object at 0x1171ef3f0>)","((13, 3), <game.Grid object at 0x1171ee820>)",East,"[((15, 3), <game.Grid object at 0x1171efee0>), ((13, 3), <game.Grid object at 0x1171eff50>)]",301,301,1983,27,27,54
1984,"((14, 3), <game.Grid object at 0x1171ef540>)","((13, 3), <game.Grid object at 0x1171ee970>)",East,"[((15, 3), <game.Grid object at 0x117270050>), ((13, 3), <game.Grid object at 0x1172700c0>)]",301,301,1984,27,27,54
1985,"((18, 5), <game.Grid object at 0x1171ef620>)","((17, 5), <game.Grid object at 0x1171eea50>)",East,"[((18, 4), <game.Grid object at 0x117270130>), ((17, 5), <game.Grid object at 0x1172701a0>)]",301,301,1985,33,21,54
1986,"((16, 4), <game.Grid object at 0x1171ef700>)","((16, 3), <game.Grid object at 0x1171eeac0>)",North,"[((16, 5), <game.Grid object at 0x117270210>), ((16, 3), <game.Grid object at 0x117270280>)]",301,301,1986,30,24,54
1987,"((18, 5), <game.Grid object at 0x1171ef7e0>)","((17, 5), <game.Grid object at 0x1171eec10>)",East,"[((18, 4), <game.Grid object at 0x1172702f0>), ((17, 5), <game.Grid object at 0x117270360>)]",301,301,1987,33,21,54
1988,"((16, 4), <game.Grid object at 0x1171ef8c0>)","((16, 3), <game.Grid object at 0x1171eec80>)",North,"[((16, 5), <game.Grid object at 0x1172703d0>), ((16, 3), <game.Grid object at 0x117270440>)]",301,301,1988,30,24,54
1989,"((18, 5), <game.Grid object at 0x1171efa80>)","((17, 5), <game.Grid object at 0x1171eeeb0>)",East,"[((18, 4), <game.Grid object at 0x1172704b0>), ((17, 5), <game.Grid object at 0x117270520>)]",301,301,1989,33,21,54
1990,"((18, 5), <game.Grid object at 0x1171efb60>)","((17, 5), <game.Grid object at 0x1171eef90>)",East,"[((18, 4), <game.Grid object at 0x117270590>), ((17, 5), <game.Grid object at 0x117270600>)]",301,301,1990,33,21,54
1991,"((18, 4), <game.Grid object at 0x1171efc40>)","((18, 5), <game.Grid object at 0x1171ef000>)",South,"[((18, 5), <game.Grid object at 0x117270670>), ((18, 3), <game.Grid object at 0x1172706e0>)]",301,301,1991,34,20,54
1992,"((15, 3), <game.Grid object at 0x1171efee0>)","((14, 3), <game.Grid object at 0x1171ef3f0>)",East,"[((16, 3), <game.Grid object at 0x117270750>), ((14, 3), <game.Grid object at 0x1172707c0>)]",301,301,1992,28,26,54
1993,"((15, 3), <game.Grid object at 0x117270050>)","((14, 3), <game.Grid object at 0x1171ef540>)",East,"[((16, 3), <game.Grid object at 0x117270830>), ((14, 3), <game.Grid object at 0x1172708a0>)]",301,301,1993,28,26,54
1994,"((16, 5), <game.Grid object at 0x117270210>)","((16, 4), <game.Grid object at 0x1171ef700>)",North,"[((16, 4), <game.Grid object at 0x117270910>), ((17, 5), <game.Grid object at 0x117270980>)]",301,301,1994,31,23,54
1995,"((16, 5), <game.Grid object at 0x1172703d0>)","((16, 4), <game.Grid object at 0x1171ef8c0>)",North,"[((16, 4), <game.Grid object at 0x1172709f0>), ((17, 5), <game.Grid object at 0x117270a60>)]",301,301,1995,31,23,54
1996,"((18, 4), <game.Grid object at 0x117270590>)","((18, 5), <game.Grid object at 0x1171efb60>)",South,"[((18, 5), <game.Grid object at 0x117270ad0>), ((18, 3), <game.Grid object at 0x117270b40>)]",301,301,1996,34,20,54
1997,"((18, 3), <game.Grid object at 0x1172706e0>)","((18, 4), <game.Grid object at 0x1171efc40>)",South,"[((18, 4), <game.Grid object at 0x117270bb0>), ((18, 2), <game.Grid object at 0x117270c20>)]",301,301,1997,35,19,54
1998,"((16, 3), <game.Grid object at 0x117270750>)","((15, 3), <game.Grid object at 0x1171efee0>)",East,"[((16, 4), <game.Grid object at 0x117270c90>), ((15, 3), <game.Grid object at 0x117270d00>)]",301,301,1998,29,25,54
1999,"((16, 3), <game.Grid object at 0x117270830>)","((15, 3), <game.Grid object at 0x117270050>)",East,"[((16, 4), <game.Grid object at 0x117270d70>), ((15, 3), <game.Grid object at 0x117270de0>)]",301,301,1999,29,25,54
2000,"((17, 5), <game.Grid object at 0x117270980>)","((16, 5), <game.Grid object at 0x117270210>)",East,"[((18, 5), <game.Grid object at 0x117270e50>), ((16, 5), <game.Grid object at 0x117270ec0>)]",301,301,2000,32,22,54
2001,"((17, 5), <game.Grid object at 0x117270a60>)","((16, 5), <game.Grid object at 0x1172703d0>)",East,"[((18, 5), <game.Grid object at 0x117270f30>), ((16, 5), <game.Grid object at 0x117270fa0>)]",301,301,2001,32,22,54
2002,"((18, 3), <game.Grid object at 0x117270b40>)","((18, 4), <game.Grid object at 0x117270590>)",South,"[((18, 4), <game.Grid object at 0x117271010>), ((18, 2), <game.Grid object at 0x117271080>)]",301,301,2002,35,19,54
2003,"((18, 2), <game.Grid object at 0x117270c20>)","((18, 3), <game.Grid object at 0x1172706e0>)",South,"[((18, 3), <game.Grid object at 0x1172710f0>), ((18, 1), <game.Grid object at 0x117271160>)]",301,301,2003,36,18,54
2004,"((16, 4), <game.Grid object at 0x117270c90>)","((16, 3), <game.Grid object at 0x117270750>)",North,"[((16, 5), <game.Grid object at 0x1172711d0>), ((16, 3), <game.Grid object at 0x117271240>)]",301,301,2004,30,24,54
2005,"((16, 4), <game.Grid object at 0x117270d70>)","((16, 3), <game.Grid object at 0x117270830>)",North,"[((16, 5), <game.Grid object at 0x1172712b0>), ((16, 3), <game.Grid object at 0x117271320>)]",301,301,2005,30,24,54
2006,"((18, 5), <game.Grid object at 0x117270e50>)","((17, 5), <game.Grid object at 0x117270980>)",East,"[((18, 4), <game.Grid object at 0x117271390>), ((17, 5), <game.Grid object at 0x117271400>)]",301,301,2006,33,21,54
2007,"((18, 5), <game.Grid object at 0x117270f30>)","((17, 5), <game.Grid object at 0x117270a60>)",East,"[((18, 4), <game.Grid object at 0x117271470>), ((17, 5), <game.Grid object at 0x1172714e0>)]",301,301,2007,33,21,54
2008,"((18, 1), <game.Grid object at 0x117271160>)","((18, 2), <game.Grid object at 0x117270c20>)",South,"[((18, 2), <game.Grid object at 0x117271550>), ((17, 1), <game.Grid object at 0x1172715c0>)]",301,301,2008,37,17,54
2009,"((16, 5), <game.Grid object at 0x1172711d0>)","((16, 4), <game.Grid object at 0x117270c90>)",North,"[((16, 4), <game.Grid object at 0x117271630>), ((17, 5), <game.Grid object at 0x1172716a0>)]",301,301,2009,31,23,54
2010,"((16, 5), <game.Grid object at 0x1172712b0>)","((16, 4), <game.Grid object at 0x117270d70>)",North,"[((16, 4), <game.Grid object at 0x117271710>), ((17, 5), <game.Grid object at 0x117271780>)]",301,301,2010,31,23,54
2011,"((18, 4), <game.Grid object at 0x117271470>)","((18, 5), <game.Grid object at 0x117270f30>)",South,"[((18, 5), <game.Grid object at 0x1172717f0>), ((18, 3), <game.Grid object at 0x117271860>)]",301,301,2011,34,20,54
2012,"((17, 1), <game.Grid object at 0x1172715c0>)","((18, 1), <game.Grid object at 0x117271160>)",West,"[((18, 1), <game.Grid object at 0x1172718d0>), ((16, 1), <game.Grid object at 0x117271940>)]",301,301,2012,38,16,54
2013,"((17, 5), <game.Grid object at 0x1172716a0>)","((16, 5), <game.Grid object at 0x1172711d0>)",East,"[((18, 5), <game.Grid object at 0x1172719b0>), ((16, 5), <game.Grid object at 0x117271a20>)]",301,301,2013,32,22,54
2014,"((17, 5), <game.Grid object at 0x117271780>)","((16, 5), <game.Grid object at 0x1172712b0>)",East,"[((18, 5), <game.Grid object at 0x117271a90>), ((16, 5), <game.Grid object at 0x117271b00>)]",301,301,2014,32,22,54
2015,"((18, 3), <game.Grid object at 0x117271860>)","((18, 4), <game.Grid object at 0x117271470>)",South,"[((18, 4), <game.Grid object at 0x117271b70>), ((18, 2), <game.Grid object at 0x117271be0>)]",301,301,2015,35,19,54
2016,"((18, 5), <game.Grid object at 0x1172719b0>)","((17, 5), <game.Grid object at 0x1172716a0>)",East,"[((18, 4), <game.Grid object at 0x117271c50>), ((17, 5), <game.Grid object at 0x117271cc0>)]",301,301,2016,33,21,54
2017,"((18, 5), <game.Grid object at 0x117271a90>)","((17, 5), <game.Grid object at 0x117271780>)",East,"[((18, 4), <game.Grid object at 0x117271d30>), ((17, 5), <game.Grid object at 0x117271da0>)]",301,301,2017,33,21,54
2018,"((18, 2), <game.Grid object at 0x117271be0>)","((18, 3), <game.Grid object at 0x117271860>)",South,"[((18, 3), <game.Grid object at 0x117271e10>), ((18, 1), <game.Grid object at 0x117271e80>)]",301,301,2018,36,18,54
2019,"((18, 3), <game.Grid object at 0x116d0f620>)","((18, 4), <game.Grid object at 0x116d0e270>)",South,"[((18, 4), <game.Grid object at 0x117271ef0>), ((18, 2), <game.Grid object at 0x117271f60>)]",301,301,2019,33,22,55
2020,"((18, 3), <game.Grid object at 0x116d0f700>)","((18, 4), <game.Grid object at 0x116d0e350>)",South,"[((18, 4), <game.Grid object at 0x117271fd0>), ((18, 2), <game.Grid object at 0x117272040>)]",301,301,2020,33,22,55
2021,"((18, 3), <game.Grid object at 0x116d0f7e0>)","((18, 4), <game.Grid object at 0x116d0e430>)",South,"[((18, 4), <game.Grid object at 0x1172720b0>), ((18, 2), <game.Grid object at 0x117272120>)]",301,301,2021,33,22,55
2022,"((18, 3), <game.Grid object at 0x116d0f8c0>)","((18, 4), <game.Grid object at 0x116d0e510>)",South,"[((18, 4), <game.Grid object at 0x117272190>), ((18, 2), <game.Grid object at 0x117272200>)]",301,301,2022,33,22,55
2023,"((18, 3), <game.Grid object at 0x116d0f9a0>)","((18, 4), <game.Grid object at 0x116d0e6d0>)",South,"[((18, 4), <game.Grid object at 0x117272270>), ((18, 2), <game.Grid object at 0x1172722e0>)]",301,301,2023,33,22,55
2024,"((18, 3), <game.Grid object at 0x116d0fa80>)","((18, 4), <game.Grid object at 0x116d0e7b0>)",South,"[((18, 4), <game.Grid object at 0x117272350>), ((18, 2), <game.Grid object at 0x1172723c0>)]",301,301,2024,33,22,55
2025,"((18, 3), <game.Grid object at 0x116d0fb60>)","((18, 4), <game.Grid object at 0x116d0e890>)",South,"[((18, 4), <game.Grid object at 0x117272430>), ((18, 2), <game.Grid object at 0x1172724a0>)]",301,301,2025,33,22,55
2026,"((17, 1), <game.Grid object at 0x116d0fc40>)","((18, 1), <game.Grid object at 0x116d0f540>)",West,"[((18, 1), <game.Grid object at 0x117272510>), ((16, 1), <game.Grid object at 0x117272580>)]",301,301,2026,36,19,55
2027,"((18, 4), <game.Grid object at 0x1171647c0>)","((18, 5), <game.Grid object at 0x1170e5f60>)",South,"[((18, 5), <game.Grid object at 0x1172725f0>), ((18, 3), <game.Grid object at 0x117272660>)]",301,301,2027,34,21,55
2028,"((18, 4), <game.Grid object at 0x1171648a0>)","((18, 5), <game.Grid object at 0x1170e6040>)",South,"[((18, 5), <game.Grid object at 0x1172726d0>), ((18, 3), <game.Grid object at 0x117272740>)]",301,301,2028,34,21,55
2029,"((18, 4), <game.Grid object at 0x117164980>)","((18, 5), <game.Grid object at 0x1170e6120>)",South,"[((18, 5), <game.Grid object at 0x1172727b0>), ((18, 3), <game.Grid object at 0x117272820>)]",301,301,2029,34,21,55
2030,"((18, 4), <game.Grid object at 0x117164b40>)","((18, 5), <game.Grid object at 0x1170e62e0>)",South,"[((18, 5), <game.Grid object at 0x117272890>), ((18, 3), <game.Grid object at 0x117272900>)]",301,301,2030,34,21,55
2031,"((18, 4), <game.Grid object at 0x117164c20>)","((18, 5), <game.Grid object at 0x1170e63c0>)",South,"[((18, 5), <game.Grid object at 0x117272970>), ((18, 3), <game.Grid object at 0x1172729e0>)]",301,301,2031,34,21,55
2032,"((18, 4), <game.Grid object at 0x117167af0>)","((18, 5), <game.Grid object at 0x117166270>)",South,"[((18, 5), <game.Grid object at 0x117272a50>), ((18, 3), <game.Grid object at 0x117272ac0>)]",301,301,2032,34,21,55
2033,"((18, 4), <game.Grid object at 0x117167bd0>)","((18, 5), <game.Grid object at 0x117166350>)",South,"[((18, 5), <game.Grid object at 0x117272b30>), ((18, 3), <game.Grid object at 0x117272ba0>)]",301,301,2033,34,21,55
2034,"((18, 4), <game.Grid object at 0x1171ed390>)","((18, 5), <game.Grid object at 0x117167930>)",South,"[((18, 5), <game.Grid object at 0x117272c10>), ((18, 3), <game.Grid object at 0x117272c80>)]",301,301,2034,34,21,55
2035,"((18, 1), <game.Grid object at 0x1171ed6a0>)","((18, 2), <game.Grid object at 0x117167ee0>)",South,"[((18, 2), <game.Grid object at 0x117272cf0>), ((17, 1), <game.Grid object at 0x117272d60>)]",301,301,2035,37,18,55
2036,"((18, 4), <game.Grid object at 0x1171ee2e0>)","((18, 5), <game.Grid object at 0x1171ed010>)",South,"[((18, 5), <game.Grid object at 0x117272dd0>), ((18, 3), <game.Grid object at 0x117272e40>)]",301,301,2036,34,21,55
2037,"((18, 4), <game.Grid object at 0x1171ee3c0>)","((18, 5), <game.Grid object at 0x1171ed0f0>)",South,"[((18, 5), <game.Grid object at 0x117272eb0>), ((18, 3), <game.Grid object at 0x117272f20>)]",301,301,2037,34,21,55
2038,"((18, 1), <game.Grid object at 0x1171efe70>)","((18, 2), <game.Grid object at 0x1171ef310>)",South,"[((18, 2), <game.Grid object at 0x117272f90>), ((17, 1), <game.Grid object at 0x117273000>)]",301,301,2038,37,18,55
2039,"((18, 4), <game.Grid object at 0x1172704b0>)","((18, 5), <game.Grid object at 0x1171efa80>)",South,"[((18, 5), <game.Grid object at 0x117273070>), ((18, 3), <game.Grid object at 0x1172730e0>)]",301,301,2039,34,21,55
2040,"((18, 4), <game.Grid object at 0x117271c50>)","((18, 5), <game.Grid object at 0x1172719b0>)",South,"[((18, 5), <game.Grid object at 0x117273150>), ((18, 3), <game.Grid object at 0x1172731c0>)]",301,301,2040,34,21,55
2041,"((18, 4), <game.Grid object at 0x117271d30>)","((18, 5), <game.Grid object at 0x117271a90>)",South,"[((18, 5), <game.Grid object at 0x117273230>), ((18, 3), <game.Grid object at 0x1172732a0>)]",301,301,2041,34,21,55
2042,"((18, 1), <game.Grid object at 0x117271e80>)","((18, 2), <game.Grid object at 0x117271be0>)",South,"[((18, 2), <game.Grid object at 0x117273310>), ((17, 1), <game.Grid object at 0x117273380>)]",301,301,2042,37,18,55
2043,"((3, 5), <game.Grid object at 0x116d0ff50>)","((4, 5), <game.Grid object at 0x1169c7a80>)",West,"[((4, 5), <game.Grid object at 0x1172733f0>), ((2, 5), <game.Grid object at 0x117273460>)]",301,301,2043,16,40,56
2044,"((10, 1), <game.Grid object at 0x116d8c0c0>)","((11, 1), <game.Grid object at 0x1169c7b60>)",West,"[((11, 1), <game.Grid object at 0x1172734d0>), ((9, 1), <game.Grid object at 0x117273540>)]",301,301,2044,23,33,56
2045,"((1, 5), <game.Grid object at 0x116d8c1a0>)","((2, 5), <game.Grid object at 0x1169c7c40>)",West,"[((1, 4), <game.Grid object at 0x1172735b0>), ((2, 5), <game.Grid object at 0x117273620>)]",301,302,2045,14,42,56
2046,"((1, 5), <game.Grid object at 0x116d8c2f0>)","((2, 5), <game.Grid object at 0x1169c7d90>)",West,"[((1, 4), <game.Grid object at 0x117273690>), ((2, 5), <game.Grid object at 0x117273700>)]",302,303,2046,14,42,56
2047,"((1, 5), <game.Grid object at 0x116d8c3d0>)","((1, 4), <game.Grid object at 0x1169c7e70>)",North,"[((1, 4), <game.Grid object at 0x117273770>), ((2, 5), <game.Grid object at 0x1172737e0>)]",303,303,2047,14,42,56
2048,"((4, 5), <game.Grid object at 0x116d8c600>)","((5, 5), <game.Grid object at 0x116a3c0c0>)",West,"[((4, 4), <game.Grid object at 0x117273850>), ((5, 5), <game.Grid object at 0x1172738c0>), ((3, 5), <game.Grid object at 0x117273930>)]",303,303,2048,17,39,56
2049,"((4, 5), <game.Grid object at 0x116d8c6e0>)","((5, 5), <game.Grid object at 0x116a3c1a0>)",West,"[((4, 4), <game.Grid object at 0x1172739a0>), ((5, 5), <game.Grid object at 0x117273a10>), ((3, 5), <game.Grid object at 0x117273a80>)]",303,303,2049,17,39,56
2050,"((4, 5), <game.Grid object at 0x116d8c750>)","((4, 4), <game.Grid object at 0x116a3c210>)",North,"[((4, 4), <game.Grid object at 0x117273af0>), ((5, 5), <game.Grid object at 0x117273b60>), ((3, 5), <game.Grid object at 0x117273bd0>)]",303,304,2050,17,39,56
2051,"((2, 3), <game.Grid object at 0x116d8c8a0>)","((3, 3), <game.Grid object at 0x116a3c2f0>)",West,"[((3, 3), <game.Grid object at 0x117273c40>), ((1, 3), <game.Grid object at 0x117273cb0>)]",304,304,2051,17,39,56
2052,"((4, 5), <game.Grid object at 0x116d8c980>)","((5, 5), <game.Grid object at 0x116a3c3d0>)",West,"[((4, 4), <game.Grid object at 0x117273d20>), ((5, 5), <game.Grid object at 0x117273d90>), ((3, 5), <game.Grid object at 0x117273e00>)]",304,304,2052,17,39,56
2053,"((11, 1), <game.Grid object at 0x116d8ca60>)","((12, 1), <game.Grid object at 0x116a3c4b0>)",West,"[((12, 1), <game.Grid object at 0x117273e70>), ((10, 1), <game.Grid object at 0x117273ee0>)]",304,304,2053,24,32,56
2054,"((11, 1), <game.Grid object at 0x116d8cb40>)","((12, 1), <game.Grid object at 0x116a3c590>)",West,"[((12, 1), <game.Grid object at 0x117273f50>), ((10, 1), <game.Grid object at 0x1172f4050>)]",304,304,2054,24,32,56
2055,"((5, 5), <game.Grid object at 0x116d8cc20>)","((6, 5), <game.Grid object at 0x116a3c6e0>)",West,"[((6, 5), <game.Grid object at 0x1172f40c0>), ((4, 5), <game.Grid object at 0x1172f4130>)]",304,304,2055,18,38,56
2056,"((4, 4), <game.Grid object at 0x116d8cc90>)","((4, 3), <game.Grid object at 0x116a3c7c0>)",North,"[((4, 5), <game.Grid object at 0x1172f41a0>), ((4, 3), <game.Grid object at 0x1172f4210>)]",304,305,2056,18,38,56
2057,"((3, 3), <game.Grid object at 0x116d8cd70>)","((4, 3), <game.Grid object at 0x116a3c7c0>)",West,"[((4, 3), <game.Grid object at 0x1172f4280>), ((2, 3), <game.Grid object at 0x1172f42f0>)]",305,305,2057,18,38,56
2058,"((3, 3), <game.Grid object at 0x116d8cec0>)","((4, 3), <game.Grid object at 0x116a3c8a0>)",West,"[((4, 3), <game.Grid object at 0x1172f4360>), ((2, 3), <game.Grid object at 0x1172f43d0>)]",305,305,2058,18,38,56
2059,"((3, 5), <game.Grid object at 0x116d8d010>)","((4, 5), <game.Grid object at 0x116a3c980>)",West,"[((4, 5), <game.Grid object at 0x1172f4440>), ((2, 5), <game.Grid object at 0x1172f44b0>)]",305,305,2059,16,40,56
2060,"((5, 5), <game.Grid object at 0x116d8d0f0>)","((6, 5), <game.Grid object at 0x116a3cad0>)",West,"[((6, 5), <game.Grid object at 0x1172f4520>), ((4, 5), <game.Grid object at 0x1172f4590>)]",305,305,2060,18,38,56
2061,"((4, 4), <game.Grid object at 0x116d8d160>)","((4, 3), <game.Grid object at 0x116a3cbb0>)",North,"[((4, 5), <game.Grid object at 0x1172f4600>), ((4, 3), <game.Grid object at 0x1172f4670>)]",305,306,2061,18,38,56
2062,"((3, 3), <game.Grid object at 0x116d8d240>)","((4, 3), <game.Grid object at 0x116a3cbb0>)",West,"[((4, 3), <game.Grid object at 0x1172f46e0>), ((2, 3), <game.Grid object at 0x1172f4750>)]",306,306,2062,18,38,56
2063,"((12, 1), <game.Grid object at 0x116d8d320>)","((13, 1), <game.Grid object at 0x116a3cc90>)",West,"[((13, 1), <game.Grid object at 0x1172f47c0>), ((11, 1), <game.Grid object at 0x1172f4830>)]",306,306,2063,25,31,56
2064,"((12, 1), <game.Grid object at 0x116d8d400>)","((13, 1), <game.Grid object at 0x116a3cd70>)",West,"[((13, 1), <game.Grid object at 0x1172f48a0>), ((11, 1), <game.Grid object at 0x1172f4910>)]",306,306,2064,25,31,56
2065,"((12, 1), <game.Grid object at 0x116d8d4e0>)","((13, 1), <game.Grid object at 0x116a3ce50>)",West,"[((13, 1), <game.Grid object at 0x1172f4980>), ((11, 1), <game.Grid object at 0x1172f49f0>)]",306,306,2065,25,31,56
2066,"((4, 5), <game.Grid object at 0x116d8d8d0>)","((5, 5), <game.Grid object at 0x116a3d0f0>)",West,"[((4, 4), <game.Grid object at 0x1172f4a60>), ((5, 5), <game.Grid object at 0x1172f4ad0>), ((3, 5), <game.Grid object at 0x1172f4b40>)]",306,307,2066,17,39,56
2067,"((4, 5), <game.Grid object at 0x116d8d9b0>)","((5, 5), <game.Grid object at 0x116a3d1d0>)",West,"[((4, 4), <game.Grid object at 0x1172f4bb0>), ((5, 5), <game.Grid object at 0x1172f4c20>), ((3, 5), <game.Grid object at 0x1172f4c90>)]",307,308,2067,17,39,56
2068,"((5, 5), <game.Grid object at 0x116d8da90>)","((6, 5), <game.Grid object at 0x116a3d320>)",West,"[((6, 5), <game.Grid object at 0x1172f4d00>), ((4, 5), <game.Grid object at 0x1172f4d70>)]",308,308,2068,18,38,56
2069,"((4, 3), <game.Grid object at 0x116d8db70>)","((5, 3), <game.Grid object at 0x116a3d400>)",West,"[((4, 4), <game.Grid object at 0x1172f4de0>), ((5, 3), <game.Grid object at 0x1172f4e50>), ((3, 3), <game.Grid object at 0x1172f4ec0>)]",308,308,2069,19,37,56
2070,"((6, 5), <game.Grid object at 0x116d8dcc0>)","((7, 5), <game.Grid object at 0x116a3d470>)",West,"[((7, 5), <game.Grid object at 0x1172f4f30>), ((5, 5), <game.Grid object at 0x1172f4fa0>)]",308,308,2070,19,37,56
2071,"((4, 3), <game.Grid object at 0x116d8dda0>)","((5, 3), <game.Grid object at 0x116a3d5c0>)",West,"[((4, 4), <game.Grid object at 0x1172f5010>), ((5, 3), <game.Grid object at 0x1172f5080>), ((3, 3), <game.Grid object at 0x1172f50f0>)]",308,309,2071,19,37,56
2072,"((13, 1), <game.Grid object at 0x116d8de80>)","((14, 1), <game.Grid object at 0x116a3d6a0>)",West,"[((14, 1), <game.Grid object at 0x1172f5160>), ((12, 1), <game.Grid object at 0x1172f51d0>)]",309,309,2072,26,30,56
2073,"((13, 1), <game.Grid object at 0x116d8df60>)","((14, 1), <game.Grid object at 0x116a3d780>)",West,"[((14, 1), <game.Grid object at 0x1172f5240>), ((12, 1), <game.Grid object at 0x1172f52b0>)]",309,309,2073,26,30,56
2074,"((13, 1), <game.Grid object at 0x116d8e040>)","((14, 1), <game.Grid object at 0x116a3d860>)",West,"[((14, 1), <game.Grid object at 0x1172f5320>), ((12, 1), <game.Grid object at 0x1172f5390>)]",309,309,2074,26,30,56
2075,"((5, 5), <game.Grid object at 0x116d8e120>)","((6, 5), <game.Grid object at 0x116a3db70>)",West,"[((6, 5), <game.Grid object at 0x1172f5400>), ((4, 5), <game.Grid object at 0x1172f5470>)]",309,309,2075,18,38,56
2076,"((14, 1), <game.Grid object at 0x116d8e200>)","((15, 1), <game.Grid object at 0x116a3dc50>)",West,"[((15, 1), <game.Grid object at 0x1172f54e0>), ((13, 1), <game.Grid object at 0x1172f5550>)]",309,309,2076,27,29,56
2077,"((14, 1), <game.Grid object at 0x116d8e2e0>)","((15, 1), <game.Grid object at 0x116a3dd30>)",West,"[((15, 1), <game.Grid object at 0x1172f55c0>), ((13, 1), <game.Grid object at 0x1172f5630>)]",309,309,2077,27,29,56
2078,"((14, 1), <game.Grid object at 0x116d8e3c0>)","((15, 1), <game.Grid object at 0x116a3de10>)",West,"[((15, 1), <game.Grid object at 0x1172f56a0>), ((13, 1), <game.Grid object at 0x1172f5710>)]",309,309,2078,27,29,56
2079,"((2, 5), <game.Grid object at 0x116d8e4a0>)","((3, 5), <game.Grid object at 0x116a3df60>)",West,"[((3, 5), <game.Grid object at 0x1172f5780>), ((1, 5), <game.Grid object at 0x1172f57f0>)]",309,309,2079,15,41,56
2080,"((1, 4), <game.Grid object at 0x116d8e510>)","((1, 3), <game.Grid object at 0x116a3e120>)",North,"[((1, 5), <game.Grid object at 0x1172f5860>), ((1, 3), <game.Grid object at 0x1172f58d0>)]",309,310,2080,15,41,56
2081,"((6, 5), <game.Grid object at 0x116d8e6d0>)","((7, 5), <game.Grid object at 0x116a3e270>)",West,"[((7, 5), <game.Grid object at 0x1172f5940>), ((5, 5), <game.Grid object at 0x1172f59b0>)]",310,310,2081,19,37,56
2082,"((3, 3), <game.Grid object at 0x116d8e820>)","((4, 3), <game.Grid object at 0x116a3e350>)",West,"[((4, 3), <game.Grid object at 0x1172f5a20>), ((2, 3), <game.Grid object at 0x1172f5a90>)]",310,310,2082,18,38,56
2083,"((15, 1), <game.Grid object at 0x116d8e9e0>)","((16, 1), <game.Grid object at 0x116a3e660>)",West,"[((16, 1), <game.Grid object at 0x1172f5b00>), ((14, 1), <game.Grid object at 0x1172f5b70>)]",310,310,2083,28,28,56
2084,"((15, 1), <game.Grid object at 0x116d8eac0>)","((16, 1), <game.Grid object at 0x116a3e740>)",West,"[((16, 1), <game.Grid object at 0x1172f5be0>), ((14, 1), <game.Grid object at 0x1172f5c50>)]",310,310,2084,28,28,56
2085,"((15, 1), <game.Grid object at 0x116d8eba0>)","((16, 1), <game.Grid object at 0x116a3e820>)",West,"[((16, 1), <game.Grid object at 0x1172f5cc0>), ((14, 1), <game.Grid object at 0x1172f5d30>)]",310,310,2085,28,28,56
2086,"((15, 1), <game.Grid object at 0x116d8ec80>)","((16, 1), <game.Grid object at 0x116a3e900>)",West,"[((16, 1), <game.Grid object at 0x1172f5da0>), ((14, 1), <game.Grid object at 0x1172f5e10>)]",310,310,2086,28,28,56
2087,"((4, 3), <game.Grid object at 0x116d8eeb0>)","((5, 3), <game.Grid object at 0x116a3eba0>)",West,"[((4, 4), <game.Grid object at 0x1172f5e80>), ((5, 3), <game.Grid object at 0x1172f5ef0>), ((3, 3), <game.Grid object at 0x1172f5f60>)]",310,310,2087,19,37,56
2088,"((9, 5), <game.Grid object at 0x116d8f000>)","((10, 5), <game.Grid object at 0x116a3ed60>)",West,"[((10, 5), <game.Grid object at 0x1172f5fd0>), ((8, 5), <game.Grid object at 0x1172f6040>)]",310,310,2088,22,34,56
2089,"((16, 1), <game.Grid object at 0x116d8f0e0>)","((17, 1), <game.Grid object at 0x116a3ee40>)",West,"[((17, 1), <game.Grid object at 0x1172f60b0>), ((15, 1), <game.Grid object at 0x1172f6120>)]",310,310,2089,29,27,56
2090,"((16, 1), <game.Grid object at 0x116d8f1c0>)","((17, 1), <game.Grid object at 0x116a3ef20>)",West,"[((17, 1), <game.Grid object at 0x1172f6190>), ((15, 1), <game.Grid object at 0x1172f6200>)]",310,310,2090,29,27,56
2091,"((16, 1), <game.Grid object at 0x116d8f2a0>)","((17, 1), <game.Grid object at 0x116a3f000>)",West,"[((17, 1), <game.Grid object at 0x1172f6270>), ((15, 1), <game.Grid object at 0x1172f62e0>)]",310,310,2091,29,27,56
2092,"((1, 5), <game.Grid object at 0x116d8f310>)","((1, 4), <game.Grid object at 0x116a3f070>)",North,"[((1, 4), <game.Grid object at 0x1172f6350>), ((2, 5), <game.Grid object at 0x1172f63c0>)]",310,310,2092,14,42,56
2093,"((10, 5), <game.Grid object at 0x116d8f4d0>)","((10, 4), <game.Grid object at 0x116a3f1c0>)",North,"[((10, 4), <game.Grid object at 0x1172f6430>), ((11, 5), <game.Grid object at 0x1172f64a0>), ((9, 5), <game.Grid object at 0x1172f6510>)]",310,311,2093,23,33,56
2094,"((10, 5), <game.Grid object at 0x116d8f700>)","((11, 5), <game.Grid object at 0x116a3f4d0>)",West,"[((10, 4), <game.Grid object at 0x1172f6580>), ((11, 5), <game.Grid object at 0x1172f65f0>), ((9, 5), <game.Grid object at 0x1172f6660>)]",311,311,2094,23,33,56
2095,"((10, 5), <game.Grid object at 0x116d8f7e0>)","((11, 5), <game.Grid object at 0x116a3f620>)",West,"[((10, 4), <game.Grid object at 0x1172f66d0>), ((11, 5), <game.Grid object at 0x1172f6740>), ((9, 5), <game.Grid object at 0x1172f67b0>)]",311,311,2095,23,33,56
2096,"((17, 1), <game.Grid object at 0x116d8f8c0>)","((18, 1), <game.Grid object at 0x116a3f700>)",West,"[((18, 1), <game.Grid object at 0x1172f6820>), ((16, 1), <game.Grid object at 0x1172f6890>)]",311,311,2096,30,26,56
2097,"((8, 5), <game.Grid object at 0x116d8f9a0>)","((9, 5), <game.Grid object at 0x116a3f850>)",West,"[((9, 5), <game.Grid object at 0x1172f6900>), ((7, 5), <game.Grid object at 0x1172f6970>)]",311,311,2097,21,35,56
2098,"((17, 1), <game.Grid object at 0x116d8fc40>)","((18, 1), <game.Grid object at 0x116a3fa80>)",West,"[((18, 1), <game.Grid object at 0x1172f69e0>), ((16, 1), <game.Grid object at 0x1172f6a50>)]",311,311,2098,30,26,56
2099,"((17, 1), <game.Grid object at 0x116d8fd20>)","((18, 1), <game.Grid object at 0x116a3fb60>)",West,"[((18, 1), <game.Grid object at 0x1172f6ac0>), ((16, 1), <game.Grid object at 0x1172f6b30>)]",311,311,2099,30,26,56
2100,"((17, 1), <game.Grid object at 0x116d8fe00>)","((18, 1), <game.Grid object at 0x116a3fc40>)",West,"[((18, 1), <game.Grid object at 0x1172f6ba0>), ((16, 1), <game.Grid object at 0x1172f6c10>)]",311,311,2100,30,26,56
2101,"((17, 1), <game.Grid object at 0x116d8fee0>)","((18, 1), <game.Grid object at 0x116a3fd20>)",West,"[((18, 1), <game.Grid object at 0x1172f6c80>), ((16, 1), <game.Grid object at 0x1172f6cf0>)]",311,311,2101,30,26,56
2102,"((4, 5), <game.Grid object at 0x116e00050>)","((5, 5), <game.Grid object at 0x116a3fe00>)",West,"[((4, 4), <game.Grid object at 0x1172f6d60>), ((5, 5), <game.Grid object at 0x1172f6dd0>), ((3, 5), <game.Grid object at 0x1172f6e40>)]",311,311,2102,17,39,56
2103,"((1, 4), <game.Grid object at 0x116e000c0>)","((1, 3), <game.Grid object at 0x116a3fee0>)",North,"[((1, 5), <game.Grid object at 0x1172f6eb0>), ((1, 3), <game.Grid object at 0x1172f6f20>)]",311,312,2103,15,41,56
2104,"((4, 4), <game.Grid object at 0x116e001a0>)","((4, 3), <game.Grid object at 0x116aa80c0>)",North,"[((4, 5), <game.Grid object at 0x1172f6f90>), ((4, 3), <game.Grid object at 0x1172f7000>)]",312,313,2104,18,38,56
2105,"((3, 3), <game.Grid object at 0x116e00280>)","((4, 3), <game.Grid object at 0x116aa80c0>)",West,"[((4, 3), <game.Grid object at 0x1172f7070>), ((2, 3), <game.Grid object at 0x1172f70e0>)]",313,313,2105,18,38,56
2106,"((4, 5), <game.Grid object at 0x116e00360>)","((5, 5), <game.Grid object at 0x116aa81a0>)",West,"[((4, 4), <game.Grid object at 0x1172f7150>), ((5, 5), <game.Grid object at 0x1172f71c0>), ((3, 5), <game.Grid object at 0x1172f7230>)]",313,313,2106,17,39,56
2107,"((9, 3), <game.Grid object at 0x116e004b0>)","((10, 3), <game.Grid object at 0x116aa8280>)",West,"[((10, 3), <game.Grid object at 0x1172f72a0>), ((8, 3), <game.Grid object at 0x1172f7310>)]",313,313,2107,24,32,56
2108,"((10, 4), <game.Grid object at 0x116e00520>)","((10, 3), <game.Grid object at 0x116aa8360>)",North,"[((10, 5), <game.Grid object at 0x1172f7380>), ((10, 3), <game.Grid object at 0x1172f73f0>)]",313,313,2108,24,32,56
2109,"((9, 3), <game.Grid object at 0x116e00600>)","((10, 3), <game.Grid object at 0x116aa8360>)",West,"[((10, 3), <game.Grid object at 0x1172f7460>), ((8, 3), <game.Grid object at 0x1172f74d0>)]",313,313,2109,24,32,56
2110,"((9, 5), <game.Grid object at 0x116e00750>)","((10, 5), <game.Grid object at 0x116aa8440>)",West,"[((10, 5), <game.Grid object at 0x1172f7540>), ((8, 5), <game.Grid object at 0x1172f75b0>)]",313,313,2110,22,34,56
2111,"((4, 4), <game.Grid object at 0x116e007c0>)","((4, 3), <game.Grid object at 0x116aa8520>)",North,"[((4, 5), <game.Grid object at 0x1172f7620>), ((4, 3), <game.Grid object at 0x1172f7690>)]",313,314,2111,18,38,56
2112,"((3, 3), <game.Grid object at 0x116e008a0>)","((4, 3), <game.Grid object at 0x116aa8520>)",West,"[((4, 3), <game.Grid object at 0x1172f7700>), ((2, 3), <game.Grid object at 0x1172f7770>)]",314,314,2112,18,38,56
2113,"((4, 4), <game.Grid object at 0x116e00910>)","((4, 3), <game.Grid object at 0x116aa8600>)",North,"[((4, 5), <game.Grid object at 0x1172f77e0>), ((4, 3), <game.Grid object at 0x1172f7850>)]",314,315,2113,18,38,56
2114,"((3, 3), <game.Grid object at 0x116e009f0>)","((4, 3), <game.Grid object at 0x116aa8600>)",West,"[((4, 3), <game.Grid object at 0x1172f78c0>), ((2, 3), <game.Grid object at 0x1172f7930>)]",315,315,2114,18,38,56
2115,"((10, 5), <game.Grid object at 0x116e00ad0>)","((11, 5), <game.Grid object at 0x116aa86e0>)",West,"[((10, 4), <game.Grid object at 0x1172f79a0>), ((11, 5), <game.Grid object at 0x1172f7a10>), ((9, 5), <game.Grid object at 0x1172f7a80>)]",315,315,2115,23,33,56
2116,"((9, 5), <game.Grid object at 0x116e00c20>)","((10, 5), <game.Grid object at 0x116aa87c0>)",West,"[((10, 5), <game.Grid object at 0x1172f7af0>), ((8, 5), <game.Grid object at 0x1172f7b60>)]",315,315,2116,22,34,56
2117,"((10, 4), <game.Grid object at 0x116e00c90>)","((10, 3), <game.Grid object at 0x116aa88a0>)",North,"[((10, 5), <game.Grid object at 0x1172f7bd0>), ((10, 3), <game.Grid object at 0x1172f7c40>)]",315,315,2117,24,32,56
2118,"((9, 3), <game.Grid object at 0x116e00d70>)","((10, 3), <game.Grid object at 0x116aa88a0>)",West,"[((10, 3), <game.Grid object at 0x1172f7cb0>), ((8, 3), <game.Grid object at 0x1172f7d20>)]",315,315,2118,24,32,56
2119,"((11, 5), <game.Grid object at 0x116e00ec0>)","((12, 5), <game.Grid object at 0x116aa8b40>)",West,"[((12, 5), <game.Grid object at 0x1172f7d90>), ((10, 5), <game.Grid object at 0x1172f7e00>)]",315,315,2119,24,32,56
2120,"((9, 3), <game.Grid object at 0x116e01010>)","((10, 3), <game.Grid object at 0x116aa8c20>)",West,"[((10, 3), <game.Grid object at 0x1172f7e70>), ((8, 3), <game.Grid object at 0x1172f7ee0>)]",315,315,2120,24,32,56
2121,"((9, 5), <game.Grid object at 0x116e01160>)","((10, 5), <game.Grid object at 0x116aa8d00>)",West,"[((10, 5), <game.Grid object at 0x1172f7f50>), ((8, 5), <game.Grid object at 0x11736c050>)]",315,315,2121,22,34,56
2122,"((10, 4), <game.Grid object at 0x116e011d0>)","((10, 3), <game.Grid object at 0x116aa8de0>)",North,"[((10, 5), <game.Grid object at 0x11736c0c0>), ((10, 3), <game.Grid object at 0x11736c130>)]",315,314,2122,24,32,56
2123,"((9, 3), <game.Grid object at 0x116e012b0>)","((10, 3), <game.Grid object at 0x116aa8de0>)",West,"[((10, 3), <game.Grid object at 0x11736c1a0>), ((8, 3), <game.Grid object at 0x11736c210>)]",314,314,2123,24,32,56
2124,"((18, 1), <game.Grid object at 0x116e01390>)","((18, 2), <game.Grid object at 0x116aa8ec0>)",South,"[((18, 2), <game.Grid object at 0x11736c280>), ((17, 1), <game.Grid object at 0x11736c2f0>)]",314,314,2124,31,25,56
2125,"((18, 1), <game.Grid object at 0x116e01470>)","((18, 2), <game.Grid object at 0x116aa8fa0>)",South,"[((18, 2), <game.Grid object at 0x11736c360>), ((17, 1), <game.Grid object at 0x11736c3d0>)]",314,314,2125,31,25,56
2126,"((18, 1), <game.Grid object at 0x116e01550>)","((18, 2), <game.Grid object at 0x116aa9080>)",South,"[((18, 2), <game.Grid object at 0x11736c440>), ((17, 1), <game.Grid object at 0x11736c4b0>)]",314,314,2126,31,25,56
2127,"((18, 1), <game.Grid object at 0x116e01630>)","((18, 2), <game.Grid object at 0x116aa9160>)",South,"[((18, 2), <game.Grid object at 0x11736c520>), ((17, 1), <game.Grid object at 0x11736c590>)]",314,314,2127,31,25,56
2128,"((18, 1), <game.Grid object at 0x116e01710>)","((18, 2), <game.Grid object at 0x116aa9240>)",South,"[((18, 2), <game.Grid object at 0x11736c600>), ((17, 1), <game.Grid object at 0x11736c670>)]",314,314,2128,31,25,56
2129,"((18, 1), <game.Grid object at 0x116e017f0>)","((18, 2), <game.Grid object at 0x116aa9320>)",South,"[((18, 2), <game.Grid object at 0x11736c6e0>), ((17, 1), <game.Grid object at 0x11736c750>)]",314,314,2129,31,25,56
2130,"((18, 1), <game.Grid object at 0x116e018d0>)","((18, 2), <game.Grid object at 0x116aa9400>)",South,"[((18, 2), <game.Grid object at 0x11736c7c0>), ((17, 1), <game.Grid object at 0x11736c830>)]",314,314,2130,31,25,56
2131,"((4, 3), <game.Grid object at 0x116e019b0>)","((5, 3), <game.Grid object at 0x116aa94e0>)",West,"[((4, 4), <game.Grid object at 0x11736c8a0>), ((5, 3), <game.Grid object at 0x11736c910>), ((3, 3), <game.Grid object at 0x11736c980>)]",314,315,2131,19,37,56
2132,"((4, 3), <game.Grid object at 0x116e01a90>)","((5, 3), <game.Grid object at 0x116aa95c0>)",West,"[((4, 4), <game.Grid object at 0x11736c9f0>), ((5, 3), <game.Grid object at 0x11736ca60>), ((3, 3), <game.Grid object at 0x11736cad0>)]",315,316,2132,19,37,56
2133,"((5, 5), <game.Grid object at 0x116e01b70>)","((6, 5), <game.Grid object at 0x116aa9710>)",West,"[((6, 5), <game.Grid object at 0x11736cb40>), ((4, 5), <game.Grid object at 0x11736cbb0>)]",316,316,2133,18,38,56
2134,"((5, 5), <game.Grid object at 0x116e01c50>)","((6, 5), <game.Grid object at 0x116aa9860>)",West,"[((6, 5), <game.Grid object at 0x11736cc20>), ((4, 5), <game.Grid object at 0x11736cc90>)]",316,316,2134,18,38,56
2135,"((1, 3), <game.Grid object at 0x116e01d30>)","((2, 3), <game.Grid object at 0x116aa9940>)",West,"[((1, 4), <game.Grid object at 0x11736cd00>), ((2, 3), <game.Grid object at 0x11736cd70>)]",316,316,2135,16,40,56
2136,"((10, 5), <game.Grid object at 0x116e01e10>)","((11, 5), <game.Grid object at 0x116aa9a20>)",West,"[((10, 4), <game.Grid object at 0x11736cde0>), ((11, 5), <game.Grid object at 0x11736ce50>), ((9, 5), <game.Grid object at 0x11736cec0>)]",316,316,2136,23,33,56
2137,"((10, 3), <game.Grid object at 0x116e01ef0>)","((11, 3), <game.Grid object at 0x116aa9b00>)",West,"[((10, 4), <game.Grid object at 0x11736cf30>), ((11, 3), <game.Grid object at 0x11736cfa0>), ((9, 3), <game.Grid object at 0x11736d010>)]",316,316,2137,25,31,56
2138,"((10, 5), <game.Grid object at 0x116e01fd0>)","((11, 5), <game.Grid object at 0x116aa9be0>)",West,"[((10, 4), <game.Grid object at 0x11736d080>), ((11, 5), <game.Grid object at 0x11736d0f0>), ((9, 5), <game.Grid object at 0x11736d160>)]",316,317,2138,23,33,56
2139,"((4, 3), <game.Grid object at 0x116e020b0>)","((5, 3), <game.Grid object at 0x116aa9cc0>)",West,"[((4, 4), <game.Grid object at 0x11736d1d0>), ((5, 3), <game.Grid object at 0x11736d240>), ((3, 3), <game.Grid object at 0x11736d2b0>)]",317,318,2139,19,37,56
2140,"((4, 3), <game.Grid object at 0x116e02190>)","((5, 3), <game.Grid object at 0x116aa9da0>)",West,"[((4, 4), <game.Grid object at 0x11736d320>), ((5, 3), <game.Grid object at 0x11736d390>), ((3, 3), <game.Grid object at 0x11736d400>)]",318,319,2140,19,37,56
2141,"((11, 5), <game.Grid object at 0x116e02270>)","((12, 5), <game.Grid object at 0x116aa9ef0>)",West,"[((12, 5), <game.Grid object at 0x11736d470>), ((10, 5), <game.Grid object at 0x11736d4e0>)]",319,318,2141,24,32,56
2142,"((11, 5), <game.Grid object at 0x116e02350>)","((12, 5), <game.Grid object at 0x116aaa040>)",West,"[((12, 5), <game.Grid object at 0x11736d550>), ((10, 5), <game.Grid object at 0x11736d5c0>)]",318,318,2142,24,32,56
2143,"((10, 5), <game.Grid object at 0x116e02430>)","((11, 5), <game.Grid object at 0x116aaa190>)",West,"[((10, 4), <game.Grid object at 0x11736d630>), ((11, 5), <game.Grid object at 0x11736d6a0>), ((9, 5), <game.Grid object at 0x11736d710>)]",318,318,2143,23,33,56
2144,"((10, 3), <game.Grid object at 0x116e02510>)","((11, 3), <game.Grid object at 0x116aaa270>)",West,"[((10, 4), <game.Grid object at 0x11736d780>), ((11, 3), <game.Grid object at 0x11736d7f0>), ((9, 3), <game.Grid object at 0x11736d860>)]",318,318,2144,25,31,56
2145,"((10, 3), <game.Grid object at 0x116e025f0>)","((11, 3), <game.Grid object at 0x116aaa350>)",West,"[((10, 4), <game.Grid object at 0x11736d8d0>), ((11, 3), <game.Grid object at 0x11736d940>), ((9, 3), <game.Grid object at 0x11736d9b0>)]",318,319,2145,25,31,56
2146,"((3, 5), <game.Grid object at 0x116e02740>)","((4, 5), <game.Grid object at 0x116aaa3c0>)",West,"[((4, 5), <game.Grid object at 0x11736da20>), ((2, 5), <game.Grid object at 0x11736da90>)]",319,319,2146,16,40,56
2147,"((10, 3), <game.Grid object at 0x116e02820>)","((11, 3), <game.Grid object at 0x116aaa510>)",West,"[((10, 4), <game.Grid object at 0x11736db00>), ((11, 3), <game.Grid object at 0x11736db70>), ((9, 3), <game.Grid object at 0x11736dbe0>)]",319,319,2147,25,31,56
2148,"((6, 5), <game.Grid object at 0x116e02970>)","((7, 5), <game.Grid object at 0x116aaa580>)",West,"[((7, 5), <game.Grid object at 0x11736dc50>), ((5, 5), <game.Grid object at 0x11736dcc0>)]",319,319,2148,19,37,56
2149,"((18, 2), <game.Grid object at 0x116e02a50>)","((18, 3), <game.Grid object at 0x116aaa6d0>)",South,"[((18, 3), <game.Grid object at 0x11736dd30>), ((18, 1), <game.Grid object at 0x11736dda0>)]",319,319,2149,32,24,56
2150,"((9, 5), <game.Grid object at 0x116e02ba0>)","((10, 5), <game.Grid object at 0x116aaa740>)",West,"[((10, 5), <game.Grid object at 0x11736de10>), ((8, 5), <game.Grid object at 0x11736de80>)]",319,319,2150,22,34,56
2151,"((18, 2), <game.Grid object at 0x116e02c80>)","((18, 3), <game.Grid object at 0x116aaa890>)",South,"[((18, 3), <game.Grid object at 0x11736def0>), ((18, 1), <game.Grid object at 0x11736df60>)]",319,319,2151,32,24,56
2152,"((18, 2), <game.Grid object at 0x116e02d60>)","((18, 3), <game.Grid object at 0x116aaa970>)",South,"[((18, 3), <game.Grid object at 0x11736dfd0>), ((18, 1), <game.Grid object at 0x11736e040>)]",319,319,2152,32,24,56
2153,"((18, 2), <game.Grid object at 0x116e02e40>)","((18, 3), <game.Grid object at 0x116aaaa50>)",South,"[((18, 3), <game.Grid object at 0x11736e0b0>), ((18, 1), <game.Grid object at 0x11736e120>)]",319,319,2153,32,24,56
2154,"((14, 5), <game.Grid object at 0x116e02f20>)","((13, 5), <game.Grid object at 0x116aaaac0>)",East,"[((13, 5), <game.Grid object at 0x11736e190>)]",319,319,2154,25,31,56
2155,"((12, 5), <game.Grid object at 0x116e02f90>)","((13, 5), <game.Grid object at 0x116aaaac0>)",West,"[((13, 5), <game.Grid object at 0x11736e200>), ((11, 5), <game.Grid object at 0x11736e270>)]",319,319,2155,25,31,56
2156,"((18, 2), <game.Grid object at 0x116e03070>)","((18, 3), <game.Grid object at 0x116aaac10>)",South,"[((18, 3), <game.Grid object at 0x11736e2e0>), ((18, 1), <game.Grid object at 0x11736e350>)]",319,319,2156,32,24,56
2157,"((5, 3), <game.Grid object at 0x116e03150>)","((6, 3), <game.Grid object at 0x116aab5b0>)",West,"[((6, 3), <game.Grid object at 0x11736e3c0>), ((4, 3), <game.Grid object at 0x11736e430>)]",319,319,2157,20,36,56
2158,"((11, 5), <game.Grid object at 0x116e03230>)","((12, 5), <game.Grid object at 0x116aabf50>)",West,"[((12, 5), <game.Grid object at 0x11736e4a0>), ((10, 5), <game.Grid object at 0x11736e510>)]",319,319,2158,24,32,56
2159,"((11, 3), <game.Grid object at 0x116e033f0>)","((12, 3), <game.Grid object at 0x116b28520>)",West,"[((12, 3), <game.Grid object at 0x11736e580>), ((10, 3), <game.Grid object at 0x11736e5f0>)]",319,319,2159,26,30,56
2160,"((5, 3), <game.Grid object at 0x116e034d0>)","((6, 3), <game.Grid object at 0x116b28fa0>)",West,"[((6, 3), <game.Grid object at 0x11736e660>), ((4, 3), <game.Grid object at 0x11736e6d0>)]",319,319,2160,20,36,56
2161,"((12, 5), <game.Grid object at 0x116e03700>)","((13, 5), <game.Grid object at 0x116b292b0>)",West,"[((13, 5), <game.Grid object at 0x11736e740>), ((11, 5), <game.Grid object at 0x11736e7b0>)]",319,319,2161,25,31,56
2162,"((11, 3), <game.Grid object at 0x116e037e0>)","((12, 3), <game.Grid object at 0x116b2a5f0>)",West,"[((12, 3), <game.Grid object at 0x11736e820>), ((10, 3), <game.Grid object at 0x11736e890>)]",319,319,2162,26,30,56
2163,"((4, 5), <game.Grid object at 0x116e03af0>)","((4, 4), <game.Grid object at 0x116b2b1c0>)",North,"[((4, 4), <game.Grid object at 0x11736e900>), ((5, 5), <game.Grid object at 0x11736e970>), ((3, 5), <game.Grid object at 0x11736e9e0>)]",319,320,2163,17,39,56
2164,"((7, 5), <game.Grid object at 0x116e03bd0>)","((7, 4), <game.Grid object at 0x116b2b5b0>)",North,"[((7, 4), <game.Grid object at 0x11736ea50>), ((8, 5), <game.Grid object at 0x11736eac0>), ((6, 5), <game.Grid object at 0x11736eb30>)]",320,321,2164,20,36,56
2165,"((10, 5), <game.Grid object at 0x116e03cb0>)","((10, 4), <game.Grid object at 0x116b2b700>)",North,"[((10, 4), <game.Grid object at 0x11736eba0>), ((11, 5), <game.Grid object at 0x11736ec10>), ((9, 5), <game.Grid object at 0x11736ec80>)]",321,322,2165,23,33,56
2166,"((13, 5), <game.Grid object at 0x116e03d90>)","((13, 4), <game.Grid object at 0x116b2b850>)",North,"[((13, 4), <game.Grid object at 0x11736ecf0>), ((14, 5), <game.Grid object at 0x11736ed60>), ((12, 5), <game.Grid object at 0x11736edd0>)]",322,323,2166,26,30,56
2167,"((4, 5), <game.Grid object at 0x116e03e70>)","((4, 4), <game.Grid object at 0x116b2ba80>)",North,"[((4, 4), <game.Grid object at 0x11736ee40>), ((5, 5), <game.Grid object at 0x11736eeb0>), ((3, 5), <game.Grid object at 0x11736ef20>)]",323,324,2167,17,39,56
2168,"((2, 3), <game.Grid object at 0x116e78050>)","((3, 3), <game.Grid object at 0x116b2bcb0>)",West,"[((3, 3), <game.Grid object at 0x11736ef90>), ((1, 3), <game.Grid object at 0x11736f000>)]",324,324,2168,17,39,56
2169,"((2, 3), <game.Grid object at 0x116e78130>)","((3, 3), <game.Grid object at 0x116b9c0c0>)",West,"[((3, 3), <game.Grid object at 0x11736f070>), ((1, 3), <game.Grid object at 0x11736f0e0>)]",324,324,2169,17,39,56
2170,"((10, 5), <game.Grid object at 0x116e78440>)","((10, 4), <game.Grid object at 0x116b9e7b0>)",North,"[((10, 4), <game.Grid object at 0x11736f150>), ((11, 5), <game.Grid object at 0x11736f1c0>), ((9, 5), <game.Grid object at 0x11736f230>)]",324,325,2170,23,33,56
2171,"((13, 5), <game.Grid object at 0x116e78520>)","((13, 4), <game.Grid object at 0x116b9e900>)",North,"[((13, 4), <game.Grid object at 0x11736f2a0>), ((14, 5), <game.Grid object at 0x11736f310>), ((12, 5), <game.Grid object at 0x11736f380>)]",325,326,2171,26,30,56
2172,"((5, 3), <game.Grid object at 0x116e78670>)","((6, 3), <game.Grid object at 0x116b9ef90>)",West,"[((6, 3), <game.Grid object at 0x11736f3f0>), ((4, 3), <game.Grid object at 0x11736f460>)]",326,326,2172,20,36,56
2173,"((7, 5), <game.Grid object at 0x116e786e0>)","((7, 4), <game.Grid object at 0x116b9f0e0>)",North,"[((7, 4), <game.Grid object at 0x11736f4d0>), ((8, 5), <game.Grid object at 0x11736f540>), ((6, 5), <game.Grid object at 0x11736f5b0>)]",326,327,2173,20,36,56
2174,"((18, 3), <game.Grid object at 0x116e78830>)","((18, 4), <game.Grid object at 0x116b9fc40>)",South,"[((18, 4), <game.Grid object at 0x11736f620>), ((18, 2), <game.Grid object at 0x11736f690>)]",327,327,2174,33,23,56
2175,"((9, 5), <game.Grid object at 0x116e78980>)","((10, 5), <game.Grid object at 0x116c14ec0>)",West,"[((10, 5), <game.Grid object at 0x11736f700>), ((8, 5), <game.Grid object at 0x11736f770>)]",327,327,2175,22,34,56
2176,"((9, 5), <game.Grid object at 0x116e78ad0>)","((10, 5), <game.Grid object at 0x116c15240>)",West,"[((10, 5), <game.Grid object at 0x11736f7e0>), ((8, 5), <game.Grid object at 0x11736f850>)]",327,327,2176,22,34,56
2177,"((9, 5), <game.Grid object at 0x116e78c20>)","((10, 5), <game.Grid object at 0x116c154e0>)",West,"[((10, 5), <game.Grid object at 0x11736f8c0>), ((8, 5), <game.Grid object at 0x11736f930>)]",327,327,2177,22,34,56
2178,"((18, 3), <game.Grid object at 0x116e78d00>)","((18, 4), <game.Grid object at 0x116c15860>)",South,"[((18, 4), <game.Grid object at 0x11736f9a0>), ((18, 2), <game.Grid object at 0x11736fa10>)]",327,327,2178,33,23,56
2179,"((13, 5), <game.Grid object at 0x116e78d70>)","((13, 4), <game.Grid object at 0x116c15940>)",North,"[((13, 4), <game.Grid object at 0x11736fa80>), ((14, 5), <game.Grid object at 0x11736faf0>), ((12, 5), <game.Grid object at 0x11736fb60>)]",327,328,2179,26,30,56
2180,"((10, 5), <game.Grid object at 0x116e78e50>)","((10, 4), <game.Grid object at 0x116c15c50>)",North,"[((10, 4), <game.Grid object at 0x11736fbd0>), ((11, 5), <game.Grid object at 0x11736fc40>), ((9, 5), <game.Grid object at 0x11736fcb0>)]",328,329,2180,23,33,56
2181,"((10, 5), <game.Grid object at 0x116e78f30>)","((10, 4), <game.Grid object at 0x116c15da0>)",North,"[((10, 4), <game.Grid object at 0x11736fd20>), ((11, 5), <game.Grid object at 0x11736fd90>), ((9, 5), <game.Grid object at 0x11736fe00>)]",329,330,2181,23,33,56
2182,"((10, 5), <game.Grid object at 0x116e790f0>)","((10, 4), <game.Grid object at 0x116c16270>)",North,"[((10, 4), <game.Grid object at 0x11736fe70>), ((11, 5), <game.Grid object at 0x11736fee0>), ((9, 5), <game.Grid object at 0x11736ff50>)]",330,331,2182,23,33,56
2183,"((18, 3), <game.Grid object at 0x116e79400>)","((18, 4), <game.Grid object at 0x116c16e40>)",South,"[((18, 4), <game.Grid object at 0x1173e8050>), ((18, 2), <game.Grid object at 0x1173e80c0>)]",331,331,2183,33,23,56
2184,"((11, 5), <game.Grid object at 0x116e79550>)","((12, 5), <game.Grid object at 0x116c17380>)",West,"[((12, 5), <game.Grid object at 0x1173e8130>), ((10, 5), <game.Grid object at 0x1173e81a0>)]",331,331,2184,24,32,56
2185,"((11, 5), <game.Grid object at 0x116e796a0>)","((12, 5), <game.Grid object at 0x116c17770>)",West,"[((12, 5), <game.Grid object at 0x1173e8210>), ((10, 5), <game.Grid object at 0x1173e8280>)]",331,331,2185,24,32,56
2186,"((11, 5), <game.Grid object at 0x116e797f0>)","((12, 5), <game.Grid object at 0x116c17a80>)",West,"[((12, 5), <game.Grid object at 0x1173e82f0>), ((10, 5), <game.Grid object at 0x1173e8360>)]",331,331,2186,24,32,56
2187,"((18, 3), <game.Grid object at 0x116e798d0>)","((18, 4), <game.Grid object at 0x116c17bd0>)",South,"[((18, 4), <game.Grid object at 0x1173e83d0>), ((18, 2), <game.Grid object at 0x1173e8440>)]",331,331,2187,33,23,56
2188,"((14, 5), <game.Grid object at 0x116e799b0>)","((13, 5), <game.Grid object at 0x116c90280>)",East,"[((13, 5), <game.Grid object at 0x1173e84b0>)]",331,330,2188,25,31,56
2189,"((12, 5), <game.Grid object at 0x116e79a20>)","((13, 5), <game.Grid object at 0x116c90280>)",West,"[((13, 5), <game.Grid object at 0x1173e8520>), ((11, 5), <game.Grid object at 0x1173e8590>)]",330,330,2189,25,31,56
2190,"((14, 5), <game.Grid object at 0x116e79b00>)","((13, 5), <game.Grid object at 0x116c90600>)",East,"[((13, 5), <game.Grid object at 0x1173e8600>)]",330,329,2190,25,31,56
2191,"((12, 5), <game.Grid object at 0x116e79b70>)","((13, 5), <game.Grid object at 0x116c90600>)",West,"[((13, 5), <game.Grid object at 0x1173e8670>), ((11, 5), <game.Grid object at 0x1173e86e0>)]",329,329,2191,25,31,56
2192,"((14, 5), <game.Grid object at 0x116e79c50>)","((13, 5), <game.Grid object at 0x116c908a0>)",East,"[((13, 5), <game.Grid object at 0x1173e8750>)]",329,328,2192,25,31,56
2193,"((12, 5), <game.Grid object at 0x116e79cc0>)","((13, 5), <game.Grid object at 0x116c908a0>)",West,"[((13, 5), <game.Grid object at 0x1173e87c0>), ((11, 5), <game.Grid object at 0x1173e8830>)]",328,328,2193,25,31,56
2194,"((13, 5), <game.Grid object at 0x116e79d30>)","((13, 4), <game.Grid object at 0x116c90c20>)",North,"[((13, 4), <game.Grid object at 0x1173e88a0>), ((14, 5), <game.Grid object at 0x1173e8910>), ((12, 5), <game.Grid object at 0x1173e8980>)]",328,329,2194,26,30,56
2195,"((13, 5), <game.Grid object at 0x116e79e10>)","((13, 4), <game.Grid object at 0x116c90d70>)",North,"[((13, 4), <game.Grid object at 0x1173e89f0>), ((14, 5), <game.Grid object at 0x1173e8a60>), ((12, 5), <game.Grid object at 0x1173e8ad0>)]",329,330,2195,26,30,56
2196,"((13, 5), <game.Grid object at 0x116e79fd0>)","((13, 4), <game.Grid object at 0x116c91010>)",North,"[((13, 4), <game.Grid object at 0x1173e8b40>), ((14, 5), <game.Grid object at 0x1173e8bb0>), ((12, 5), <game.Grid object at 0x1173e8c20>)]",330,331,2196,26,30,56
2197,"((11, 3), <game.Grid object at 0x116e7a120>)","((12, 3), <game.Grid object at 0x116c91240>)",West,"[((12, 3), <game.Grid object at 0x1173e8c90>), ((10, 3), <game.Grid object at 0x1173e8d00>)]",331,331,2197,26,30,56
2198,"((13, 5), <game.Grid object at 0x116e7a190>)","((13, 4), <game.Grid object at 0x116c912b0>)",North,"[((13, 4), <game.Grid object at 0x1173e8d70>), ((14, 5), <game.Grid object at 0x1173e8de0>), ((12, 5), <game.Grid object at 0x1173e8e50>)]",331,332,2198,26,30,56
2199,"((13, 5), <game.Grid object at 0x116e7a350>)","((13, 4), <game.Grid object at 0x116c91550>)",North,"[((13, 4), <game.Grid object at 0x1173e8ec0>), ((14, 5), <game.Grid object at 0x1173e8f30>), ((12, 5), <game.Grid object at 0x1173e8fa0>)]",332,333,2199,26,30,56
2200,"((11, 3), <game.Grid object at 0x116e7a4a0>)","((12, 3), <game.Grid object at 0x116c91780>)",West,"[((12, 3), <game.Grid object at 0x1173e9010>), ((10, 3), <game.Grid object at 0x1173e9080>)]",333,333,2200,26,30,56
2201,"((13, 5), <game.Grid object at 0x116e7a5f0>)","((13, 4), <game.Grid object at 0x116c91940>)",North,"[((13, 4), <game.Grid object at 0x1173e90f0>), ((14, 5), <game.Grid object at 0x1173e9160>), ((12, 5), <game.Grid object at 0x1173e91d0>)]",333,334,2201,26,30,56
2202,"((11, 3), <game.Grid object at 0x116e7a740>)","((12, 3), <game.Grid object at 0x116c91b70>)",West,"[((12, 3), <game.Grid object at 0x1173e9240>), ((10, 3), <game.Grid object at 0x1173e92b0>)]",334,334,2202,26,30,56
2203,"((18, 3), <game.Grid object at 0x116e7a820>)","((18, 4), <game.Grid object at 0x116c91da0>)",South,"[((18, 4), <game.Grid object at 0x1173e9320>), ((18, 2), <game.Grid object at 0x1173e9390>)]",334,334,2203,33,23,56
2204,"((18, 3), <game.Grid object at 0x116e7a900>)","((18, 4), <game.Grid object at 0x116c92900>)",South,"[((18, 4), <game.Grid object at 0x1173e9400>), ((18, 2), <game.Grid object at 0x1173e9470>)]",334,334,2204,33,23,56
2205,"((18, 3), <game.Grid object at 0x116e7a9e0>)","((18, 4), <game.Grid object at 0x116d0c130>)",South,"[((18, 4), <game.Grid object at 0x1173e94e0>), ((18, 2), <game.Grid object at 0x1173e9550>)]",334,334,2205,33,23,56
2206,"((18, 1), <game.Grid object at 0x116e7aac0>)","((18, 2), <game.Grid object at 0x116d0f0e0>)",South,"[((18, 2), <game.Grid object at 0x1173e95c0>), ((17, 1), <game.Grid object at 0x1173e9630>)]",334,334,2206,35,21,56
2207,"((18, 1), <game.Grid object at 0x116e7aba0>)","((18, 2), <game.Grid object at 0x116d0f2a0>)",South,"[((18, 2), <game.Grid object at 0x1173e96a0>), ((17, 1), <game.Grid object at 0x1173e9710>)]",334,334,2207,35,21,56
2208,"((18, 1), <game.Grid object at 0x116e7ac80>)","((18, 2), <game.Grid object at 0x116d0f380>)",South,"[((18, 2), <game.Grid object at 0x1173e9780>), ((17, 1), <game.Grid object at 0x1173e97f0>)]",334,334,2208,35,21,56
2209,"((18, 1), <game.Grid object at 0x116e7ad60>)","((18, 2), <game.Grid object at 0x116d0f460>)",South,"[((18, 2), <game.Grid object at 0x1173e9860>), ((17, 1), <game.Grid object at 0x1173e98d0>)]",334,334,2209,35,21,56
2210,"((4, 5), <game.Grid object at 0x116e7b070>)","((4, 4), <game.Grid object at 0x116d0fe70>)",North,"[((4, 4), <game.Grid object at 0x1173e9940>), ((5, 5), <game.Grid object at 0x1173e99b0>), ((3, 5), <game.Grid object at 0x1173e9a20>)]",334,335,2210,17,39,56
2211,"((3, 3), <game.Grid object at 0x116e7b310>)","((4, 3), <game.Grid object at 0x116d8c7c0>)",West,"[((4, 3), <game.Grid object at 0x1173e9a90>), ((2, 3), <game.Grid object at 0x1173e9b00>)]",335,335,2211,18,38,56
2212,"((4, 5), <game.Grid object at 0x116e7b380>)","((4, 4), <game.Grid object at 0x116d8cf30>)",North,"[((4, 4), <game.Grid object at 0x1173e9b70>), ((5, 5), <game.Grid object at 0x1173e9be0>), ((3, 5), <game.Grid object at 0x1173e9c50>)]",335,336,2212,17,39,56
2213,"((9, 3), <game.Grid object at 0x116ef0910>)","((10, 3), <game.Grid object at 0x116e03d20>)",West,"[((10, 3), <game.Grid object at 0x1173e9cc0>), ((8, 3), <game.Grid object at 0x1173e9d30>)]",336,336,2213,24,32,56
2214,"((12, 3), <game.Grid object at 0x116ef0a60>)","((13, 3), <game.Grid object at 0x116e03e00>)",West,"[((13, 3), <game.Grid object at 0x1173e9da0>), ((11, 3), <game.Grid object at 0x1173e9e10>)]",336,336,2214,27,29,56
2215,"((9, 3), <game.Grid object at 0x116ef0fa0>)","((10, 3), <game.Grid object at 0x116e784b0>)",West,"[((10, 3), <game.Grid object at 0x1173e9e80>), ((8, 3), <game.Grid object at 0x1173e9ef0>)]",336,336,2215,24,32,56
2216,"((12, 3), <game.Grid object at 0x116ef10f0>)","((13, 3), <game.Grid object at 0x116e78590>)",West,"[((13, 3), <game.Grid object at 0x1173e9f60>), ((11, 3), <game.Grid object at 0x1173e9fd0>)]",336,336,2216,27,29,56
2217,"((12, 3), <game.Grid object at 0x116ef1630>)","((13, 3), <game.Grid object at 0x116e78de0>)",West,"[((13, 3), <game.Grid object at 0x1173ea040>), ((11, 3), <game.Grid object at 0x1173ea0b0>)]",336,336,2217,27,29,56
2218,"((9, 3), <game.Grid object at 0x116ef1780>)","((10, 3), <game.Grid object at 0x116e78ec0>)",West,"[((10, 3), <game.Grid object at 0x1173ea120>), ((8, 3), <game.Grid object at 0x1173ea190>)]",336,336,2218,24,32,56
2219,"((9, 3), <game.Grid object at 0x116ef18d0>)","((10, 3), <game.Grid object at 0x116e78fa0>)",West,"[((10, 3), <game.Grid object at 0x1173ea200>), ((8, 3), <game.Grid object at 0x1173ea270>)]",336,336,2219,24,32,56
2220,"((9, 3), <game.Grid object at 0x116ef1a20>)","((10, 3), <game.Grid object at 0x116e79160>)",West,"[((10, 3), <game.Grid object at 0x1173ea2e0>), ((8, 3), <game.Grid object at 0x1173ea350>)]",336,336,2220,24,32,56
2221,"((12, 5), <game.Grid object at 0x116ef1b70>)","((13, 5), <game.Grid object at 0x116e79470>)",West,"[((13, 5), <game.Grid object at 0x1173ea3c0>), ((11, 5), <game.Grid object at 0x1173ea430>)]",336,336,2221,25,31,56
2222,"((12, 5), <game.Grid object at 0x116ef1cc0>)","((13, 5), <game.Grid object at 0x116e795c0>)",West,"[((13, 5), <game.Grid object at 0x1173ea4a0>), ((11, 5), <game.Grid object at 0x1173ea510>)]",336,336,2222,25,31,56
2223,"((12, 5), <game.Grid object at 0x116ef1e10>)","((13, 5), <game.Grid object at 0x116e79710>)",West,"[((13, 5), <game.Grid object at 0x1173ea580>), ((11, 5), <game.Grid object at 0x1173ea5f0>)]",336,336,2223,25,31,56
2224,"((12, 3), <game.Grid object at 0x116ef1f60>)","((13, 3), <game.Grid object at 0x116e79da0>)",West,"[((13, 3), <game.Grid object at 0x1173ea660>), ((11, 3), <game.Grid object at 0x1173ea6d0>)]",336,336,2224,27,29,56
2225,"((12, 3), <game.Grid object at 0x116ef20b0>)","((13, 3), <game.Grid object at 0x116e79e80>)",West,"[((13, 3), <game.Grid object at 0x1173ea740>), ((11, 3), <game.Grid object at 0x1173ea7b0>)]",336,336,2225,27,29,56
2226,"((12, 3), <game.Grid object at 0x116ef2200>)","((13, 3), <game.Grid object at 0x116e79f60>)",West,"[((13, 3), <game.Grid object at 0x1173ea820>), ((11, 3), <game.Grid object at 0x1173ea890>)]",336,336,2226,27,29,56
2227,"((12, 3), <game.Grid object at 0x116ef2350>)","((13, 3), <game.Grid object at 0x116e7a040>)",West,"[((13, 3), <game.Grid object at 0x1173ea900>), ((11, 3), <game.Grid object at 0x1173ea970>)]",336,336,2227,27,29,56
2228,"((12, 3), <game.Grid object at 0x116ef24a0>)","((13, 3), <game.Grid object at 0x116e7a200>)",West,"[((13, 3), <game.Grid object at 0x1173ea9e0>), ((11, 3), <game.Grid object at 0x1173eaa50>)]",336,336,2228,27,29,56
2229,"((12, 3), <game.Grid object at 0x116ef25f0>)","((13, 3), <game.Grid object at 0x116e7a2e0>)",West,"[((13, 3), <game.Grid object at 0x1173eaac0>), ((11, 3), <game.Grid object at 0x1173eab30>)]",336,336,2229,27,29,56
2230,"((12, 3), <game.Grid object at 0x116ef2740>)","((13, 3), <game.Grid object at 0x116e7a3c0>)",West,"[((13, 3), <game.Grid object at 0x1173eaba0>), ((11, 3), <game.Grid object at 0x1173eac10>)]",336,336,2230,27,29,56
2231,"((12, 3), <game.Grid object at 0x116ef2890>)","((13, 3), <game.Grid object at 0x116e7a580>)",West,"[((13, 3), <game.Grid object at 0x1173eac80>), ((11, 3), <game.Grid object at 0x1173eacf0>)]",336,336,2231,27,29,56
2232,"((12, 3), <game.Grid object at 0x116ef29e0>)","((13, 3), <game.Grid object at 0x116e7a660>)",West,"[((13, 3), <game.Grid object at 0x1173ead60>), ((11, 3), <game.Grid object at 0x1173eadd0>)]",336,336,2232,27,29,56
2233,"((3, 3), <game.Grid object at 0x116ef2cf0>)","((4, 3), <game.Grid object at 0x116e7b0e0>)",West,"[((4, 3), <game.Grid object at 0x1173eae40>), ((2, 3), <game.Grid object at 0x1173eaeb0>)]",336,336,2233,18,38,56
2234,"((3, 3), <game.Grid object at 0x116ef3000>)","((4, 3), <game.Grid object at 0x116e7b3f0>)",West,"[((4, 3), <game.Grid object at 0x1173eaf20>), ((2, 3), <game.Grid object at 0x1173eaf90>)]",336,336,2234,18,38,56
2235,"((6, 3), <game.Grid object at 0x116ef3310>)","((7, 3), <game.Grid object at 0x116e7b9a0>)",West,"[((7, 3), <game.Grid object at 0x1173eb000>), ((5, 3), <game.Grid object at 0x1173eb070>)]",336,336,2235,21,35,56
2236,"((9, 3), <game.Grid object at 0x116ef3540>)","((10, 3), <game.Grid object at 0x116e7bcb0>)",West,"[((10, 3), <game.Grid object at 0x1173eb0e0>), ((8, 3), <game.Grid object at 0x1173eb150>)]",336,336,2236,24,32,56
2237,"((9, 3), <game.Grid object at 0x116ef3690>)","((10, 3), <game.Grid object at 0x116e7bd90>)",West,"[((10, 3), <game.Grid object at 0x1173eb1c0>), ((8, 3), <game.Grid object at 0x1173eb230>)]",336,336,2237,24,32,56
2238,"((12, 3), <game.Grid object at 0x116ef3a80>)","((13, 3), <game.Grid object at 0x116ef01a0>)",West,"[((13, 3), <game.Grid object at 0x1173eb2a0>), ((11, 3), <game.Grid object at 0x1173eb310>)]",336,336,2238,27,29,56
2239,"((13, 5), <game.Grid object at 0x116f6cde0>)","((13, 4), <game.Grid object at 0x116ef1a90>)",North,"[((13, 4), <game.Grid object at 0x1173eb380>), ((14, 5), <game.Grid object at 0x1173eb3f0>), ((12, 5), <game.Grid object at 0x1173eb460>)]",336,336,2239,26,30,56
2240,"((13, 5), <game.Grid object at 0x116f6cec0>)","((13, 4), <game.Grid object at 0x116ef1be0>)",North,"[((13, 4), <game.Grid object at 0x1173eb4d0>), ((14, 5), <game.Grid object at 0x1173eb540>), ((12, 5), <game.Grid object at 0x1173eb5b0>)]",336,336,2240,26,30,56
2241,"((13, 5), <game.Grid object at 0x116f6cfa0>)","((13, 4), <game.Grid object at 0x116ef1d30>)",North,"[((13, 4), <game.Grid object at 0x1173eb620>), ((14, 5), <game.Grid object at 0x1173eb690>), ((12, 5), <game.Grid object at 0x1173eb700>)]",336,336,2241,26,30,56
2242,"((14, 5), <game.Grid object at 0x116f6e6d0>)","((13, 5), <game.Grid object at 0x116ef38c0>)",East,"[((13, 5), <game.Grid object at 0x1173eb770>)]",336,336,2242,25,31,56
2243,"((12, 5), <game.Grid object at 0x116f6e740>)","((13, 5), <game.Grid object at 0x116ef38c0>)",West,"[((13, 5), <game.Grid object at 0x1173eb7e0>), ((11, 5), <game.Grid object at 0x1173eb850>)]",336,336,2243,25,31,56
2244,"((14, 5), <game.Grid object at 0x116f6f230>)","((13, 5), <game.Grid object at 0x116f6c7c0>)",East,"[((13, 5), <game.Grid object at 0x1173eb8c0>)]",336,336,2244,25,31,56
2245,"((12, 5), <game.Grid object at 0x116f6f2a0>)","((13, 5), <game.Grid object at 0x116f6c7c0>)",West,"[((13, 5), <game.Grid object at 0x1173eb930>), ((11, 5), <game.Grid object at 0x1173eb9a0>)]",336,336,2245,25,31,56
2246,"((14, 5), <game.Grid object at 0x116f6f380>)","((13, 5), <game.Grid object at 0x116f6c8a0>)",East,"[((13, 5), <game.Grid object at 0x1173eba10>)]",336,336,2246,25,31,56
2247,"((12, 5), <game.Grid object at 0x116f6f3f0>)","((13, 5), <game.Grid object at 0x116f6c8a0>)",West,"[((13, 5), <game.Grid object at 0x1173eba80>), ((11, 5), <game.Grid object at 0x1173ebaf0>)]",336,336,2247,25,31,56
2248,"((14, 5), <game.Grid object at 0x116f6f4d0>)","((13, 5), <game.Grid object at 0x116f6c980>)",East,"[((13, 5), <game.Grid object at 0x1173ebb60>)]",336,336,2248,25,31,56
2249,"((12, 5), <game.Grid object at 0x116f6f540>)","((13, 5), <game.Grid object at 0x116f6c980>)",West,"[((13, 5), <game.Grid object at 0x1173ebbd0>), ((11, 5), <game.Grid object at 0x1173ebc40>)]",336,336,2249,25,31,56
2250,"((12, 3), <game.Grid object at 0x116f6fa10>)","((13, 3), <game.Grid object at 0x116f6ce50>)",West,"[((13, 3), <game.Grid object at 0x1173ebcb0>), ((11, 3), <game.Grid object at 0x1173ebd20>)]",336,336,2250,27,29,56
2251,"((12, 3), <game.Grid object at 0x116f6fb60>)","((13, 3), <game.Grid object at 0x116f6cf30>)",West,"[((13, 3), <game.Grid object at 0x1173ebd90>), ((11, 3), <game.Grid object at 0x1173ebe00>)]",336,336,2251,27,29,56
2252,"((12, 3), <game.Grid object at 0x116f6fcb0>)","((13, 3), <game.Grid object at 0x116f6d010>)",West,"[((13, 3), <game.Grid object at 0x1173ebe70>), ((11, 3), <game.Grid object at 0x1173ebee0>)]",336,336,2252,27,29,56
2253,"((4, 5), <game.Grid object at 0x116fec670>)","((4, 4), <game.Grid object at 0x116f6d940>)",North,"[((4, 4), <game.Grid object at 0x1173ebf50>), ((5, 5), <game.Grid object at 0x11746c050>), ((3, 5), <game.Grid object at 0x11746c0c0>)]",336,337,2253,17,39,56
2254,"((4, 4), <game.Grid object at 0x116fec910>)","((4, 3), <game.Grid object at 0x116f6db70>)",North,"[((4, 5), <game.Grid object at 0x11746c130>), ((4, 3), <game.Grid object at 0x11746c1a0>)]",337,338,2254,18,38,56
2255,"((7, 4), <game.Grid object at 0x116feca60>)","((7, 3), <game.Grid object at 0x116f6dc50>)",North,"[((7, 5), <game.Grid object at 0x11746c210>), ((7, 3), <game.Grid object at 0x11746c280>)]",338,339,2255,21,35,56
2256,"((10, 4), <game.Grid object at 0x116fed630>)","((10, 3), <game.Grid object at 0x116f6e9e0>)",North,"[((10, 5), <game.Grid object at 0x11746c2f0>), ((10, 3), <game.Grid object at 0x11746c360>)]",339,340,2256,24,32,56
2257,"((13, 4), <game.Grid object at 0x116fed780>)","((13, 3), <game.Grid object at 0x116f6eac0>)",North,"[((13, 5), <game.Grid object at 0x11746c3d0>), ((13, 3), <game.Grid object at 0x11746c440>)]",340,341,2257,27,29,56
2258,"((13, 4), <game.Grid object at 0x116fedb70>)","((13, 3), <game.Grid object at 0x116f6ef20>)",North,"[((13, 5), <game.Grid object at 0x11746c4b0>), ((13, 3), <game.Grid object at 0x11746c520>)]",341,342,2258,27,29,56
2259,"((10, 4), <game.Grid object at 0x116fedda0>)","((10, 3), <game.Grid object at 0x116f6f0e0>)",North,"[((10, 5), <game.Grid object at 0x11746c590>), ((10, 3), <game.Grid object at 0x11746c600>)]",342,343,2259,24,32,56
2260,"((13, 4), <game.Grid object at 0x116fee270>)","((13, 3), <game.Grid object at 0x116f6f690>)",North,"[((13, 5), <game.Grid object at 0x11746c670>), ((13, 3), <game.Grid object at 0x11746c6e0>)]",343,344,2260,27,29,56
2261,"((13, 4), <game.Grid object at 0x116fee3c0>)","((13, 3), <game.Grid object at 0x116f6f770>)",North,"[((13, 5), <game.Grid object at 0x11746c750>), ((13, 3), <game.Grid object at 0x11746c7c0>)]",344,345,2261,27,29,56
2262,"((13, 4), <game.Grid object at 0x116fee510>)","((13, 3), <game.Grid object at 0x116f6f850>)",North,"[((13, 5), <game.Grid object at 0x11746c830>), ((13, 3), <game.Grid object at 0x11746c8a0>)]",345,346,2262,27,29,56
2263,"((4, 4), <game.Grid object at 0x116fef0e0>)","((4, 3), <game.Grid object at 0x116fec590>)",North,"[((4, 5), <game.Grid object at 0x11746c910>), ((4, 3), <game.Grid object at 0x11746c980>)]",346,347,2263,18,38,56
2264,"((3, 3), <game.Grid object at 0x116fef310>)","((4, 3), <game.Grid object at 0x116fec6e0>)",West,"[((4, 3), <game.Grid object at 0x11746c9f0>), ((2, 3), <game.Grid object at 0x11746ca60>)]",347,347,2264,18,38,56
2265,"((7, 4), <game.Grid object at 0x116fef460>)","((7, 3), <game.Grid object at 0x116fec830>)",North,"[((7, 5), <game.Grid object at 0x11746cad0>), ((7, 3), <game.Grid object at 0x11746cb40>)]",347,348,2265,21,35,56
2266,"((7, 4), <game.Grid object at 0x116fef770>)","((7, 3), <game.Grid object at 0x116fecc90>)",North,"[((7, 5), <game.Grid object at 0x11746cbb0>), ((7, 3), <game.Grid object at 0x11746cc20>)]",348,349,2266,21,35,56
2267,"((12, 3), <game.Grid object at 0x1170680c0>)","((13, 3), <game.Grid object at 0x116fed400>)",West,"[((13, 3), <game.Grid object at 0x11746cc90>), ((11, 3), <game.Grid object at 0x11746cd00>)]",349,349,2267,27,29,56
2268,"((12, 3), <game.Grid object at 0x117068ad0>)","((13, 3), <game.Grid object at 0x116fedf60>)",West,"[((13, 3), <game.Grid object at 0x11746cd70>), ((11, 3), <game.Grid object at 0x11746cde0>)]",349,349,2268,27,29,56
2269,"((12, 3), <game.Grid object at 0x117068c20>)","((13, 3), <game.Grid object at 0x116fee040>)",West,"[((13, 3), <game.Grid object at 0x11746ce50>), ((11, 3), <game.Grid object at 0x11746cec0>)]",349,349,2269,27,29,56
2270,"((12, 3), <game.Grid object at 0x117068d70>)","((13, 3), <game.Grid object at 0x116fee120>)",West,"[((13, 3), <game.Grid object at 0x11746cf30>), ((11, 3), <game.Grid object at 0x11746cfa0>)]",349,349,2270,27,29,56
2271,"((14, 5), <game.Grid object at 0x11706a430>)","((13, 5), <game.Grid object at 0x116fefe70>)",East,"[((13, 5), <game.Grid object at 0x11746d010>)]",349,349,2271,25,31,56
2272,"((12, 5), <game.Grid object at 0x11706a4a0>)","((13, 5), <game.Grid object at 0x116fefe70>)",West,"[((13, 5), <game.Grid object at 0x11746d080>), ((11, 5), <game.Grid object at 0x11746d0f0>)]",349,349,2272,25,31,56
2273,"((14, 5), <game.Grid object at 0x11706ab30>)","((13, 5), <game.Grid object at 0x117068590>)",East,"[((13, 5), <game.Grid object at 0x11746d160>)]",349,349,2273,25,31,56
2274,"((12, 5), <game.Grid object at 0x11706aba0>)","((13, 5), <game.Grid object at 0x117068590>)",West,"[((13, 5), <game.Grid object at 0x11746d1d0>), ((11, 5), <game.Grid object at 0x11746d240>)]",349,349,2274,25,31,56
2275,"((14, 5), <game.Grid object at 0x11706ac80>)","((13, 5), <game.Grid object at 0x117068670>)",East,"[((13, 5), <game.Grid object at 0x11746d2b0>)]",349,349,2275,25,31,56
2276,"((12, 5), <game.Grid object at 0x11706acf0>)","((13, 5), <game.Grid object at 0x117068670>)",West,"[((13, 5), <game.Grid object at 0x11746d320>), ((11, 5), <game.Grid object at 0x11746d390>)]",349,349,2276,25,31,56
2277,"((7, 5), <game.Grid object at 0x1170e42f0>)","((7, 4), <game.Grid object at 0x117069da0>)",North,"[((7, 4), <game.Grid object at 0x11746d400>), ((8, 5), <game.Grid object at 0x11746d470>), ((6, 5), <game.Grid object at 0x11746d4e0>)]",349,349,2277,20,36,56
2278,"((7, 4), <game.Grid object at 0x1170e44b0>)","((7, 3), <game.Grid object at 0x117069ef0>)",North,"[((7, 5), <game.Grid object at 0x11746d550>), ((7, 3), <game.Grid object at 0x11746d5c0>)]",349,350,2278,21,35,56
2279,"((13, 4), <game.Grid object at 0x1170e4de0>)","((13, 3), <game.Grid object at 0x11706a820>)",North,"[((13, 5), <game.Grid object at 0x11746d630>), ((13, 3), <game.Grid object at 0x11746d6a0>)]",350,351,2279,27,29,56
2280,"((13, 4), <game.Grid object at 0x1170e5470>)","((13, 3), <game.Grid object at 0x11706af20>)",North,"[((13, 5), <game.Grid object at 0x11746d710>), ((13, 3), <game.Grid object at 0x11746d780>)]",351,352,2280,27,29,56
2281,"((7, 4), <game.Grid object at 0x1170e6660>)","((7, 3), <game.Grid object at 0x1170e4130>)",North,"[((7, 5), <game.Grid object at 0x11746d7f0>), ((7, 3), <game.Grid object at 0x11746d860>)]",352,353,2281,21,35,56
2282,"((7, 4), <game.Grid object at 0x1170e6890>)","((7, 3), <game.Grid object at 0x1170e4210>)",North,"[((7, 5), <game.Grid object at 0x11746d8d0>), ((7, 3), <game.Grid object at 0x11746d940>)]",353,354,2282,21,35,56
2283,"((6, 3), <game.Grid object at 0x1170e6ba0>)","((7, 3), <game.Grid object at 0x1170e4360>)",West,"[((7, 3), <game.Grid object at 0x11746d9b0>), ((5, 3), <game.Grid object at 0x11746da20>)]",354,354,2283,21,35,56
2284,"((12, 3), <game.Grid object at 0x1170e72a0>)","((13, 3), <game.Grid object at 0x1170e4ad0>)",West,"[((13, 3), <game.Grid object at 0x11746da90>), ((11, 3), <game.Grid object at 0x11746db00>)]",354,354,2284,27,29,56
2285,"((18, 4), <game.Grid object at 0x1170e7770>)","((18, 5), <game.Grid object at 0x1170e5010>)",South,"[((18, 5), <game.Grid object at 0x11746db70>), ((18, 3), <game.Grid object at 0x11746dbe0>)]",354,354,2285,34,22,56
2286,"((12, 3), <game.Grid object at 0x1170e7930>)","((13, 3), <game.Grid object at 0x1170e5160>)",West,"[((13, 3), <game.Grid object at 0x11746dc50>), ((11, 3), <game.Grid object at 0x11746dcc0>)]",354,354,2286,27,29,56
2287,"((12, 3), <game.Grid object at 0x1170e7a80>)","((13, 3), <game.Grid object at 0x1170e5240>)",West,"[((13, 3), <game.Grid object at 0x11746dd30>), ((11, 3), <game.Grid object at 0x11746dda0>)]",354,354,2287,27,29,56
2288,"((18, 4), <game.Grid object at 0x1170e7bd0>)","((18, 5), <game.Grid object at 0x1170e5390>)",South,"[((18, 5), <game.Grid object at 0x11746de10>), ((18, 3), <game.Grid object at 0x11746de80>)]",354,354,2288,34,22,56
2289,"((18, 4), <game.Grid object at 0x1171640c0>)","((18, 5), <game.Grid object at 0x1170e5860>)",South,"[((18, 5), <game.Grid object at 0x11746def0>), ((18, 3), <game.Grid object at 0x11746df60>)]",354,354,2289,34,22,56
2290,"((14, 5), <game.Grid object at 0x117165320>)","((13, 5), <game.Grid object at 0x1170e70e0>)",East,"[((13, 5), <game.Grid object at 0x11746dfd0>)]",354,354,2290,25,31,56
2291,"((12, 5), <game.Grid object at 0x117165390>)","((13, 5), <game.Grid object at 0x1170e70e0>)",West,"[((13, 5), <game.Grid object at 0x11746e040>), ((11, 5), <game.Grid object at 0x11746e0b0>)]",354,354,2291,25,31,56
2292,"((18, 4), <game.Grid object at 0x1171655c0>)","((18, 5), <game.Grid object at 0x1170e73f0>)",South,"[((18, 5), <game.Grid object at 0x11746e120>), ((18, 3), <game.Grid object at 0x11746e190>)]",354,354,2292,34,22,56
2293,"((14, 5), <game.Grid object at 0x117165710>)","((13, 5), <game.Grid object at 0x1170e74d0>)",East,"[((13, 5), <game.Grid object at 0x11746e200>)]",354,354,2293,25,31,56
2294,"((12, 5), <game.Grid object at 0x117165780>)","((13, 5), <game.Grid object at 0x1170e74d0>)",West,"[((13, 5), <game.Grid object at 0x11746e270>), ((11, 5), <game.Grid object at 0x11746e2e0>)]",354,354,2294,25,31,56
2295,"((18, 2), <game.Grid object at 0x117167e00>)","((18, 3), <game.Grid object at 0x117166580>)",South,"[((18, 3), <game.Grid object at 0x11746e350>), ((18, 1), <game.Grid object at 0x11746e3c0>)]",354,354,2295,36,20,56
2296,"((18, 2), <game.Grid object at 0x1171ec050>)","((18, 3), <game.Grid object at 0x117166740>)",South,"[((18, 3), <game.Grid object at 0x11746e430>), ((18, 1), <game.Grid object at 0x11746e4a0>)]",354,354,2296,36,20,56
2297,"((18, 2), <game.Grid object at 0x1171ec130>)","((18, 3), <game.Grid object at 0x117166820>)",South,"[((18, 3), <game.Grid object at 0x11746e510>), ((18, 1), <game.Grid object at 0x11746e580>)]",354,354,2297,36,20,56
2298,"((9, 3), <game.Grid object at 0x1171ec280>)","((10, 3), <game.Grid object at 0x117166900>)",West,"[((10, 3), <game.Grid object at 0x11746e5f0>), ((8, 3), <game.Grid object at 0x11746e660>)]",354,354,2298,24,32,56
2299,"((12, 3), <game.Grid object at 0x1171ec750>)","((13, 3), <game.Grid object at 0x117166d60>)",West,"[((13, 3), <game.Grid object at 0x11746e6d0>), ((11, 3), <game.Grid object at 0x11746e740>)]",354,354,2299,27,29,56
2300,"((12, 3), <game.Grid object at 0x1171eca60>)","((13, 3), <game.Grid object at 0x117167000>)",West,"[((13, 3), <game.Grid object at 0x11746e7b0>), ((11, 3), <game.Grid object at 0x11746e820>)]",354,354,2300,27,29,56
2301,"((18, 4), <game.Grid object at 0x1171ecbb0>)","((18, 5), <game.Grid object at 0x117167150>)",South,"[((18, 5), <game.Grid object at 0x11746e890>), ((18, 3), <game.Grid object at 0x11746e900>)]",354,354,2301,34,22,56
2302,"((18, 4), <game.Grid object at 0x1171ece50>)","((18, 5), <game.Grid object at 0x1171673f0>)",South,"[((18, 5), <game.Grid object at 0x11746e970>), ((18, 3), <game.Grid object at 0x11746e9e0>)]",354,354,2302,34,22,56
2303,"((14, 5), <game.Grid object at 0x1171ed860>)","((13, 5), <game.Grid object at 0x1171ec2f0>)",East,"[((13, 5), <game.Grid object at 0x11746ea50>)]",354,354,2303,25,31,56
2304,"((12, 5), <game.Grid object at 0x1171ed8d0>)","((13, 5), <game.Grid object at 0x1171ec2f0>)",West,"[((13, 5), <game.Grid object at 0x11746eac0>), ((11, 5), <game.Grid object at 0x11746eb30>)]",354,354,2304,25,31,56
2305,"((18, 4), <game.Grid object at 0x1171eda20>)","((18, 5), <game.Grid object at 0x1171ec4b0>)",South,"[((18, 5), <game.Grid object at 0x11746eba0>), ((18, 3), <game.Grid object at 0x11746ec10>)]",354,354,2305,34,22,56
2306,"((18, 4), <game.Grid object at 0x1171edb00>)","((18, 5), <game.Grid object at 0x1171ec590>)",South,"[((18, 5), <game.Grid object at 0x11746ec80>), ((18, 3), <game.Grid object at 0x11746ecf0>)]",354,354,2306,34,22,56
2307,"((18, 4), <game.Grid object at 0x1171edda0>)","((18, 5), <game.Grid object at 0x1171ec8a0>)",South,"[((18, 5), <game.Grid object at 0x11746ed60>), ((18, 3), <game.Grid object at 0x11746edd0>)]",354,354,2307,34,22,56
2308,"((18, 2), <game.Grid object at 0x1171ee7b0>)","((18, 3), <game.Grid object at 0x1171ed5c0>)",South,"[((18, 3), <game.Grid object at 0x11746ee40>), ((18, 1), <game.Grid object at 0x11746eeb0>)]",354,354,2308,36,20,56
2309,"((13, 5), <game.Grid object at 0x1171ee900>)","((13, 4), <game.Grid object at 0x1171ed7f0>)",North,"[((13, 4), <game.Grid object at 0x11746ef20>), ((14, 5), <game.Grid object at 0x11746ef90>), ((12, 5), <game.Grid object at 0x11746f000>)]",354,355,2309,26,30,56
2310,"((18, 2), <game.Grid object at 0x1171ef230>)","((18, 3), <game.Grid object at 0x1171ee5f0>)",South,"[((18, 3), <game.Grid object at 0x11746f070>), ((18, 1), <game.Grid object at 0x11746f0e0>)]",355,355,2310,36,20,56
2311,"((13, 4), <game.Grid object at 0x1171ef380>)","((13, 3), <game.Grid object at 0x1171ee820>)",North,"[((13, 5), <game.Grid object at 0x11746f150>), ((13, 3), <game.Grid object at 0x11746f1c0>)]",355,355,2311,27,29,56
2312,"((12, 3), <game.Grid object at 0x1171ef5b0>)","((13, 3), <game.Grid object at 0x1171ee970>)",West,"[((13, 3), <game.Grid object at 0x11746f230>), ((11, 3), <game.Grid object at 0x11746f2a0>)]",355,355,2312,27,29,56
2313,"((18, 4), <game.Grid object at 0x1171ef9a0>)","((18, 5), <game.Grid object at 0x1171eed60>)",South,"[((18, 5), <game.Grid object at 0x11746f310>), ((18, 3), <game.Grid object at 0x11746f380>)]",355,355,2313,34,22,56
2314,"((18, 2), <game.Grid object at 0x1171efd90>)","((18, 3), <game.Grid object at 0x1171ef150>)",South,"[((18, 3), <game.Grid object at 0x11746f3f0>), ((18, 1), <game.Grid object at 0x11746f460>)]",355,355,2314,36,20,56
2315,"((18, 4), <game.Grid object at 0x117270130>)","((18, 5), <game.Grid object at 0x1171ef620>)",South,"[((18, 5), <game.Grid object at 0x11746f4d0>), ((18, 3), <game.Grid object at 0x11746f540>)]",355,355,2315,34,22,56
2316,"((18, 4), <game.Grid object at 0x1172702f0>)","((18, 5), <game.Grid object at 0x1171ef7e0>)",South,"[((18, 5), <game.Grid object at 0x11746f5b0>), ((18, 3), <game.Grid object at 0x11746f620>)]",355,355,2316,34,22,56
2317,"((18, 2), <game.Grid object at 0x117271080>)","((18, 3), <game.Grid object at 0x117270b40>)",South,"[((18, 3), <game.Grid object at 0x11746f690>), ((18, 1), <game.Grid object at 0x11746f700>)]",355,355,2317,36,20,56
2318,"((18, 4), <game.Grid object at 0x117271390>)","((18, 5), <game.Grid object at 0x117270e50>)",South,"[((18, 5), <game.Grid object at 0x11746f770>), ((18, 3), <game.Grid object at 0x11746f7e0>)]",355,355,2318,34,22,56
2319,"((16, 1), <game.Grid object at 0x117271940>)","((17, 1), <game.Grid object at 0x1172715c0>)",West,"[((17, 1), <game.Grid object at 0x11746f850>), ((15, 1), <game.Grid object at 0x11746f8c0>)]",355,355,2319,39,17,56
2320,"((1, 4), <game.Grid object at 0x1172735b0>)","((1, 5), <game.Grid object at 0x116d8c1a0>)",South,"[((1, 5), <game.Grid object at 0x11746f930>), ((1, 3), <game.Grid object at 0x11746f9a0>)]",355,355,2320,15,41,56
2321,"((2, 5), <game.Grid object at 0x117273620>)","((1, 5), <game.Grid object at 0x116d8c1a0>)",East,"[((3, 5), <game.Grid object at 0x11746fa10>), ((1, 5), <game.Grid object at 0x11746fa80>)]",355,355,2321,15,41,56
2322,"((1, 4), <game.Grid object at 0x117273690>)","((1, 5), <game.Grid object at 0x116d8c2f0>)",South,"[((1, 5), <game.Grid object at 0x11746faf0>), ((1, 3), <game.Grid object at 0x11746fb60>)]",355,355,2322,15,41,56
2323,"((2, 5), <game.Grid object at 0x117273700>)","((1, 5), <game.Grid object at 0x116d8c2f0>)",East,"[((3, 5), <game.Grid object at 0x11746fbd0>), ((1, 5), <game.Grid object at 0x11746fc40>)]",355,354,2323,15,41,56
2324,"((2, 5), <game.Grid object at 0x1172737e0>)","((1, 5), <game.Grid object at 0x116d8c3d0>)",East,"[((3, 5), <game.Grid object at 0x11746fcb0>), ((1, 5), <game.Grid object at 0x11746fd20>)]",354,354,2324,15,41,56
2325,"((5, 5), <game.Grid object at 0x117273b60>)","((4, 5), <game.Grid object at 0x116d8c750>)",East,"[((6, 5), <game.Grid object at 0x11746fd90>), ((4, 5), <game.Grid object at 0x11746fe00>)]",354,354,2325,18,38,56
2326,"((4, 3), <game.Grid object at 0x1172f4210>)","((4, 4), <game.Grid object at 0x116d8cc90>)",South,"[((4, 4), <game.Grid object at 0x11746fe70>), ((5, 3), <game.Grid object at 0x11746fee0>), ((3, 3), <game.Grid object at 0x11746ff50>)]",354,355,2326,19,37,56
2327,"((4, 3), <game.Grid object at 0x1172f4670>)","((4, 4), <game.Grid object at 0x116d8d160>)",South,"[((4, 4), <game.Grid object at 0x1174f0050>), ((5, 3), <game.Grid object at 0x1174f00c0>), ((3, 3), <game.Grid object at 0x1174f0130>)]",355,356,2327,19,37,56
2328,"((4, 4), <game.Grid object at 0x1172f4a60>)","((4, 5), <game.Grid object at 0x116d8d8d0>)",South,"[((4, 5), <game.Grid object at 0x1174f01a0>), ((4, 3), <game.Grid object at 0x1174f0210>)]",356,357,2328,18,38,56
2329,"((4, 4), <game.Grid object at 0x1172f4bb0>)","((4, 5), <game.Grid object at 0x116d8d9b0>)",South,"[((4, 5), <game.Grid object at 0x1174f0280>), ((4, 3), <game.Grid object at 0x1174f02f0>)]",357,358,2329,18,38,56
2330,"((1, 3), <game.Grid object at 0x1172f58d0>)","((1, 4), <game.Grid object at 0x116d8e510>)",South,"[((1, 4), <game.Grid object at 0x1174f0360>), ((2, 3), <game.Grid object at 0x1174f03d0>)]",358,358,2330,16,40,56
2331,"((2, 5), <game.Grid object at 0x1172f63c0>)","((1, 5), <game.Grid object at 0x116d8f310>)",East,"[((3, 5), <game.Grid object at 0x1174f0440>), ((1, 5), <game.Grid object at 0x1174f04b0>)]",358,357,2331,15,41,56
2332,"((11, 5), <game.Grid object at 0x1172f64a0>)","((10, 5), <game.Grid object at 0x116d8f4d0>)",East,"[((12, 5), <game.Grid object at 0x1174f0520>), ((10, 5), <game.Grid object at 0x1174f0590>)]",357,357,2332,24,32,56
2333,"((1, 3), <game.Grid object at 0x1172f6f20>)","((1, 4), <game.Grid object at 0x116e000c0>)",South,"[((1, 4), <game.Grid object at 0x1174f0600>), ((2, 3), <game.Grid object at 0x1174f0670>)]",357,357,2333,16,40,56
2334,"((4, 3), <game.Grid object at 0x1172f7000>)","((4, 4), <game.Grid object at 0x116e001a0>)",South,"[((4, 4), <game.Grid object at 0x1174f06e0>), ((5, 3), <game.Grid object at 0x1174f0750>), ((3, 3), <game.Grid object at 0x1174f07c0>)]",357,358,2334,19,37,56
2335,"((4, 3), <game.Grid object at 0x1172f7690>)","((4, 4), <game.Grid object at 0x116e007c0>)",South,"[((4, 4), <game.Grid object at 0x1174f0830>), ((5, 3), <game.Grid object at 0x1174f08a0>), ((3, 3), <game.Grid object at 0x1174f0910>)]",358,359,2335,19,37,56
2336,"((4, 3), <game.Grid object at 0x1172f7850>)","((4, 4), <game.Grid object at 0x116e00910>)",South,"[((4, 4), <game.Grid object at 0x1174f0980>), ((5, 3), <game.Grid object at 0x1174f09f0>), ((3, 3), <game.Grid object at 0x1174f0a60>)]",359,360,2336,19,37,56
2337,"((10, 4), <game.Grid object at 0x11736d080>)","((10, 5), <game.Grid object at 0x116e01fd0>)",South,"[((10, 5), <game.Grid object at 0x1174f0ad0>), ((10, 3), <game.Grid object at 0x1174f0b40>)]",360,360,2337,24,32,56
2338,"((13, 5), <game.Grid object at 0x11736e190>)","((14, 5), <game.Grid object at 0x116e02f20>)",West,"[((13, 4), <game.Grid object at 0x1174f0bb0>), ((14, 5), <game.Grid object at 0x1174f0c20>), ((12, 5), <game.Grid object at 0x1174f0c90>)]",360,361,2338,26,30,56
2339,"((5, 5), <game.Grid object at 0x11736e970>)","((4, 5), <game.Grid object at 0x116e03af0>)",East,"[((6, 5), <game.Grid object at 0x1174f0d00>), ((4, 5), <game.Grid object at 0x1174f0d70>)]",361,360,2339,18,38,56
2340,"((8, 5), <game.Grid object at 0x11736eac0>)","((7, 5), <game.Grid object at 0x116e03bd0>)",East,"[((9, 5), <game.Grid object at 0x1174f0de0>), ((7, 5), <game.Grid object at 0x1174f0e50>)]",360,360,2340,21,35,56
2341,"((6, 5), <game.Grid object at 0x1174f0d00>)","((5, 5), <game.Grid object at 0x11736e970>)",East,"[((7, 5), <game.Grid object at 0x1174f0ec0>), ((5, 5), <game.Grid object at 0x1174f0f30>)]",360,359,2341,19,37,56
2342,"((11, 5), <game.Grid object at 0x11736ec10>)","((10, 5), <game.Grid object at 0x116e03cb0>)",East,"[((12, 5), <game.Grid object at 0x1174f0fa0>), ((10, 5), <game.Grid object at 0x1174f1010>)]",359,359,2342,24,32,56
2343,"((5, 5), <game.Grid object at 0x11736eeb0>)","((4, 5), <game.Grid object at 0x116e03e70>)",East,"[((6, 5), <game.Grid object at 0x1174f1080>), ((4, 5), <game.Grid object at 0x1174f10f0>)]",359,358,2343,18,38,56
2344,"((3, 5), <game.Grid object at 0x1174f0440>)","((2, 5), <game.Grid object at 0x1172f63c0>)",East,"[((4, 5), <game.Grid object at 0x1174f1160>), ((2, 5), <game.Grid object at 0x1174f11d0>)]",358,357,2344,16,40,56
2345,"((11, 5), <game.Grid object at 0x11736f1c0>)","((10, 5), <game.Grid object at 0x116e78440>)",East,"[((12, 5), <game.Grid object at 0x1174f1240>), ((10, 5), <game.Grid object at 0x1174f12b0>)]",357,357,2345,24,32,56
2346,"((8, 5), <game.Grid object at 0x11736f540>)","((7, 5), <game.Grid object at 0x116e786e0>)",East,"[((9, 5), <game.Grid object at 0x1174f1320>), ((7, 5), <game.Grid object at 0x1174f1390>)]",357,357,2346,21,35,56
2347,"((6, 5), <game.Grid object at 0x1174f1080>)","((5, 5), <game.Grid object at 0x11736eeb0>)",East,"[((7, 5), <game.Grid object at 0x1174f1400>), ((5, 5), <game.Grid object at 0x1174f1470>)]",357,356,2347,19,37,56
2348,"((8, 5), <game.Grid object at 0x11746d470>)","((7, 5), <game.Grid object at 0x1170e42f0>)",East,"[((9, 5), <game.Grid object at 0x1174f14e0>), ((7, 5), <game.Grid object at 0x1174f1550>)]",356,355,2348,21,35,56
2349,"((11, 5), <game.Grid object at 0x11736fc40>)","((10, 5), <game.Grid object at 0x116e78e50>)",East,"[((12, 5), <game.Grid object at 0x1174f15c0>), ((10, 5), <game.Grid object at 0x1174f1630>)]",355,355,2349,24,32,56
2350,"((11, 5), <game.Grid object at 0x11736fd90>)","((10, 5), <game.Grid object at 0x116e78f30>)",East,"[((12, 5), <game.Grid object at 0x1174f16a0>), ((10, 5), <game.Grid object at 0x1174f1710>)]",355,355,2350,24,32,56
2351,"((11, 5), <game.Grid object at 0x11736fee0>)","((10, 5), <game.Grid object at 0x116e790f0>)",East,"[((12, 5), <game.Grid object at 0x1174f1780>), ((10, 5), <game.Grid object at 0x1174f17f0>)]",355,355,2351,24,32,56
2352,"((5, 5), <game.Grid object at 0x1173e99b0>)","((4, 5), <game.Grid object at 0x116e7b070>)",East,"[((6, 5), <game.Grid object at 0x1174f1860>), ((4, 5), <game.Grid object at 0x1174f18d0>)]",355,355,2352,18,38,56
2353,"((5, 5), <game.Grid object at 0x1173e9be0>)","((4, 5), <game.Grid object at 0x116e7b380>)",East,"[((6, 5), <game.Grid object at 0x1174f1940>), ((4, 5), <game.Grid object at 0x1174f19b0>)]",355,355,2353,18,38,56
2354,"((13, 5), <game.Grid object at 0x1173eb770>)","((14, 5), <game.Grid object at 0x116f6e6d0>)",West,"[((13, 4), <game.Grid object at 0x1174f1a20>), ((14, 5), <game.Grid object at 0x1174f1a90>), ((12, 5), <game.Grid object at 0x1174f1b00>)]",355,356,2354,26,30,56
2355,"((13, 5), <game.Grid object at 0x1173eb8c0>)","((14, 5), <game.Grid object at 0x116f6f230>)",West,"[((13, 4), <game.Grid object at 0x1174f1b70>), ((14, 5), <game.Grid object at 0x1174f1be0>), ((12, 5), <game.Grid object at 0x1174f1c50>)]",356,357,2355,26,30,56
2356,"((13, 5), <game.Grid object at 0x1173eba10>)","((14, 5), <game.Grid object at 0x116f6f380>)",West,"[((13, 4), <game.Grid object at 0x1174f1cc0>), ((14, 5), <game.Grid object at 0x1174f1d30>), ((12, 5), <game.Grid object at 0x1174f1da0>)]",357,358,2356,26,30,56
2357,"((13, 5), <game.Grid object at 0x1173ebb60>)","((14, 5), <game.Grid object at 0x116f6f4d0>)",West,"[((13, 4), <game.Grid object at 0x1174f1e10>), ((14, 5), <game.Grid object at 0x1174f1e80>), ((12, 5), <game.Grid object at 0x1174f1ef0>)]",358,359,2357,26,30,56
2358,"((5, 5), <game.Grid object at 0x11746c050>)","((4, 5), <game.Grid object at 0x116fec670>)",East,"[((6, 5), <game.Grid object at 0x1174f1f60>), ((4, 5), <game.Grid object at 0x1174f1fd0>)]",359,359,2358,18,38,56
2359,"((3, 5), <game.Grid object at 0x11746fbd0>)","((2, 5), <game.Grid object at 0x117273700>)",East,"[((4, 5), <game.Grid object at 0x1174f2040>), ((2, 5), <game.Grid object at 0x1174f20b0>)]",359,358,2359,16,40,56
2360,"((4, 3), <game.Grid object at 0x11746c1a0>)","((4, 4), <game.Grid object at 0x116fec910>)",South,"[((4, 4), <game.Grid object at 0x1174f2120>), ((5, 3), <game.Grid object at 0x1174f2190>), ((3, 3), <game.Grid object at 0x1174f2200>)]",358,359,2360,19,37,56
2361,"((7, 3), <game.Grid object at 0x11746c280>)","((7, 4), <game.Grid object at 0x116feca60>)",South,"[((7, 4), <game.Grid object at 0x1174f2270>), ((8, 3), <game.Grid object at 0x1174f22e0>), ((6, 3), <game.Grid object at 0x1174f2350>)]",359,359,2361,22,34,56
2362,"((8, 3), <game.Grid object at 0x1174f22e0>)","((7, 3), <game.Grid object at 0x11746c280>)",East,"[((9, 3), <game.Grid object at 0x1174f23c0>), ((7, 3), <game.Grid object at 0x1174f2430>)]",359,358,2362,23,33,56
2363,"((10, 3), <game.Grid object at 0x11746c360>)","((10, 4), <game.Grid object at 0x116fed630>)",South,"[((10, 4), <game.Grid object at 0x1174f24a0>), ((11, 3), <game.Grid object at 0x1174f2510>), ((9, 3), <game.Grid object at 0x1174f2580>)]",358,359,2363,25,31,56
2364,"((13, 3), <game.Grid object at 0x11746c440>)","((13, 4), <game.Grid object at 0x116fed780>)",South,"[((13, 4), <game.Grid object at 0x1174f25f0>), ((14, 3), <game.Grid object at 0x1174f2660>), ((12, 3), <game.Grid object at 0x1174f26d0>)]",359,360,2364,28,28,56
2365,"((13, 3), <game.Grid object at 0x11746c520>)","((13, 4), <game.Grid object at 0x116fedb70>)",South,"[((13, 4), <game.Grid object at 0x1174f2740>), ((14, 3), <game.Grid object at 0x1174f27b0>), ((12, 3), <game.Grid object at 0x1174f2820>)]",360,361,2365,28,28,56
2366,"((10, 3), <game.Grid object at 0x11746c600>)","((10, 4), <game.Grid object at 0x116fedda0>)",South,"[((10, 4), <game.Grid object at 0x1174f2890>), ((11, 3), <game.Grid object at 0x1174f2900>), ((9, 3), <game.Grid object at 0x1174f2970>)]",361,362,2366,25,31,56
2367,"((13, 3), <game.Grid object at 0x11746c6e0>)","((13, 4), <game.Grid object at 0x116fee270>)",South,"[((13, 4), <game.Grid object at 0x1174f29e0>), ((14, 3), <game.Grid object at 0x1174f2a50>), ((12, 3), <game.Grid object at 0x1174f2ac0>)]",362,363,2367,28,28,56
2368,"((13, 3), <game.Grid object at 0x11746c7c0>)","((13, 4), <game.Grid object at 0x116fee3c0>)",South,"[((13, 4), <game.Grid object at 0x1174f2b30>), ((14, 3), <game.Grid object at 0x1174f2ba0>), ((12, 3), <game.Grid object at 0x1174f2c10>)]",363,364,2368,28,28,56
2369,"((13, 3), <game.Grid object at 0x11746c8a0>)","((13, 4), <game.Grid object at 0x116fee510>)",South,"[((13, 4), <game.Grid object at 0x1174f2c80>), ((14, 3), <game.Grid object at 0x1174f2cf0>), ((12, 3), <game.Grid object at 0x1174f2d60>)]",364,365,2369,28,28,56
2370,"((4, 3), <game.Grid object at 0x11746c980>)","((4, 4), <game.Grid object at 0x116fef0e0>)",South,"[((4, 4), <game.Grid object at 0x1174f2dd0>), ((5, 3), <game.Grid object at 0x1174f2e40>), ((3, 3), <game.Grid object at 0x1174f2eb0>)]",365,366,2370,19,37,56
2371,"((7, 3), <game.Grid object at 0x11746cb40>)","((7, 4), <game.Grid object at 0x116fef460>)",South,"[((7, 4), <game.Grid object at 0x1174f2f20>), ((8, 3), <game.Grid object at 0x1174f2f90>), ((6, 3), <game.Grid object at 0x1174f3000>)]",366,366,2371,22,34,56
2372,"((8, 3), <game.Grid object at 0x1174f2f90>)","((7, 3), <game.Grid object at 0x11746cb40>)",East,"[((9, 3), <game.Grid object at 0x1174f3070>), ((7, 3), <game.Grid object at 0x1174f30e0>)]",366,365,2372,23,33,56
2373,"((7, 3), <game.Grid object at 0x11746cc20>)","((7, 4), <game.Grid object at 0x116fef770>)",South,"[((7, 4), <game.Grid object at 0x1174f3150>), ((8, 3), <game.Grid object at 0x1174f31c0>), ((6, 3), <game.Grid object at 0x1174f3230>)]",365,365,2373,22,34,56
2374,"((8, 3), <game.Grid object at 0x1174f31c0>)","((7, 3), <game.Grid object at 0x11746cc20>)",East,"[((9, 3), <game.Grid object at 0x1174f32a0>), ((7, 3), <game.Grid object at 0x1174f3310>)]",365,364,2374,23,33,56
2375,"((13, 5), <game.Grid object at 0x11746d010>)","((14, 5), <game.Grid object at 0x11706a430>)",West,"[((13, 4), <game.Grid object at 0x1174f3380>), ((14, 5), <game.Grid object at 0x1174f33f0>), ((12, 5), <game.Grid object at 0x1174f3460>)]",364,365,2375,26,30,56
2376,"((13, 5), <game.Grid object at 0x11746d160>)","((14, 5), <game.Grid object at 0x11706ab30>)",West,"[((13, 4), <game.Grid object at 0x1174f34d0>), ((14, 5), <game.Grid object at 0x1174f3540>), ((12, 5), <game.Grid object at 0x1174f35b0>)]",365,366,2376,26,30,56
2377,"((13, 5), <game.Grid object at 0x11746d2b0>)","((14, 5), <game.Grid object at 0x11706ac80>)",West,"[((13, 4), <game.Grid object at 0x1174f3620>), ((14, 5), <game.Grid object at 0x1174f3690>), ((12, 5), <game.Grid object at 0x1174f3700>)]",366,367,2377,26,30,56
2378,"((7, 3), <game.Grid object at 0x11746d5c0>)","((7, 4), <game.Grid object at 0x1170e44b0>)",South,"[((7, 4), <game.Grid object at 0x1174f3770>), ((8, 3), <game.Grid object at 0x1174f37e0>), ((6, 3), <game.Grid object at 0x1174f3850>)]",367,367,2378,22,34,56
2379,"((8, 3), <game.Grid object at 0x1174f37e0>)","((7, 3), <game.Grid object at 0x11746d5c0>)",East,"[((9, 3), <game.Grid object at 0x1174f38c0>), ((7, 3), <game.Grid object at 0x1174f3930>)]",367,366,2379,23,33,56
2380,"((13, 3), <game.Grid object at 0x11746d6a0>)","((13, 4), <game.Grid object at 0x1170e4de0>)",South,"[((13, 4), <game.Grid object at 0x1174f39a0>), ((14, 3), <game.Grid object at 0x1174f3a10>), ((12, 3), <game.Grid object at 0x1174f3a80>)]",366,367,2380,28,28,56
2381,"((13, 3), <game.Grid object at 0x11746d780>)","((13, 4), <game.Grid object at 0x1170e5470>)",South,"[((13, 4), <game.Grid object at 0x1174f3af0>), ((14, 3), <game.Grid object at 0x1174f3b60>), ((12, 3), <game.Grid object at 0x1174f3bd0>)]",367,368,2381,28,28,56
2382,"((7, 3), <game.Grid object at 0x11746d860>)","((7, 4), <game.Grid object at 0x1170e6660>)",South,"[((7, 4), <game.Grid object at 0x1174f3c40>), ((8, 3), <game.Grid object at 0x1174f3cb0>), ((6, 3), <game.Grid object at 0x1174f3d20>)]",368,368,2382,22,34,56
2383,"((8, 3), <game.Grid object at 0x1174f3cb0>)","((7, 3), <game.Grid object at 0x11746d860>)",East,"[((9, 3), <game.Grid object at 0x1174f3d90>), ((7, 3), <game.Grid object at 0x1174f3e00>)]",368,367,2383,23,33,56
2384,"((7, 3), <game.Grid object at 0x11746d940>)","((7, 4), <game.Grid object at 0x1170e6890>)",South,"[((7, 4), <game.Grid object at 0x1174f3e70>), ((8, 3), <game.Grid object at 0x1174f3ee0>), ((6, 3), <game.Grid object at 0x1174f3f50>)]",367,367,2384,22,34,56
2385,"((8, 3), <game.Grid object at 0x1174f3ee0>)","((7, 3), <game.Grid object at 0x11746d940>)",East,"[((9, 3), <game.Grid object at 0x117570050>), ((7, 3), <game.Grid object at 0x1175700c0>)]",367,366,2385,23,33,56
2386,"((13, 5), <game.Grid object at 0x11746dfd0>)","((14, 5), <game.Grid object at 0x117165320>)",West,"[((13, 4), <game.Grid object at 0x117570130>), ((14, 5), <game.Grid object at 0x1175701a0>), ((12, 5), <game.Grid object at 0x117570210>)]",366,367,2386,26,30,56
2387,"((13, 5), <game.Grid object at 0x11746e200>)","((14, 5), <game.Grid object at 0x117165710>)",West,"[((13, 4), <game.Grid object at 0x117570280>), ((14, 5), <game.Grid object at 0x1175702f0>), ((12, 5), <game.Grid object at 0x117570360>)]",367,368,2387,26,30,56
2388,"((13, 5), <game.Grid object at 0x11746ea50>)","((14, 5), <game.Grid object at 0x1171ed860>)",West,"[((13, 4), <game.Grid object at 0x1175703d0>), ((14, 5), <game.Grid object at 0x117570440>), ((12, 5), <game.Grid object at 0x1175704b0>)]",368,369,2388,26,30,56
2389,"((13, 3), <game.Grid object at 0x11746f1c0>)","((13, 4), <game.Grid object at 0x1171ef380>)",South,"[((13, 4), <game.Grid object at 0x117570520>), ((14, 3), <game.Grid object at 0x117570590>), ((12, 3), <game.Grid object at 0x117570600>)]",369,370,2389,28,28,56
2390,"((1, 3), <game.Grid object at 0x11746f9a0>)","((1, 4), <game.Grid object at 0x1172735b0>)",South,"[((1, 4), <game.Grid object at 0x117570670>), ((2, 3), <game.Grid object at 0x1175706e0>)]",370,370,2390,16,40,56
2391,"((3, 5), <game.Grid object at 0x11746fa10>)","((2, 5), <game.Grid object at 0x117273620>)",East,"[((4, 5), <game.Grid object at 0x117570750>), ((2, 5), <game.Grid object at 0x1175707c0>)]",370,370,2391,16,40,56
2392,"((1, 3), <game.Grid object at 0x11746fb60>)","((1, 4), <game.Grid object at 0x117273690>)",South,"[((1, 4), <game.Grid object at 0x117570830>), ((2, 3), <game.Grid object at 0x1175708a0>)]",370,370,2392,16,40,56
2393,"((3, 5), <game.Grid object at 0x11746fcb0>)","((2, 5), <game.Grid object at 0x1172737e0>)",East,"[((4, 5), <game.Grid object at 0x117570910>), ((2, 5), <game.Grid object at 0x117570980>)]",370,370,2393,16,40,56
2394,"((6, 5), <game.Grid object at 0x11746fd90>)","((5, 5), <game.Grid object at 0x117273b60>)",East,"[((7, 5), <game.Grid object at 0x1175709f0>), ((5, 5), <game.Grid object at 0x117570a60>)]",370,370,2394,19,37,56
2395,"((5, 3), <game.Grid object at 0x11746fee0>)","((4, 3), <game.Grid object at 0x1172f4210>)",East,"[((6, 3), <game.Grid object at 0x117570ad0>), ((4, 3), <game.Grid object at 0x117570b40>)]",370,370,2395,20,36,56
2396,"((5, 3), <game.Grid object at 0x1174f00c0>)","((4, 3), <game.Grid object at 0x1172f4670>)",East,"[((6, 3), <game.Grid object at 0x117570bb0>), ((4, 3), <game.Grid object at 0x117570c20>)]",370,370,2396,20,36,56
2397,"((4, 3), <game.Grid object at 0x1174f0210>)","((4, 4), <game.Grid object at 0x1172f4a60>)",South,"[((4, 4), <game.Grid object at 0x117570c90>), ((5, 3), <game.Grid object at 0x117570d00>), ((3, 3), <game.Grid object at 0x117570d70>)]",370,371,2397,19,37,56
2398,"((4, 3), <game.Grid object at 0x1174f02f0>)","((4, 4), <game.Grid object at 0x1172f4bb0>)",South,"[((4, 4), <game.Grid object at 0x117570de0>), ((5, 3), <game.Grid object at 0x117570e50>), ((3, 3), <game.Grid object at 0x117570ec0>)]",371,372,2398,19,37,56
2399,"((2, 3), <game.Grid object at 0x1174f03d0>)","((1, 3), <game.Grid object at 0x1172f58d0>)",East,"[((3, 3), <game.Grid object at 0x117570f30>), ((1, 3), <game.Grid object at 0x117570fa0>)]",372,372,2399,17,39,56
2400,"((12, 5), <game.Grid object at 0x1174f0520>)","((11, 5), <game.Grid object at 0x1172f64a0>)",East,"[((13, 5), <game.Grid object at 0x117571010>), ((11, 5), <game.Grid object at 0x117571080>)]",372,371,2400,25,31,56
2401,"((2, 3), <game.Grid object at 0x1174f0670>)","((1, 3), <game.Grid object at 0x1172f6f20>)",East,"[((3, 3), <game.Grid object at 0x1175710f0>), ((1, 3), <game.Grid object at 0x117571160>)]",371,370,2401,17,39,56
2402,"((5, 3), <game.Grid object at 0x1174f0750>)","((4, 3), <game.Grid object at 0x1172f7000>)",East,"[((6, 3), <game.Grid object at 0x1175711d0>), ((4, 3), <game.Grid object at 0x117571240>)]",370,369,2402,20,36,56
2403,"((5, 3), <game.Grid object at 0x1174f08a0>)","((4, 3), <game.Grid object at 0x1172f7690>)",East,"[((6, 3), <game.Grid object at 0x1175712b0>), ((4, 3), <game.Grid object at 0x117571320>)]",369,368,2403,20,36,56
2404,"((5, 3), <game.Grid object at 0x1174f09f0>)","((4, 3), <game.Grid object at 0x1172f7850>)",East,"[((6, 3), <game.Grid object at 0x117571390>), ((4, 3), <game.Grid object at 0x117571400>)]",368,367,2404,20,36,56
2405,"((10, 3), <game.Grid object at 0x1174f0b40>)","((10, 4), <game.Grid object at 0x11736d080>)",South,"[((10, 4), <game.Grid object at 0x117571470>), ((11, 3), <game.Grid object at 0x1175714e0>), ((9, 3), <game.Grid object at 0x117571550>)]",367,368,2405,25,31,56
2406,"((13, 4), <game.Grid object at 0x1174f0bb0>)","((13, 5), <game.Grid object at 0x11736e190>)",South,"[((13, 5), <game.Grid object at 0x1175715c0>), ((13, 3), <game.Grid object at 0x117571630>)]",368,368,2406,27,29,56
2407,"((9, 5), <game.Grid object at 0x1174f0de0>)","((8, 5), <game.Grid object at 0x11736eac0>)",East,"[((10, 5), <game.Grid object at 0x1175716a0>), ((8, 5), <game.Grid object at 0x117571710>)]",368,368,2407,22,34,56
2408,"((12, 5), <game.Grid object at 0x1174f0fa0>)","((11, 5), <game.Grid object at 0x11736ec10>)",East,"[((13, 5), <game.Grid object at 0x117571780>), ((11, 5), <game.Grid object at 0x1175717f0>)]",368,368,2408,25,31,56
2409,"((12, 5), <game.Grid object at 0x1174f1240>)","((11, 5), <game.Grid object at 0x11736f1c0>)",East,"[((13, 5), <game.Grid object at 0x117571860>), ((11, 5), <game.Grid object at 0x1175718d0>)]",368,368,2409,25,31,56
2410,"((9, 5), <game.Grid object at 0x1174f1320>)","((8, 5), <game.Grid object at 0x11736f540>)",East,"[((10, 5), <game.Grid object at 0x117571940>), ((8, 5), <game.Grid object at 0x1175719b0>)]",368,368,2410,22,34,56
2411,"((12, 5), <game.Grid object at 0x1174f15c0>)","((11, 5), <game.Grid object at 0x11736fc40>)",East,"[((13, 5), <game.Grid object at 0x117571a20>), ((11, 5), <game.Grid object at 0x117571a90>)]",368,368,2411,25,31,56
2412,"((12, 5), <game.Grid object at 0x1174f16a0>)","((11, 5), <game.Grid object at 0x11736fd90>)",East,"[((13, 5), <game.Grid object at 0x117571b00>), ((11, 5), <game.Grid object at 0x117571b70>)]",368,368,2412,25,31,56
2413,"((12, 5), <game.Grid object at 0x1174f1780>)","((11, 5), <game.Grid object at 0x11736fee0>)",East,"[((13, 5), <game.Grid object at 0x117571be0>), ((11, 5), <game.Grid object at 0x117571c50>)]",368,368,2413,25,31,56
2414,"((6, 5), <game.Grid object at 0x1174f1860>)","((5, 5), <game.Grid object at 0x1173e99b0>)",East,"[((7, 5), <game.Grid object at 0x117571cc0>), ((5, 5), <game.Grid object at 0x117571d30>)]",368,368,2414,19,37,56
2415,"((6, 5), <game.Grid object at 0x1174f1940>)","((5, 5), <game.Grid object at 0x1173e9be0>)",East,"[((7, 5), <game.Grid object at 0x117571da0>), ((5, 5), <game.Grid object at 0x117571e10>)]",368,368,2415,19,37,56
2416,"((13, 4), <game.Grid object at 0x1174f1a20>)","((13, 5), <game.Grid object at 0x1173eb770>)",South,"[((13, 5), <game.Grid object at 0x117571e80>), ((13, 3), <game.Grid object at 0x117571ef0>)]",368,369,2416,27,29,56
2417,"((13, 4), <game.Grid object at 0x1174f1b70>)","((13, 5), <game.Grid object at 0x1173eb8c0>)",South,"[((13, 5), <game.Grid object at 0x117571f60>), ((13, 3), <game.Grid object at 0x117571fd0>)]",369,370,2417,27,29,56
2418,"((13, 4), <game.Grid object at 0x1174f1cc0>)","((13, 5), <game.Grid object at 0x1173eba10>)",South,"[((13, 5), <game.Grid object at 0x117572040>), ((13, 3), <game.Grid object at 0x1175720b0>)]",370,371,2418,27,29,56
2419,"((13, 4), <game.Grid object at 0x1174f1e10>)","((13, 5), <game.Grid object at 0x1173ebb60>)",South,"[((13, 5), <game.Grid object at 0x117572120>), ((13, 3), <game.Grid object at 0x117572190>)]",371,372,2419,27,29,56
2420,"((6, 5), <game.Grid object at 0x1174f1f60>)","((5, 5), <game.Grid object at 0x11746c050>)",East,"[((7, 5), <game.Grid object at 0x117572200>), ((5, 5), <game.Grid object at 0x117572270>)]",372,372,2420,19,37,56
2421,"((5, 3), <game.Grid object at 0x1174f2190>)","((4, 3), <game.Grid object at 0x11746c1a0>)",East,"[((6, 3), <game.Grid object at 0x1175722e0>), ((4, 3), <game.Grid object at 0x117572350>)]",372,372,2421,20,36,56
2422,"((3, 3), <game.Grid object at 0x1175710f0>)","((2, 3), <game.Grid object at 0x1174f0670>)",East,"[((4, 3), <game.Grid object at 0x1175723c0>), ((2, 3), <game.Grid object at 0x117572430>)]",372,371,2422,18,38,56
2423,"((6, 3), <game.Grid object at 0x1175711d0>)","((5, 3), <game.Grid object at 0x1174f0750>)",East,"[((7, 3), <game.Grid object at 0x1175724a0>), ((5, 3), <game.Grid object at 0x117572510>)]",371,370,2423,21,35,56
2424,"((11, 3), <game.Grid object at 0x1174f2510>)","((10, 3), <game.Grid object at 0x11746c360>)",East,"[((12, 3), <game.Grid object at 0x117572580>), ((10, 3), <game.Grid object at 0x1175725f0>)]",370,370,2424,26,30,56
2425,"((14, 3), <game.Grid object at 0x1174f2660>)","((13, 3), <game.Grid object at 0x11746c440>)",East,"[((15, 3), <game.Grid object at 0x117572660>), ((13, 3), <game.Grid object at 0x1175726d0>)]",370,370,2425,29,27,56
2426,"((14, 3), <game.Grid object at 0x1174f27b0>)","((13, 3), <game.Grid object at 0x11746c520>)",East,"[((15, 3), <game.Grid object at 0x117572740>), ((13, 3), <game.Grid object at 0x1175727b0>)]",370,370,2426,29,27,56
2427,"((11, 3), <game.Grid object at 0x1174f2900>)","((10, 3), <game.Grid object at 0x11746c600>)",East,"[((12, 3), <game.Grid object at 0x117572820>), ((10, 3), <game.Grid object at 0x117572890>)]",370,370,2427,26,30,56
2428,"((14, 3), <game.Grid object at 0x1174f2a50>)","((13, 3), <game.Grid object at 0x11746c6e0>)",East,"[((15, 3), <game.Grid object at 0x117572900>), ((13, 3), <game.Grid object at 0x117572970>)]",370,370,2428,29,27,56
2429,"((14, 3), <game.Grid object at 0x1174f2ba0>)","((13, 3), <game.Grid object at 0x11746c7c0>)",East,"[((15, 3), <game.Grid object at 0x1175729e0>), ((13, 3), <game.Grid object at 0x117572a50>)]",370,370,2429,29,27,56
2430,"((14, 3), <game.Grid object at 0x1174f2cf0>)","((13, 3), <game.Grid object at 0x11746c8a0>)",East,"[((15, 3), <game.Grid object at 0x117572ac0>), ((13, 3), <game.Grid object at 0x117572b30>)]",370,370,2430,29,27,56
2431,"((5, 3), <game.Grid object at 0x1174f2e40>)","((4, 3), <game.Grid object at 0x11746c980>)",East,"[((6, 3), <game.Grid object at 0x117572ba0>), ((4, 3), <game.Grid object at 0x117572c10>)]",370,370,2431,20,36,56
2432,"((6, 3), <game.Grid object at 0x1175712b0>)","((5, 3), <game.Grid object at 0x1174f08a0>)",East,"[((7, 3), <game.Grid object at 0x117572c80>), ((5, 3), <game.Grid object at 0x117572cf0>)]",370,369,2432,21,35,56
2433,"((6, 3), <game.Grid object at 0x117571390>)","((5, 3), <game.Grid object at 0x1174f09f0>)",East,"[((7, 3), <game.Grid object at 0x117572d60>), ((5, 3), <game.Grid object at 0x117572dd0>)]",369,368,2433,21,35,56
2434,"((13, 4), <game.Grid object at 0x1174f3380>)","((13, 5), <game.Grid object at 0x11746d010>)",South,"[((13, 5), <game.Grid object at 0x117572e40>), ((13, 3), <game.Grid object at 0x117572eb0>)]",368,369,2434,27,29,56
2435,"((13, 4), <game.Grid object at 0x1174f34d0>)","((13, 5), <game.Grid object at 0x11746d160>)",South,"[((13, 5), <game.Grid object at 0x117572f20>), ((13, 3), <game.Grid object at 0x117572f90>)]",369,370,2435,27,29,56
2436,"((13, 4), <game.Grid object at 0x1174f3620>)","((13, 5), <game.Grid object at 0x11746d2b0>)",South,"[((13, 5), <game.Grid object at 0x117573000>), ((13, 3), <game.Grid object at 0x117573070>)]",370,371,2436,27,29,56
2437,"((14, 3), <game.Grid object at 0x1174f3a10>)","((13, 3), <game.Grid object at 0x11746d6a0>)",East,"[((15, 3), <game.Grid object at 0x1175730e0>), ((13, 3), <game.Grid object at 0x117573150>)]",371,371,2437,29,27,56
2438,"((14, 3), <game.Grid object at 0x1174f3b60>)","((13, 3), <game.Grid object at 0x11746d780>)",East,"[((15, 3), <game.Grid object at 0x1175731c0>), ((13, 3), <game.Grid object at 0x117573230>)]",371,371,2438,29,27,56
2439,"((13, 4), <game.Grid object at 0x117570130>)","((13, 5), <game.Grid object at 0x11746dfd0>)",South,"[((13, 5), <game.Grid object at 0x1175732a0>), ((13, 3), <game.Grid object at 0x117573310>)]",371,372,2439,27,29,56
2440,"((13, 4), <game.Grid object at 0x117570280>)","((13, 5), <game.Grid object at 0x11746e200>)",South,"[((13, 5), <game.Grid object at 0x117573380>), ((13, 3), <game.Grid object at 0x1175733f0>)]",372,373,2440,27,29,56
2441,"((13, 4), <game.Grid object at 0x1175703d0>)","((13, 5), <game.Grid object at 0x11746ea50>)",South,"[((13, 5), <game.Grid object at 0x117573460>), ((13, 3), <game.Grid object at 0x1175734d0>)]",373,374,2441,27,29,56
2442,"((14, 3), <game.Grid object at 0x117570590>)","((13, 3), <game.Grid object at 0x11746f1c0>)",East,"[((15, 3), <game.Grid object at 0x117573540>), ((13, 3), <game.Grid object at 0x1175735b0>)]",374,374,2442,29,27,56
2443,"((2, 3), <game.Grid object at 0x1175706e0>)","((1, 3), <game.Grid object at 0x11746f9a0>)",East,"[((3, 3), <game.Grid object at 0x117573620>), ((1, 3), <game.Grid object at 0x117573690>)]",374,374,2443,17,39,56
2444,"((4, 5), <game.Grid object at 0x117570750>)","((3, 5), <game.Grid object at 0x11746fa10>)",East,"[((4, 4), <game.Grid object at 0x117573700>), ((5, 5), <game.Grid object at 0x117573770>), ((3, 5), <game.Grid object at 0x1175737e0>)]",374,375,2444,17,39,56
2445,"((2, 3), <game.Grid object at 0x1175708a0>)","((1, 3), <game.Grid object at 0x11746fb60>)",East,"[((3, 3), <game.Grid object at 0x117573850>), ((1, 3), <game.Grid object at 0x1175738c0>)]",375,374,2445,17,39,56
2446,"((3, 3), <game.Grid object at 0x117573850>)","((2, 3), <game.Grid object at 0x1175708a0>)",East,"[((4, 3), <game.Grid object at 0x117573930>), ((2, 3), <game.Grid object at 0x1175739a0>)]",374,373,2446,18,38,56
2447,"((4, 5), <game.Grid object at 0x117570910>)","((3, 5), <game.Grid object at 0x11746fcb0>)",East,"[((4, 4), <game.Grid object at 0x117573a10>), ((5, 5), <game.Grid object at 0x117573a80>), ((3, 5), <game.Grid object at 0x117573af0>)]",373,373,2447,17,39,56
2448,"((7, 5), <game.Grid object at 0x1175709f0>)","((6, 5), <game.Grid object at 0x11746fd90>)",East,"[((7, 4), <game.Grid object at 0x117573b60>), ((8, 5), <game.Grid object at 0x117573bd0>), ((6, 5), <game.Grid object at 0x117573c40>)]",373,373,2448,20,36,56
2449,"((6, 3), <game.Grid object at 0x117570ad0>)","((5, 3), <game.Grid object at 0x11746fee0>)",East,"[((7, 3), <game.Grid object at 0x117573cb0>), ((5, 3), <game.Grid object at 0x117573d20>)]",373,373,2449,21,35,56
2450,"((6, 3), <game.Grid object at 0x117570bb0>)","((5, 3), <game.Grid object at 0x1174f00c0>)",East,"[((7, 3), <game.Grid object at 0x117573d90>), ((5, 3), <game.Grid object at 0x117573e00>)]",373,373,2450,21,35,56
2451,"((5, 3), <game.Grid object at 0x117570d00>)","((4, 3), <game.Grid object at 0x1174f0210>)",East,"[((6, 3), <game.Grid object at 0x117573e70>), ((4, 3), <game.Grid object at 0x117573ee0>)]",373,373,2451,20,36,56
2452,"((5, 3), <game.Grid object at 0x117570e50>)","((4, 3), <game.Grid object at 0x1174f02f0>)",East,"[((6, 3), <game.Grid object at 0x117573f50>), ((4, 3), <game.Grid object at 0x1175e8050>)]",373,373,2452,20,36,56
2453,"((3, 3), <game.Grid object at 0x117570f30>)","((2, 3), <game.Grid object at 0x1174f03d0>)",East,"[((4, 3), <game.Grid object at 0x1175e80c0>), ((2, 3), <game.Grid object at 0x1175e8130>)]",373,373,2453,18,38,56
2454,"((11, 3), <game.Grid object at 0x1175714e0>)","((10, 3), <game.Grid object at 0x1174f0b40>)",East,"[((12, 3), <game.Grid object at 0x1175e81a0>), ((10, 3), <game.Grid object at 0x1175e8210>)]",373,373,2454,26,30,56
2455,"((13, 3), <game.Grid object at 0x117571630>)","((13, 4), <game.Grid object at 0x1174f0bb0>)",South,"[((13, 4), <game.Grid object at 0x1175e8280>), ((14, 3), <game.Grid object at 0x1175e82f0>), ((12, 3), <game.Grid object at 0x1175e8360>)]",373,374,2455,28,28,56
2456,"((10, 5), <game.Grid object at 0x1175716a0>)","((9, 5), <game.Grid object at 0x1174f0de0>)",East,"[((10, 4), <game.Grid object at 0x1175e83d0>), ((11, 5), <game.Grid object at 0x1175e8440>), ((9, 5), <game.Grid object at 0x1175e84b0>)]",374,374,2456,23,33,56
2457,"((13, 5), <game.Grid object at 0x117571780>)","((12, 5), <game.Grid object at 0x1174f0fa0>)",East,"[((13, 4), <game.Grid object at 0x1175e8520>), ((14, 5), <game.Grid object at 0x1175e8590>), ((12, 5), <game.Grid object at 0x1175e8600>)]",374,376,2457,26,30,56
2458,"((13, 5), <game.Grid object at 0x117571860>)","((12, 5), <game.Grid object at 0x1174f1240>)",East,"[((13, 4), <game.Grid object at 0x1175e8670>), ((14, 5), <game.Grid object at 0x1175e86e0>), ((12, 5), <game.Grid object at 0x1175e8750>)]",376,378,2458,26,30,56
2459,"((10, 5), <game.Grid object at 0x117571940>)","((9, 5), <game.Grid object at 0x1174f1320>)",East,"[((10, 4), <game.Grid object at 0x1175e87c0>), ((11, 5), <game.Grid object at 0x1175e8830>), ((9, 5), <game.Grid object at 0x1175e88a0>)]",378,378,2459,23,33,56
2460,"((13, 5), <game.Grid object at 0x117571a20>)","((12, 5), <game.Grid object at 0x1174f15c0>)",East,"[((13, 4), <game.Grid object at 0x1175e8910>), ((14, 5), <game.Grid object at 0x1175e8980>), ((12, 5), <game.Grid object at 0x1175e89f0>)]",378,380,2460,26,30,56
2461,"((13, 5), <game.Grid object at 0x117571b00>)","((12, 5), <game.Grid object at 0x1174f16a0>)",East,"[((13, 4), <game.Grid object at 0x1175e8a60>), ((14, 5), <game.Grid object at 0x1175e8ad0>), ((12, 5), <game.Grid object at 0x1175e8b40>)]",380,382,2461,26,30,56
2462,"((13, 5), <game.Grid object at 0x117571be0>)","((12, 5), <game.Grid object at 0x1174f1780>)",East,"[((13, 4), <game.Grid object at 0x1175e8bb0>), ((14, 5), <game.Grid object at 0x1175e8c20>), ((12, 5), <game.Grid object at 0x1175e8c90>)]",382,384,2462,26,30,56
2463,"((7, 5), <game.Grid object at 0x117571cc0>)","((6, 5), <game.Grid object at 0x1174f1860>)",East,"[((7, 4), <game.Grid object at 0x1175e8d00>), ((8, 5), <game.Grid object at 0x1175e8d70>), ((6, 5), <game.Grid object at 0x1175e8de0>)]",384,383,2463,20,36,56
2464,"((8, 5), <game.Grid object at 0x1175e8d70>)","((7, 5), <game.Grid object at 0x117571cc0>)",East,"[((9, 5), <game.Grid object at 0x1175e8e50>), ((7, 5), <game.Grid object at 0x1175e8ec0>)]",383,382,2464,21,35,56
2465,"((7, 5), <game.Grid object at 0x117571da0>)","((6, 5), <game.Grid object at 0x1174f1940>)",East,"[((7, 4), <game.Grid object at 0x1175e8f30>), ((8, 5), <game.Grid object at 0x1175e8fa0>), ((6, 5), <game.Grid object at 0x1175e9010>)]",382,381,2465,20,36,56
2466,"((8, 5), <game.Grid object at 0x1175e8fa0>)","((7, 5), <game.Grid object at 0x117571da0>)",East,"[((9, 5), <game.Grid object at 0x1175e9080>), ((7, 5), <game.Grid object at 0x1175e90f0>)]",381,380,2466,21,35,56
2467,"((13, 3), <game.Grid object at 0x117571ef0>)","((13, 4), <game.Grid object at 0x1174f1a20>)",South,"[((13, 4), <game.Grid object at 0x1175e9160>), ((14, 3), <game.Grid object at 0x1175e91d0>), ((12, 3), <game.Grid object at 0x1175e9240>)]",380,381,2467,28,28,56
2468,"((13, 3), <game.Grid object at 0x117571fd0>)","((13, 4), <game.Grid object at 0x1174f1b70>)",South,"[((13, 4), <game.Grid object at 0x1175e92b0>), ((14, 3), <game.Grid object at 0x1175e9320>), ((12, 3), <game.Grid object at 0x1175e9390>)]",381,382,2468,28,28,56
2469,"((13, 3), <game.Grid object at 0x1175720b0>)","((13, 4), <game.Grid object at 0x1174f1cc0>)",South,"[((13, 4), <game.Grid object at 0x1175e9400>), ((14, 3), <game.Grid object at 0x1175e9470>), ((12, 3), <game.Grid object at 0x1175e94e0>)]",382,383,2469,28,28,56
2470,"((13, 3), <game.Grid object at 0x117572190>)","((13, 4), <game.Grid object at 0x1174f1e10>)",South,"[((13, 4), <game.Grid object at 0x1175e9550>), ((14, 3), <game.Grid object at 0x1175e95c0>), ((12, 3), <game.Grid object at 0x1175e9630>)]",383,384,2470,28,28,56
2471,"((7, 5), <game.Grid object at 0x117572200>)","((6, 5), <game.Grid object at 0x1174f1f60>)",East,"[((7, 4), <game.Grid object at 0x1175e96a0>), ((8, 5), <game.Grid object at 0x1175e9710>), ((6, 5), <game.Grid object at 0x1175e9780>)]",384,383,2471,20,36,56
2472,"((8, 5), <game.Grid object at 0x1175e9710>)","((7, 5), <game.Grid object at 0x117572200>)",East,"[((9, 5), <game.Grid object at 0x1175e97f0>), ((7, 5), <game.Grid object at 0x1175e9860>)]",383,382,2472,21,35,56
2473,"((6, 3), <game.Grid object at 0x1175722e0>)","((5, 3), <game.Grid object at 0x1174f2190>)",East,"[((7, 3), <game.Grid object at 0x1175e98d0>), ((5, 3), <game.Grid object at 0x1175e9940>)]",382,382,2473,21,35,56
2474,"((12, 3), <game.Grid object at 0x117572580>)","((11, 3), <game.Grid object at 0x1174f2510>)",East,"[((13, 3), <game.Grid object at 0x1175e99b0>), ((11, 3), <game.Grid object at 0x1175e9a20>)]",382,382,2474,27,29,56
2475,"((15, 3), <game.Grid object at 0x117572660>)","((14, 3), <game.Grid object at 0x1174f2660>)",East,"[((16, 3), <game.Grid object at 0x1175e9a90>), ((14, 3), <game.Grid object at 0x1175e9b00>)]",382,382,2475,30,26,56
2476,"((15, 3), <game.Grid object at 0x117572740>)","((14, 3), <game.Grid object at 0x1174f27b0>)",East,"[((16, 3), <game.Grid object at 0x1175e9b70>), ((14, 3), <game.Grid object at 0x1175e9be0>)]",382,382,2476,30,26,56
2477,"((12, 3), <game.Grid object at 0x117572820>)","((11, 3), <game.Grid object at 0x1174f2900>)",East,"[((13, 3), <game.Grid object at 0x1175e9c50>), ((11, 3), <game.Grid object at 0x1175e9cc0>)]",382,382,2477,27,29,56
2478,"((15, 3), <game.Grid object at 0x117572900>)","((14, 3), <game.Grid object at 0x1174f2a50>)",East,"[((16, 3), <game.Grid object at 0x1175e9d30>), ((14, 3), <game.Grid object at 0x1175e9da0>)]",382,382,2478,30,26,56
2479,"((15, 3), <game.Grid object at 0x1175729e0>)","((14, 3), <game.Grid object at 0x1174f2ba0>)",East,"[((16, 3), <game.Grid object at 0x1175e9e10>), ((14, 3), <game.Grid object at 0x1175e9e80>)]",382,382,2479,30,26,56
2480,"((15, 3), <game.Grid object at 0x117572ac0>)","((14, 3), <game.Grid object at 0x1174f2cf0>)",East,"[((16, 3), <game.Grid object at 0x1175e9ef0>), ((14, 3), <game.Grid object at 0x1175e9f60>)]",382,382,2480,30,26,56
2481,"((6, 3), <game.Grid object at 0x117572ba0>)","((5, 3), <game.Grid object at 0x1174f2e40>)",East,"[((7, 3), <game.Grid object at 0x1175e9fd0>), ((5, 3), <game.Grid object at 0x1175ea040>)]",382,382,2481,21,35,56
2482,"((13, 3), <game.Grid object at 0x117572eb0>)","((13, 4), <game.Grid object at 0x1174f3380>)",South,"[((13, 4), <game.Grid object at 0x1175ea0b0>), ((14, 3), <game.Grid object at 0x1175ea120>), ((12, 3), <game.Grid object at 0x1175ea190>)]",382,383,2482,28,28,56
2483,"((13, 3), <game.Grid object at 0x117572f90>)","((13, 4), <game.Grid object at 0x1174f34d0>)",South,"[((13, 4), <game.Grid object at 0x1175ea200>), ((14, 3), <game.Grid object at 0x1175ea270>), ((12, 3), <game.Grid object at 0x1175ea2e0>)]",383,384,2483,28,28,56
2484,"((13, 3), <game.Grid object at 0x117573070>)","((13, 4), <game.Grid object at 0x1174f3620>)",South,"[((13, 4), <game.Grid object at 0x1175ea350>), ((14, 3), <game.Grid object at 0x1175ea3c0>), ((12, 3), <game.Grid object at 0x1175ea430>)]",384,385,2484,28,28,56
2485,"((15, 3), <game.Grid object at 0x1175730e0>)","((14, 3), <game.Grid object at 0x1174f3a10>)",East,"[((16, 3), <game.Grid object at 0x1175ea4a0>), ((14, 3), <game.Grid object at 0x1175ea510>)]",385,385,2485,30,26,56
2486,"((15, 3), <game.Grid object at 0x1175731c0>)","((14, 3), <game.Grid object at 0x1174f3b60>)",East,"[((16, 3), <game.Grid object at 0x1175ea580>), ((14, 3), <game.Grid object at 0x1175ea5f0>)]",385,385,2486,30,26,56
2487,"((13, 3), <game.Grid object at 0x117573310>)","((13, 4), <game.Grid object at 0x117570130>)",South,"[((13, 4), <game.Grid object at 0x1175ea660>), ((14, 3), <game.Grid object at 0x1175ea6d0>), ((12, 3), <game.Grid object at 0x1175ea740>)]",385,386,2487,28,28,56
2488,"((13, 3), <game.Grid object at 0x1175733f0>)","((13, 4), <game.Grid object at 0x117570280>)",South,"[((13, 4), <game.Grid object at 0x1175ea7b0>), ((14, 3), <game.Grid object at 0x1175ea820>), ((12, 3), <game.Grid object at 0x1175ea890>)]",386,387,2488,28,28,56
2489,"((13, 3), <game.Grid object at 0x1175734d0>)","((13, 4), <game.Grid object at 0x1175703d0>)",South,"[((13, 4), <game.Grid object at 0x1175ea900>), ((14, 3), <game.Grid object at 0x1175ea970>), ((12, 3), <game.Grid object at 0x1175ea9e0>)]",387,388,2489,28,28,56
2490,"((15, 3), <game.Grid object at 0x117573540>)","((14, 3), <game.Grid object at 0x117570590>)",East,"[((16, 3), <game.Grid object at 0x1175eaa50>), ((14, 3), <game.Grid object at 0x1175eaac0>)]",388,388,2490,30,26,56
2491,"((3, 3), <game.Grid object at 0x117573620>)","((2, 3), <game.Grid object at 0x1175706e0>)",East,"[((4, 3), <game.Grid object at 0x1175eab30>), ((2, 3), <game.Grid object at 0x1175eaba0>)]",388,388,2491,18,38,56
2492,"((4, 4), <game.Grid object at 0x117573700>)","((4, 5), <game.Grid object at 0x117570750>)",South,"[((4, 5), <game.Grid object at 0x1175eac10>), ((4, 3), <game.Grid object at 0x1175eac80>)]",388,389,2492,18,38,56
2493,"((5, 5), <game.Grid object at 0x117573770>)","((4, 5), <game.Grid object at 0x117570750>)",East,"[((6, 5), <game.Grid object at 0x1175eacf0>), ((4, 5), <game.Grid object at 0x1175ead60>)]",389,388,2493,18,38,56
2494,"((6, 5), <game.Grid object at 0x1175eacf0>)","((5, 5), <game.Grid object at 0x117573770>)",East,"[((7, 5), <game.Grid object at 0x1175eadd0>), ((5, 5), <game.Grid object at 0x1175eae40>)]",388,387,2494,19,37,56
2495,"((5, 5), <game.Grid object at 0x117573a80>)","((4, 5), <game.Grid object at 0x117570910>)",East,"[((6, 5), <game.Grid object at 0x1175eaeb0>), ((4, 5), <game.Grid object at 0x1175eaf20>)]",387,387,2495,18,38,56
2496,"((8, 5), <game.Grid object at 0x117573bd0>)","((7, 5), <game.Grid object at 0x1175709f0>)",East,"[((9, 5), <game.Grid object at 0x1175eaf90>), ((7, 5), <game.Grid object at 0x1175eb000>)]",387,387,2496,21,35,56
2497,"((7, 3), <game.Grid object at 0x117573cb0>)","((6, 3), <game.Grid object at 0x117570ad0>)",East,"[((7, 4), <game.Grid object at 0x1175eb070>), ((8, 3), <game.Grid object at 0x1175eb0e0>), ((6, 3), <game.Grid object at 0x1175eb150>)]",387,387,2497,22,34,56
2498,"((8, 3), <game.Grid object at 0x1175eb0e0>)","((7, 3), <game.Grid object at 0x117573cb0>)",East,"[((9, 3), <game.Grid object at 0x1175eb1c0>), ((7, 3), <game.Grid object at 0x1175eb230>)]",387,386,2498,23,33,56
2499,"((7, 3), <game.Grid object at 0x117573d90>)","((6, 3), <game.Grid object at 0x117570bb0>)",East,"[((7, 4), <game.Grid object at 0x1175eb2a0>), ((8, 3), <game.Grid object at 0x1175eb310>), ((6, 3), <game.Grid object at 0x1175eb380>)]",386,386,2499,22,34,56
2500,"((8, 3), <game.Grid object at 0x1175eb310>)","((7, 3), <game.Grid object at 0x117573d90>)",East,"[((9, 3), <game.Grid object at 0x1175eb3f0>), ((7, 3), <game.Grid object at 0x1175eb460>)]",386,385,2500,23,33,56
2501,"((6, 3), <game.Grid object at 0x117573e70>)","((5, 3), <game.Grid object at 0x117570d00>)",East,"[((7, 3), <game.Grid object at 0x1175eb4d0>), ((5, 3), <game.Grid object at 0x1175eb540>)]",385,385,2501,21,35,56
2502,"((6, 3), <game.Grid object at 0x117573f50>)","((5, 3), <game.Grid object at 0x117570e50>)",East,"[((7, 3), <game.Grid object at 0x1175eb5b0>), ((5, 3), <game.Grid object at 0x1175eb620>)]",385,385,2502,21,35,56
2503,"((4, 3), <game.Grid object at 0x1175e80c0>)","((3, 3), <game.Grid object at 0x117570f30>)",East,"[((4, 4), <game.Grid object at 0x1175eb690>), ((5, 3), <game.Grid object at 0x1175eb700>), ((3, 3), <game.Grid object at 0x1175eb770>)]",385,386,2503,19,37,56
2504,"((12, 3), <game.Grid object at 0x1175e81a0>)","((11, 3), <game.Grid object at 0x1175714e0>)",East,"[((13, 3), <game.Grid object at 0x1175eb7e0>), ((11, 3), <game.Grid object at 0x1175eb850>)]",386,386,2504,27,29,56
2505,"((14, 3), <game.Grid object at 0x1175e82f0>)","((13, 3), <game.Grid object at 0x117571630>)",East,"[((15, 3), <game.Grid object at 0x1175eb8c0>), ((13, 3), <game.Grid object at 0x1175eb930>)]",386,386,2505,29,27,56
2506,"((11, 5), <game.Grid object at 0x1175e8440>)","((10, 5), <game.Grid object at 0x1175716a0>)",East,"[((12, 5), <game.Grid object at 0x1175eb9a0>), ((10, 5), <game.Grid object at 0x1175eba10>)]",386,386,2506,24,32,56
2507,"((13, 4), <game.Grid object at 0x1175e8520>)","((13, 5), <game.Grid object at 0x117571780>)",South,"[((13, 5), <game.Grid object at 0x1175eba80>), ((13, 3), <game.Grid object at 0x1175ebaf0>)]",386,386,2507,27,29,56
2508,"((13, 4), <game.Grid object at 0x1175e8670>)","((13, 5), <game.Grid object at 0x117571860>)",South,"[((13, 5), <game.Grid object at 0x1175ebb60>), ((13, 3), <game.Grid object at 0x1175ebbd0>)]",386,386,2508,27,29,56
2509,"((11, 5), <game.Grid object at 0x1175e8830>)","((10, 5), <game.Grid object at 0x117571940>)",East,"[((12, 5), <game.Grid object at 0x1175ebc40>), ((10, 5), <game.Grid object at 0x1175ebcb0>)]",386,386,2509,24,32,56
2510,"((13, 4), <game.Grid object at 0x1175e8910>)","((13, 5), <game.Grid object at 0x117571a20>)",South,"[((13, 5), <game.Grid object at 0x1175ebd20>), ((13, 3), <game.Grid object at 0x1175ebd90>)]",386,386,2510,27,29,56
2511,"((13, 4), <game.Grid object at 0x1175e8a60>)","((13, 5), <game.Grid object at 0x117571b00>)",South,"[((13, 5), <game.Grid object at 0x1175ebe00>), ((13, 3), <game.Grid object at 0x1175ebe70>)]",386,386,2511,27,29,56
2512,"((13, 4), <game.Grid object at 0x1175e8bb0>)","((13, 5), <game.Grid object at 0x117571be0>)",South,"[((13, 5), <game.Grid object at 0x1175ebee0>), ((13, 3), <game.Grid object at 0x1175ebf50>)]",386,386,2512,27,29,56
2513,"((14, 3), <game.Grid object at 0x1175e91d0>)","((13, 3), <game.Grid object at 0x117571ef0>)",East,"[((15, 3), <game.Grid object at 0x117668050>), ((13, 3), <game.Grid object at 0x1176680c0>)]",386,386,2513,29,27,56
2514,"((14, 3), <game.Grid object at 0x1175e9320>)","((13, 3), <game.Grid object at 0x117571fd0>)",East,"[((15, 3), <game.Grid object at 0x117668130>), ((13, 3), <game.Grid object at 0x1176681a0>)]",386,386,2514,29,27,56
2515,"((14, 3), <game.Grid object at 0x1175e9470>)","((13, 3), <game.Grid object at 0x1175720b0>)",East,"[((15, 3), <game.Grid object at 0x117668210>), ((13, 3), <game.Grid object at 0x117668280>)]",386,386,2515,29,27,56
2516,"((14, 3), <game.Grid object at 0x1175e95c0>)","((13, 3), <game.Grid object at 0x117572190>)",East,"[((15, 3), <game.Grid object at 0x1176682f0>), ((13, 3), <game.Grid object at 0x117668360>)]",386,386,2516,29,27,56
2517,"((7, 3), <game.Grid object at 0x1175e98d0>)","((6, 3), <game.Grid object at 0x1175722e0>)",East,"[((7, 4), <game.Grid object at 0x1176683d0>), ((8, 3), <game.Grid object at 0x117668440>), ((6, 3), <game.Grid object at 0x1176684b0>)]",386,386,2517,22,34,56
2518,"((8, 3), <game.Grid object at 0x117668440>)","((7, 3), <game.Grid object at 0x1175e98d0>)",East,"[((9, 3), <game.Grid object at 0x117668520>), ((7, 3), <game.Grid object at 0x117668590>)]",386,385,2518,23,33,56
2519,"((13, 3), <game.Grid object at 0x1175e99b0>)","((12, 3), <game.Grid object at 0x117572580>)",East,"[((13, 4), <game.Grid object at 0x117668600>), ((14, 3), <game.Grid object at 0x117668670>), ((12, 3), <game.Grid object at 0x1176686e0>)]",385,386,2519,28,28,56
2520,"((16, 3), <game.Grid object at 0x1175e9a90>)","((15, 3), <game.Grid object at 0x117572660>)",East,"[((16, 4), <game.Grid object at 0x117668750>), ((15, 3), <game.Grid object at 0x1176687c0>)]",386,386,2520,31,25,56
2521,"((16, 3), <game.Grid object at 0x1175e9b70>)","((15, 3), <game.Grid object at 0x117572740>)",East,"[((16, 4), <game.Grid object at 0x117668830>), ((15, 3), <game.Grid object at 0x1176688a0>)]",386,386,2521,31,25,56
2522,"((13, 3), <game.Grid object at 0x1175e9c50>)","((12, 3), <game.Grid object at 0x117572820>)",East,"[((13, 4), <game.Grid object at 0x117668910>), ((14, 3), <game.Grid object at 0x117668980>), ((12, 3), <game.Grid object at 0x1176689f0>)]",386,387,2522,28,28,56
2523,"((16, 3), <game.Grid object at 0x1175e9d30>)","((15, 3), <game.Grid object at 0x117572900>)",East,"[((16, 4), <game.Grid object at 0x117668a60>), ((15, 3), <game.Grid object at 0x117668ad0>)]",387,387,2523,31,25,56
2524,"((16, 3), <game.Grid object at 0x1175e9e10>)","((15, 3), <game.Grid object at 0x1175729e0>)",East,"[((16, 4), <game.Grid object at 0x117668b40>), ((15, 3), <game.Grid object at 0x117668bb0>)]",387,387,2524,31,25,56
2525,"((16, 3), <game.Grid object at 0x1175e9ef0>)","((15, 3), <game.Grid object at 0x117572ac0>)",East,"[((16, 4), <game.Grid object at 0x117668c20>), ((15, 3), <game.Grid object at 0x117668c90>)]",387,387,2525,31,25,56
2526,"((7, 3), <game.Grid object at 0x1175e9fd0>)","((6, 3), <game.Grid object at 0x117572ba0>)",East,"[((7, 4), <game.Grid object at 0x117668d00>), ((8, 3), <game.Grid object at 0x117668d70>), ((6, 3), <game.Grid object at 0x117668de0>)]",387,387,2526,22,34,56
2527,"((8, 3), <game.Grid object at 0x117668d70>)","((7, 3), <game.Grid object at 0x1175e9fd0>)",East,"[((9, 3), <game.Grid object at 0x117668e50>), ((7, 3), <game.Grid object at 0x117668ec0>)]",387,386,2527,23,33,56
2528,"((14, 3), <game.Grid object at 0x1175ea120>)","((13, 3), <game.Grid object at 0x117572eb0>)",East,"[((15, 3), <game.Grid object at 0x117668f30>), ((13, 3), <game.Grid object at 0x117668fa0>)]",386,386,2528,29,27,56
2529,"((14, 3), <game.Grid object at 0x1175ea270>)","((13, 3), <game.Grid object at 0x117572f90>)",East,"[((15, 3), <game.Grid object at 0x117669010>), ((13, 3), <game.Grid object at 0x117669080>)]",386,386,2529,29,27,56
2530,"((14, 3), <game.Grid object at 0x1175ea3c0>)","((13, 3), <game.Grid object at 0x117573070>)",East,"[((15, 3), <game.Grid object at 0x1176690f0>), ((13, 3), <game.Grid object at 0x117669160>)]",386,386,2530,29,27,56
2531,"((16, 3), <game.Grid object at 0x1175ea4a0>)","((15, 3), <game.Grid object at 0x1175730e0>)",East,"[((16, 4), <game.Grid object at 0x1176691d0>), ((15, 3), <game.Grid object at 0x117669240>)]",386,386,2531,31,25,56
2532,"((16, 3), <game.Grid object at 0x1175ea580>)","((15, 3), <game.Grid object at 0x1175731c0>)",East,"[((16, 4), <game.Grid object at 0x1176692b0>), ((15, 3), <game.Grid object at 0x117669320>)]",386,386,2532,31,25,56
2533,"((14, 3), <game.Grid object at 0x1175ea6d0>)","((13, 3), <game.Grid object at 0x117573310>)",East,"[((15, 3), <game.Grid object at 0x117669390>), ((13, 3), <game.Grid object at 0x117669400>)]",386,386,2533,29,27,56
2534,"((14, 3), <game.Grid object at 0x1175ea820>)","((13, 3), <game.Grid object at 0x1175733f0>)",East,"[((15, 3), <game.Grid object at 0x117669470>), ((13, 3), <game.Grid object at 0x1176694e0>)]",386,386,2534,29,27,56
2535,"((14, 3), <game.Grid object at 0x1175ea970>)","((13, 3), <game.Grid object at 0x1175734d0>)",East,"[((15, 3), <game.Grid object at 0x117669550>), ((13, 3), <game.Grid object at 0x1176695c0>)]",386,386,2535,29,27,56
2536,"((16, 3), <game.Grid object at 0x1175eaa50>)","((15, 3), <game.Grid object at 0x117573540>)",East,"[((16, 4), <game.Grid object at 0x117669630>), ((15, 3), <game.Grid object at 0x1176696a0>)]",386,386,2536,31,25,56
2537,"((4, 3), <game.Grid object at 0x1175eab30>)","((3, 3), <game.Grid object at 0x117573620>)",East,"[((4, 4), <game.Grid object at 0x117669710>), ((5, 3), <game.Grid object at 0x117669780>), ((3, 3), <game.Grid object at 0x1176697f0>)]",386,387,2537,19,37,56
2538,"((4, 3), <game.Grid object at 0x1175eac80>)","((4, 4), <game.Grid object at 0x117573700>)",South,"[((4, 4), <game.Grid object at 0x117669860>), ((5, 3), <game.Grid object at 0x1176698d0>), ((3, 3), <game.Grid object at 0x117669940>)]",387,388,2538,19,37,56
2539,"((6, 5), <game.Grid object at 0x1175eaeb0>)","((5, 5), <game.Grid object at 0x117573a80>)",East,"[((7, 5), <game.Grid object at 0x1176699b0>), ((5, 5), <game.Grid object at 0x117669a20>)]",388,388,2539,19,37,56
2540,"((9, 5), <game.Grid object at 0x1175eaf90>)","((8, 5), <game.Grid object at 0x117573bd0>)",East,"[((10, 5), <game.Grid object at 0x117669a90>), ((8, 5), <game.Grid object at 0x117669b00>)]",388,388,2540,22,34,56
2541,"((7, 3), <game.Grid object at 0x1175eb4d0>)","((6, 3), <game.Grid object at 0x117573e70>)",East,"[((7, 4), <game.Grid object at 0x117669b70>), ((8, 3), <game.Grid object at 0x117669be0>), ((6, 3), <game.Grid object at 0x117669c50>)]",388,388,2541,22,34,56
2542,"((8, 3), <game.Grid object at 0x117669be0>)","((7, 3), <game.Grid object at 0x1175eb4d0>)",East,"[((9, 3), <game.Grid object at 0x117669cc0>), ((7, 3), <game.Grid object at 0x117669d30>)]",388,387,2542,23,33,56
2543,"((7, 3), <game.Grid object at 0x1175eb5b0>)","((6, 3), <game.Grid object at 0x117573f50>)",East,"[((7, 4), <game.Grid object at 0x117669da0>), ((8, 3), <game.Grid object at 0x117669e10>), ((6, 3), <game.Grid object at 0x117669e80>)]",387,387,2543,22,34,56
2544,"((8, 3), <game.Grid object at 0x117669e10>)","((7, 3), <game.Grid object at 0x1175eb5b0>)",East,"[((9, 3), <game.Grid object at 0x117669ef0>), ((7, 3), <game.Grid object at 0x117669f60>)]",387,386,2544,23,33,56
2545,"((5, 3), <game.Grid object at 0x1175eb700>)","((4, 3), <game.Grid object at 0x1175e80c0>)",East,"[((6, 3), <game.Grid object at 0x117669fd0>), ((4, 3), <game.Grid object at 0x11766a040>)]",386,385,2545,20,36,56
2546,"((6, 3), <game.Grid object at 0x117669fd0>)","((5, 3), <game.Grid object at 0x1175eb700>)",East,"[((7, 3), <game.Grid object at 0x11766a0b0>), ((5, 3), <game.Grid object at 0x11766a120>)]",385,384,2546,21,35,56
2547,"((13, 3), <game.Grid object at 0x1175eb7e0>)","((12, 3), <game.Grid object at 0x1175e81a0>)",East,"[((13, 4), <game.Grid object at 0x11766a190>), ((14, 3), <game.Grid object at 0x11766a200>), ((12, 3), <game.Grid object at 0x11766a270>)]",384,384,2547,28,28,56
2548,"((15, 3), <game.Grid object at 0x1175eb8c0>)","((14, 3), <game.Grid object at 0x1175e82f0>)",East,"[((16, 3), <game.Grid object at 0x11766a2e0>), ((14, 3), <game.Grid object at 0x11766a350>)]",384,384,2548,30,26,56
2549,"((12, 5), <game.Grid object at 0x1175eb9a0>)","((11, 5), <game.Grid object at 0x1175e8440>)",East,"[((13, 5), <game.Grid object at 0x11766a3c0>), ((11, 5), <game.Grid object at 0x11766a430>)]",384,384,2549,25,31,56
2550,"((13, 3), <game.Grid object at 0x1175ebaf0>)","((13, 4), <game.Grid object at 0x1175e8520>)",South,"[((13, 4), <game.Grid object at 0x11766a4a0>), ((14, 3), <game.Grid object at 0x11766a510>), ((12, 3), <game.Grid object at 0x11766a580>)]",384,385,2550,28,28,56
2551,"((13, 3), <game.Grid object at 0x1175ebbd0>)","((13, 4), <game.Grid object at 0x1175e8670>)",South,"[((13, 4), <game.Grid object at 0x11766a5f0>), ((14, 3), <game.Grid object at 0x11766a660>), ((12, 3), <game.Grid object at 0x11766a6d0>)]",385,386,2551,28,28,56
2552,"((12, 5), <game.Grid object at 0x1175ebc40>)","((11, 5), <game.Grid object at 0x1175e8830>)",East,"[((13, 5), <game.Grid object at 0x11766a740>), ((11, 5), <game.Grid object at 0x11766a7b0>)]",386,386,2552,25,31,56
2553,"((13, 3), <game.Grid object at 0x1175ebd90>)","((13, 4), <game.Grid object at 0x1175e8910>)",South,"[((13, 4), <game.Grid object at 0x11766a820>), ((14, 3), <game.Grid object at 0x11766a890>), ((12, 3), <game.Grid object at 0x11766a900>)]",386,387,2553,28,28,56
2554,"((13, 3), <game.Grid object at 0x1175ebe70>)","((13, 4), <game.Grid object at 0x1175e8a60>)",South,"[((13, 4), <game.Grid object at 0x11766a970>), ((14, 3), <game.Grid object at 0x11766a9e0>), ((12, 3), <game.Grid object at 0x11766aa50>)]",387,388,2554,28,28,56
2555,"((13, 3), <game.Grid object at 0x1175ebf50>)","((13, 4), <game.Grid object at 0x1175e8bb0>)",South,"[((13, 4), <game.Grid object at 0x11766aac0>), ((14, 3), <game.Grid object at 0x11766ab30>), ((12, 3), <game.Grid object at 0x11766aba0>)]",388,389,2555,28,28,56
2556,"((15, 3), <game.Grid object at 0x117668050>)","((14, 3), <game.Grid object at 0x1175e91d0>)",East,"[((16, 3), <game.Grid object at 0x11766ac10>), ((14, 3), <game.Grid object at 0x11766ac80>)]",389,389,2556,30,26,56
2557,"((15, 3), <game.Grid object at 0x117668130>)","((14, 3), <game.Grid object at 0x1175e9320>)",East,"[((16, 3), <game.Grid object at 0x11766acf0>), ((14, 3), <game.Grid object at 0x11766ad60>)]",389,389,2557,30,26,56
2558,"((15, 3), <game.Grid object at 0x117668210>)","((14, 3), <game.Grid object at 0x1175e9470>)",East,"[((16, 3), <game.Grid object at 0x11766add0>), ((14, 3), <game.Grid object at 0x11766ae40>)]",389,389,2558,30,26,56
2559,"((15, 3), <game.Grid object at 0x1176682f0>)","((14, 3), <game.Grid object at 0x1175e95c0>)",East,"[((16, 3), <game.Grid object at 0x11766aeb0>), ((14, 3), <game.Grid object at 0x11766af20>)]",389,389,2559,30,26,56
2560,"((14, 3), <game.Grid object at 0x117668670>)","((13, 3), <game.Grid object at 0x1175e99b0>)",East,"[((15, 3), <game.Grid object at 0x11766af90>), ((13, 3), <game.Grid object at 0x11766b000>)]",389,389,2560,29,27,56
2561,"((16, 4), <game.Grid object at 0x117668750>)","((16, 3), <game.Grid object at 0x1175e9a90>)",North,"[((16, 5), <game.Grid object at 0x11766b070>), ((16, 3), <game.Grid object at 0x11766b0e0>)]",389,389,2561,32,24,56
2562,"((16, 4), <game.Grid object at 0x117668830>)","((16, 3), <game.Grid object at 0x1175e9b70>)",North,"[((16, 5), <game.Grid object at 0x11766b150>), ((16, 3), <game.Grid object at 0x11766b1c0>)]",389,389,2562,32,24,56
2563,"((14, 3), <game.Grid object at 0x117668980>)","((13, 3), <game.Grid object at 0x1175e9c50>)",East,"[((15, 3), <game.Grid object at 0x11766b230>), ((13, 3), <game.Grid object at 0x11766b2a0>)]",389,389,2563,29,27,56
2564,"((16, 4), <game.Grid object at 0x117668a60>)","((16, 3), <game.Grid object at 0x1175e9d30>)",North,"[((16, 5), <game.Grid object at 0x11766b310>), ((16, 3), <game.Grid object at 0x11766b380>)]",389,389,2564,32,24,56
2565,"((16, 4), <game.Grid object at 0x117668b40>)","((16, 3), <game.Grid object at 0x1175e9e10>)",North,"[((16, 5), <game.Grid object at 0x11766b3f0>), ((16, 3), <game.Grid object at 0x11766b460>)]",389,389,2565,32,24,56
2566,"((16, 4), <game.Grid object at 0x117668c20>)","((16, 3), <game.Grid object at 0x1175e9ef0>)",North,"[((16, 5), <game.Grid object at 0x11766b4d0>), ((16, 3), <game.Grid object at 0x11766b540>)]",389,389,2566,32,24,56
2567,"((15, 3), <game.Grid object at 0x117668f30>)","((14, 3), <game.Grid object at 0x1175ea120>)",East,"[((16, 3), <game.Grid object at 0x11766b5b0>), ((14, 3), <game.Grid object at 0x11766b620>)]",389,389,2567,30,26,56
2568,"((15, 3), <game.Grid object at 0x117669010>)","((14, 3), <game.Grid object at 0x1175ea270>)",East,"[((16, 3), <game.Grid object at 0x11766b690>), ((14, 3), <game.Grid object at 0x11766b700>)]",389,389,2568,30,26,56
2569,"((15, 3), <game.Grid object at 0x1176690f0>)","((14, 3), <game.Grid object at 0x1175ea3c0>)",East,"[((16, 3), <game.Grid object at 0x11766b770>), ((14, 3), <game.Grid object at 0x11766b7e0>)]",389,389,2569,30,26,56
2570,"((16, 4), <game.Grid object at 0x1176691d0>)","((16, 3), <game.Grid object at 0x1175ea4a0>)",North,"[((16, 5), <game.Grid object at 0x11766b850>), ((16, 3), <game.Grid object at 0x11766b8c0>)]",389,389,2570,32,24,56
2571,"((16, 4), <game.Grid object at 0x1176692b0>)","((16, 3), <game.Grid object at 0x1175ea580>)",North,"[((16, 5), <game.Grid object at 0x11766b930>), ((16, 3), <game.Grid object at 0x11766b9a0>)]",389,389,2571,32,24,56
2572,"((15, 3), <game.Grid object at 0x117669390>)","((14, 3), <game.Grid object at 0x1175ea6d0>)",East,"[((16, 3), <game.Grid object at 0x11766ba10>), ((14, 3), <game.Grid object at 0x11766ba80>)]",389,389,2572,30,26,56
2573,"((15, 3), <game.Grid object at 0x117669470>)","((14, 3), <game.Grid object at 0x1175ea820>)",East,"[((16, 3), <game.Grid object at 0x11766baf0>), ((14, 3), <game.Grid object at 0x11766bb60>)]",389,389,2573,30,26,56
2574,"((15, 3), <game.Grid object at 0x117669550>)","((14, 3), <game.Grid object at 0x1175ea970>)",East,"[((16, 3), <game.Grid object at 0x11766bbd0>), ((14, 3), <game.Grid object at 0x11766bc40>)]",389,389,2574,30,26,56
2575,"((16, 4), <game.Grid object at 0x117669630>)","((16, 3), <game.Grid object at 0x1175eaa50>)",North,"[((16, 5), <game.Grid object at 0x11766bcb0>), ((16, 3), <game.Grid object at 0x11766bd20>)]",389,389,2575,32,24,56
2576,"((5, 3), <game.Grid object at 0x117669780>)","((4, 3), <game.Grid object at 0x1175eab30>)",East,"[((6, 3), <game.Grid object at 0x11766bd90>), ((4, 3), <game.Grid object at 0x11766be00>)]",389,388,2576,20,36,56
2577,"((6, 3), <game.Grid object at 0x11766bd90>)","((5, 3), <game.Grid object at 0x117669780>)",East,"[((7, 3), <game.Grid object at 0x11766be70>), ((5, 3), <game.Grid object at 0x11766bee0>)]",388,387,2577,21,35,56
2578,"((5, 3), <game.Grid object at 0x1176698d0>)","((4, 3), <game.Grid object at 0x1175eac80>)",East,"[((6, 3), <game.Grid object at 0x11766bf50>), ((4, 3), <game.Grid object at 0x1176e4050>)]",387,386,2578,20,36,56
2579,"((6, 3), <game.Grid object at 0x11766bf50>)","((5, 3), <game.Grid object at 0x1176698d0>)",East,"[((7, 3), <game.Grid object at 0x1176e40c0>), ((5, 3), <game.Grid object at 0x1176e4130>)]",386,385,2579,21,35,56
2580,"((7, 5), <game.Grid object at 0x1176699b0>)","((6, 5), <game.Grid object at 0x1175eaeb0>)",East,"[((7, 4), <game.Grid object at 0x1176e41a0>), ((8, 5), <game.Grid object at 0x1176e4210>), ((6, 5), <game.Grid object at 0x1176e4280>)]",385,384,2580,20,36,56
2581,"((8, 5), <game.Grid object at 0x1176e4210>)","((7, 5), <game.Grid object at 0x1176699b0>)",East,"[((9, 5), <game.Grid object at 0x1176e42f0>), ((7, 5), <game.Grid object at 0x1176e4360>)]",384,383,2581,21,35,56
2582,"((10, 5), <game.Grid object at 0x117669a90>)","((9, 5), <game.Grid object at 0x1175eaf90>)",East,"[((10, 4), <game.Grid object at 0x1176e43d0>), ((11, 5), <game.Grid object at 0x1176e4440>), ((9, 5), <game.Grid object at 0x1176e44b0>)]",383,383,2582,23,33,56
2583,"((14, 3), <game.Grid object at 0x11766a200>)","((13, 3), <game.Grid object at 0x1175eb7e0>)",East,"[((15, 3), <game.Grid object at 0x1176e4520>), ((13, 3), <game.Grid object at 0x1176e4590>)]",383,383,2583,29,27,56
2584,"((16, 3), <game.Grid object at 0x11766a2e0>)","((15, 3), <game.Grid object at 0x1175eb8c0>)",East,"[((16, 4), <game.Grid object at 0x1176e4600>), ((15, 3), <game.Grid object at 0x1176e4670>)]",383,383,2584,31,25,56
2585,"((13, 5), <game.Grid object at 0x11766a3c0>)","((12, 5), <game.Grid object at 0x1175eb9a0>)",East,"[((13, 4), <game.Grid object at 0x1176e46e0>), ((14, 5), <game.Grid object at 0x1176e4750>), ((12, 5), <game.Grid object at 0x1176e47c0>)]",383,385,2585,26,30,56
2586,"((14, 3), <game.Grid object at 0x11766a510>)","((13, 3), <game.Grid object at 0x1175ebaf0>)",East,"[((15, 3), <game.Grid object at 0x1176e4830>), ((13, 3), <game.Grid object at 0x1176e48a0>)]",385,385,2586,29,27,56
2587,"((14, 3), <game.Grid object at 0x11766a660>)","((13, 3), <game.Grid object at 0x1175ebbd0>)",East,"[((15, 3), <game.Grid object at 0x1176e4910>), ((13, 3), <game.Grid object at 0x1176e4980>)]",385,385,2587,29,27,56
2588,"((13, 5), <game.Grid object at 0x11766a740>)","((12, 5), <game.Grid object at 0x1175ebc40>)",East,"[((13, 4), <game.Grid object at 0x1176e49f0>), ((14, 5), <game.Grid object at 0x1176e4a60>), ((12, 5), <game.Grid object at 0x1176e4ad0>)]",385,387,2588,26,30,56
2589,"((14, 3), <game.Grid object at 0x11766a890>)","((13, 3), <game.Grid object at 0x1175ebd90>)",East,"[((15, 3), <game.Grid object at 0x1176e4b40>), ((13, 3), <game.Grid object at 0x1176e4bb0>)]",387,387,2589,29,27,56
2590,"((14, 3), <game.Grid object at 0x11766a9e0>)","((13, 3), <game.Grid object at 0x1175ebe70>)",East,"[((15, 3), <game.Grid object at 0x1176e4c20>), ((13, 3), <game.Grid object at 0x1176e4c90>)]",387,387,2590,29,27,56
2591,"((14, 3), <game.Grid object at 0x11766ab30>)","((13, 3), <game.Grid object at 0x1175ebf50>)",East,"[((15, 3), <game.Grid object at 0x1176e4d00>), ((13, 3), <game.Grid object at 0x1176e4d70>)]",387,387,2591,29,27,56
2592,"((16, 3), <game.Grid object at 0x11766ac10>)","((15, 3), <game.Grid object at 0x117668050>)",East,"[((16, 4), <game.Grid object at 0x1176e4de0>), ((15, 3), <game.Grid object at 0x1176e4e50>)]",387,387,2592,31,25,56
2593,"((16, 3), <game.Grid object at 0x11766acf0>)","((15, 3), <game.Grid object at 0x117668130>)",East,"[((16, 4), <game.Grid object at 0x1176e4ec0>), ((15, 3), <game.Grid object at 0x1176e4f30>)]",387,387,2593,31,25,56
2594,"((16, 3), <game.Grid object at 0x11766add0>)","((15, 3), <game.Grid object at 0x117668210>)",East,"[((16, 4), <game.Grid object at 0x1176e4fa0>), ((15, 3), <game.Grid object at 0x1176e5010>)]",387,387,2594,31,25,56
2595,"((16, 3), <game.Grid object at 0x11766aeb0>)","((15, 3), <game.Grid object at 0x1176682f0>)",East,"[((16, 4), <game.Grid object at 0x1176e5080>), ((15, 3), <game.Grid object at 0x1176e50f0>)]",387,387,2595,31,25,56
2596,"((15, 3), <game.Grid object at 0x11766af90>)","((14, 3), <game.Grid object at 0x117668670>)",East,"[((16, 3), <game.Grid object at 0x1176e5160>), ((14, 3), <game.Grid object at 0x1176e51d0>)]",387,387,2596,30,26,56
2597,"((16, 5), <game.Grid object at 0x11766b070>)","((16, 4), <game.Grid object at 0x117668750>)",North,"[((16, 4), <game.Grid object at 0x1176e5240>), ((17, 5), <game.Grid object at 0x1176e52b0>)]",387,387,2597,33,23,56
2598,"((16, 5), <game.Grid object at 0x11766b150>)","((16, 4), <game.Grid object at 0x117668830>)",North,"[((16, 4), <game.Grid object at 0x1176e5320>), ((17, 5), <game.Grid object at 0x1176e5390>)]",387,387,2598,33,23,56
2599,"((15, 3), <game.Grid object at 0x11766b230>)","((14, 3), <game.Grid object at 0x117668980>)",East,"[((16, 3), <game.Grid object at 0x1176e5400>), ((14, 3), <game.Grid object at 0x1176e5470>)]",387,387,2599,30,26,56
2600,"((16, 5), <game.Grid object at 0x11766b310>)","((16, 4), <game.Grid object at 0x117668a60>)",North,"[((16, 4), <game.Grid object at 0x1176e54e0>), ((17, 5), <game.Grid object at 0x1176e5550>)]",387,387,2600,33,23,56
2601,"((16, 5), <game.Grid object at 0x11766b3f0>)","((16, 4), <game.Grid object at 0x117668b40>)",North,"[((16, 4), <game.Grid object at 0x1176e55c0>), ((17, 5), <game.Grid object at 0x1176e5630>)]",387,387,2601,33,23,56
2602,"((16, 5), <game.Grid object at 0x11766b4d0>)","((16, 4), <game.Grid object at 0x117668c20>)",North,"[((16, 4), <game.Grid object at 0x1176e56a0>), ((17, 5), <game.Grid object at 0x1176e5710>)]",387,387,2602,33,23,56
2603,"((16, 3), <game.Grid object at 0x11766b5b0>)","((15, 3), <game.Grid object at 0x117668f30>)",East,"[((16, 4), <game.Grid object at 0x1176e5780>), ((15, 3), <game.Grid object at 0x1176e57f0>)]",387,387,2603,31,25,56
2604,"((16, 3), <game.Grid object at 0x11766b690>)","((15, 3), <game.Grid object at 0x117669010>)",East,"[((16, 4), <game.Grid object at 0x1176e5860>), ((15, 3), <game.Grid object at 0x1176e58d0>)]",387,387,2604,31,25,56
2605,"((16, 3), <game.Grid object at 0x11766b770>)","((15, 3), <game.Grid object at 0x1176690f0>)",East,"[((16, 4), <game.Grid object at 0x1176e5940>), ((15, 3), <game.Grid object at 0x1176e59b0>)]",387,387,2605,31,25,56
2606,"((16, 5), <game.Grid object at 0x11766b850>)","((16, 4), <game.Grid object at 0x1176691d0>)",North,"[((16, 4), <game.Grid object at 0x1176e5a20>), ((17, 5), <game.Grid object at 0x1176e5a90>)]",387,387,2606,33,23,56
2607,"((16, 5), <game.Grid object at 0x11766b930>)","((16, 4), <game.Grid object at 0x1176692b0>)",North,"[((16, 4), <game.Grid object at 0x1176e5b00>), ((17, 5), <game.Grid object at 0x1176e5b70>)]",387,387,2607,33,23,56
2608,"((16, 3), <game.Grid object at 0x11766ba10>)","((15, 3), <game.Grid object at 0x117669390>)",East,"[((16, 4), <game.Grid object at 0x1176e5be0>), ((15, 3), <game.Grid object at 0x1176e5c50>)]",387,387,2608,31,25,56
2609,"((16, 3), <game.Grid object at 0x11766baf0>)","((15, 3), <game.Grid object at 0x117669470>)",East,"[((16, 4), <game.Grid object at 0x1176e5cc0>), ((15, 3), <game.Grid object at 0x1176e5d30>)]",387,387,2609,31,25,56
2610,"((16, 3), <game.Grid object at 0x11766bbd0>)","((15, 3), <game.Grid object at 0x117669550>)",East,"[((16, 4), <game.Grid object at 0x1176e5da0>), ((15, 3), <game.Grid object at 0x1176e5e10>)]",387,387,2610,31,25,56
2611,"((16, 5), <game.Grid object at 0x11766bcb0>)","((16, 4), <game.Grid object at 0x117669630>)",North,"[((16, 4), <game.Grid object at 0x1176e5e80>), ((17, 5), <game.Grid object at 0x1176e5ef0>)]",387,387,2611,33,23,56
2612,"((11, 5), <game.Grid object at 0x1176e4440>)","((10, 5), <game.Grid object at 0x117669a90>)",East,"[((12, 5), <game.Grid object at 0x1176e5f60>), ((10, 5), <game.Grid object at 0x1176e5fd0>)]",387,387,2612,24,32,56
2613,"((15, 3), <game.Grid object at 0x1176e4520>)","((14, 3), <game.Grid object at 0x11766a200>)",East,"[((16, 3), <game.Grid object at 0x1176e6040>), ((14, 3), <game.Grid object at 0x1176e60b0>)]",387,387,2613,30,26,56
2614,"((16, 4), <game.Grid object at 0x1176e4600>)","((16, 3), <game.Grid object at 0x11766a2e0>)",North,"[((16, 5), <game.Grid object at 0x1176e6120>), ((16, 3), <game.Grid object at 0x1176e6190>)]",387,387,2614,32,24,56
2615,"((13, 4), <game.Grid object at 0x1176e46e0>)","((13, 5), <game.Grid object at 0x11766a3c0>)",South,"[((13, 5), <game.Grid object at 0x1176e6200>), ((13, 3), <game.Grid object at 0x1176e6270>)]",387,387,2615,27,29,56
2616,"((15, 3), <game.Grid object at 0x1176e4830>)","((14, 3), <game.Grid object at 0x11766a510>)",East,"[((16, 3), <game.Grid object at 0x1176e62e0>), ((14, 3), <game.Grid object at 0x1176e6350>)]",387,387,2616,30,26,56
2617,"((15, 3), <game.Grid object at 0x1176e4910>)","((14, 3), <game.Grid object at 0x11766a660>)",East,"[((16, 3), <game.Grid object at 0x1176e63c0>), ((14, 3), <game.Grid object at 0x1176e6430>)]",387,387,2617,30,26,56
2618,"((13, 4), <game.Grid object at 0x1176e49f0>)","((13, 5), <game.Grid object at 0x11766a740>)",South,"[((13, 5), <game.Grid object at 0x1176e64a0>), ((13, 3), <game.Grid object at 0x1176e6510>)]",387,387,2618,27,29,56
2619,"((15, 3), <game.Grid object at 0x1176e4b40>)","((14, 3), <game.Grid object at 0x11766a890>)",East,"[((16, 3), <game.Grid object at 0x1176e6580>), ((14, 3), <game.Grid object at 0x1176e65f0>)]",387,387,2619,30,26,56
2620,"((15, 3), <game.Grid object at 0x1176e4c20>)","((14, 3), <game.Grid object at 0x11766a9e0>)",East,"[((16, 3), <game.Grid object at 0x1176e6660>), ((14, 3), <game.Grid object at 0x1176e66d0>)]",387,387,2620,30,26,56
2621,"((15, 3), <game.Grid object at 0x1176e4d00>)","((14, 3), <game.Grid object at 0x11766ab30>)",East,"[((16, 3), <game.Grid object at 0x1176e6740>), ((14, 3), <game.Grid object at 0x1176e67b0>)]",387,387,2621,30,26,56
2622,"((16, 4), <game.Grid object at 0x1176e4de0>)","((16, 3), <game.Grid object at 0x11766ac10>)",North,"[((16, 5), <game.Grid object at 0x1176e6820>), ((16, 3), <game.Grid object at 0x1176e6890>)]",387,387,2622,32,24,56
2623,"((16, 4), <game.Grid object at 0x1176e4ec0>)","((16, 3), <game.Grid object at 0x11766acf0>)",North,"[((16, 5), <game.Grid object at 0x1176e6900>), ((16, 3), <game.Grid object at 0x1176e6970>)]",387,387,2623,32,24,56
2624,"((16, 4), <game.Grid object at 0x1176e4fa0>)","((16, 3), <game.Grid object at 0x11766add0>)",North,"[((16, 5), <game.Grid object at 0x1176e69e0>), ((16, 3), <game.Grid object at 0x1176e6a50>)]",387,387,2624,32,24,56
2625,"((16, 4), <game.Grid object at 0x1176e5080>)","((16, 3), <game.Grid object at 0x11766aeb0>)",North,"[((16, 5), <game.Grid object at 0x1176e6ac0>), ((16, 3), <game.Grid object at 0x1176e6b30>)]",387,387,2625,32,24,56
2626,"((16, 3), <game.Grid object at 0x1176e5160>)","((15, 3), <game.Grid object at 0x11766af90>)",East,"[((16, 4), <game.Grid object at 0x1176e6ba0>), ((15, 3), <game.Grid object at 0x1176e6c10>)]",387,387,2626,31,25,56
2627,"((17, 5), <game.Grid object at 0x1176e52b0>)","((16, 5), <game.Grid object at 0x11766b070>)",East,"[((18, 5), <game.Grid object at 0x1176e6c80>), ((16, 5), <game.Grid object at 0x1176e6cf0>)]",387,387,2627,34,22,56
2628,"((17, 5), <game.Grid object at 0x1176e5390>)","((16, 5), <game.Grid object at 0x11766b150>)",East,"[((18, 5), <game.Grid object at 0x1176e6d60>), ((16, 5), <game.Grid object at 0x1176e6dd0>)]",387,387,2628,34,22,56
2629,"((16, 3), <game.Grid object at 0x1176e5400>)","((15, 3), <game.Grid object at 0x11766b230>)",East,"[((16, 4), <game.Grid object at 0x1176e6e40>), ((15, 3), <game.Grid object at 0x1176e6eb0>)]",387,387,2629,31,25,56
2630,"((17, 5), <game.Grid object at 0x1176e5550>)","((16, 5), <game.Grid object at 0x11766b310>)",East,"[((18, 5), <game.Grid object at 0x1176e6f20>), ((16, 5), <game.Grid object at 0x1176e6f90>)]",387,387,2630,34,22,56
2631,"((17, 5), <game.Grid object at 0x1176e5630>)","((16, 5), <game.Grid object at 0x11766b3f0>)",East,"[((18, 5), <game.Grid object at 0x1176e7000>), ((16, 5), <game.Grid object at 0x1176e7070>)]",387,387,2631,34,22,56
2632,"((17, 5), <game.Grid object at 0x1176e5710>)","((16, 5), <game.Grid object at 0x11766b4d0>)",East,"[((18, 5), <game.Grid object at 0x1176e70e0>), ((16, 5), <game.Grid object at 0x1176e7150>)]",387,387,2632,34,22,56
2633,"((16, 4), <game.Grid object at 0x1176e5780>)","((16, 3), <game.Grid object at 0x11766b5b0>)",North,"[((16, 5), <game.Grid object at 0x1176e71c0>), ((16, 3), <game.Grid object at 0x1176e7230>)]",387,387,2633,32,24,56
2634,"((16, 4), <game.Grid object at 0x1176e5860>)","((16, 3), <game.Grid object at 0x11766b690>)",North,"[((16, 5), <game.Grid object at 0x1176e72a0>), ((16, 3), <game.Grid object at 0x1176e7310>)]",387,387,2634,32,24,56
2635,"((16, 4), <game.Grid object at 0x1176e5940>)","((16, 3), <game.Grid object at 0x11766b770>)",North,"[((16, 5), <game.Grid object at 0x1176e7380>), ((16, 3), <game.Grid object at 0x1176e73f0>)]",387,387,2635,32,24,56
2636,"((17, 5), <game.Grid object at 0x1176e5a90>)","((16, 5), <game.Grid object at 0x11766b850>)",East,"[((18, 5), <game.Grid object at 0x1176e7460>), ((16, 5), <game.Grid object at 0x1176e74d0>)]",387,387,2636,34,22,56
2637,"((17, 5), <game.Grid object at 0x1176e5b70>)","((16, 5), <game.Grid object at 0x11766b930>)",East,"[((18, 5), <game.Grid object at 0x1176e7540>), ((16, 5), <game.Grid object at 0x1176e75b0>)]",387,387,2637,34,22,56
2638,"((16, 4), <game.Grid object at 0x1176e5be0>)","((16, 3), <game.Grid object at 0x11766ba10>)",North,"[((16, 5), <game.Grid object at 0x1176e7620>), ((16, 3), <game.Grid object at 0x1176e7690>)]",387,387,2638,32,24,56
2639,"((16, 4), <game.Grid object at 0x1176e5cc0>)","((16, 3), <game.Grid object at 0x11766baf0>)",North,"[((16, 5), <game.Grid object at 0x1176e7700>), ((16, 3), <game.Grid object at 0x1176e7770>)]",387,387,2639,32,24,56
2640,"((16, 4), <game.Grid object at 0x1176e5da0>)","((16, 3), <game.Grid object at 0x11766bbd0>)",North,"[((16, 5), <game.Grid object at 0x1176e77e0>), ((16, 3), <game.Grid object at 0x1176e7850>)]",387,387,2640,32,24,56
2641,"((17, 5), <game.Grid object at 0x1176e5ef0>)","((16, 5), <game.Grid object at 0x11766bcb0>)",East,"[((18, 5), <game.Grid object at 0x1176e78c0>), ((16, 5), <game.Grid object at 0x1176e7930>)]",387,387,2641,34,22,56
2642,"((12, 5), <game.Grid object at 0x1176e5f60>)","((11, 5), <game.Grid object at 0x1176e4440>)",East,"[((13, 5), <game.Grid object at 0x1176e79a0>), ((11, 5), <game.Grid object at 0x1176e7a10>)]",387,386,2642,25,31,56
2643,"((16, 3), <game.Grid object at 0x1176e6040>)","((15, 3), <game.Grid object at 0x1176e4520>)",East,"[((16, 4), <game.Grid object at 0x1176e7a80>), ((15, 3), <game.Grid object at 0x1176e7af0>)]",386,386,2643,31,25,56
2644,"((16, 5), <game.Grid object at 0x1176e6120>)","((16, 4), <game.Grid object at 0x1176e4600>)",North,"[((16, 4), <game.Grid object at 0x1176e7b60>), ((17, 5), <game.Grid object at 0x1176e7bd0>)]",386,386,2644,33,23,56
2645,"((13, 3), <game.Grid object at 0x1176e6270>)","((13, 4), <game.Grid object at 0x1176e46e0>)",South,"[((13, 4), <game.Grid object at 0x1176e7c40>), ((14, 3), <game.Grid object at 0x1176e7cb0>), ((12, 3), <game.Grid object at 0x1176e7d20>)]",386,387,2645,28,28,56
2646,"((16, 3), <game.Grid object at 0x1176e62e0>)","((15, 3), <game.Grid object at 0x1176e4830>)",East,"[((16, 4), <game.Grid object at 0x1176e7d90>), ((15, 3), <game.Grid object at 0x1176e7e00>)]",387,387,2646,31,25,56
2647,"((16, 3), <game.Grid object at 0x1176e63c0>)","((15, 3), <game.Grid object at 0x1176e4910>)",East,"[((16, 4), <game.Grid object at 0x1176e7e70>), ((15, 3), <game.Grid object at 0x1176e7ee0>)]",387,387,2647,31,25,56
2648,"((13, 3), <game.Grid object at 0x1176e6510>)","((13, 4), <game.Grid object at 0x1176e49f0>)",South,"[((13, 4), <game.Grid object at 0x1176e7f50>), ((14, 3), <game.Grid object at 0x117760050>), ((12, 3), <game.Grid object at 0x1177600c0>)]",387,388,2648,28,28,56
2649,"((16, 3), <game.Grid object at 0x1176e6580>)","((15, 3), <game.Grid object at 0x1176e4b40>)",East,"[((16, 4), <game.Grid object at 0x117760130>), ((15, 3), <game.Grid object at 0x1177601a0>)]",388,388,2649,31,25,56
2650,"((16, 3), <game.Grid object at 0x1176e6660>)","((15, 3), <game.Grid object at 0x1176e4c20>)",East,"[((16, 4), <game.Grid object at 0x117760210>), ((15, 3), <game.Grid object at 0x117760280>)]",388,388,2650,31,25,56
2651,"((16, 3), <game.Grid object at 0x1176e6740>)","((15, 3), <game.Grid object at 0x1176e4d00>)",East,"[((16, 4), <game.Grid object at 0x1177602f0>), ((15, 3), <game.Grid object at 0x117760360>)]",388,388,2651,31,25,56
2652,"((16, 5), <game.Grid object at 0x1176e6820>)","((16, 4), <game.Grid object at 0x1176e4de0>)",North,"[((16, 4), <game.Grid object at 0x1177603d0>), ((17, 5), <game.Grid object at 0x117760440>)]",388,388,2652,33,23,56
2653,"((16, 5), <game.Grid object at 0x1176e6900>)","((16, 4), <game.Grid object at 0x1176e4ec0>)",North,"[((16, 4), <game.Grid object at 0x1177604b0>), ((17, 5), <game.Grid object at 0x117760520>)]",388,388,2653,33,23,56
2654,"((16, 5), <game.Grid object at 0x1176e69e0>)","((16, 4), <game.Grid object at 0x1176e4fa0>)",North,"[((16, 4), <game.Grid object at 0x117760590>), ((17, 5), <game.Grid object at 0x117760600>)]",388,388,2654,33,23,56
2655,"((16, 5), <game.Grid object at 0x1176e6ac0>)","((16, 4), <game.Grid object at 0x1176e5080>)",North,"[((16, 4), <game.Grid object at 0x117760670>), ((17, 5), <game.Grid object at 0x1177606e0>)]",388,388,2655,33,23,56
2656,"((16, 4), <game.Grid object at 0x1176e6ba0>)","((16, 3), <game.Grid object at 0x1176e5160>)",North,"[((16, 5), <game.Grid object at 0x117760750>), ((16, 3), <game.Grid object at 0x1177607c0>)]",388,388,2656,32,24,56
2657,"((18, 5), <game.Grid object at 0x1176e6c80>)","((17, 5), <game.Grid object at 0x1176e52b0>)",East,"[((18, 4), <game.Grid object at 0x117760830>), ((17, 5), <game.Grid object at 0x1177608a0>)]",388,388,2657,35,21,56
2658,"((18, 5), <game.Grid object at 0x1176e6d60>)","((17, 5), <game.Grid object at 0x1176e5390>)",East,"[((18, 4), <game.Grid object at 0x117760910>), ((17, 5), <game.Grid object at 0x117760980>)]",388,388,2658,35,21,56
2659,"((16, 4), <game.Grid object at 0x1176e6e40>)","((16, 3), <game.Grid object at 0x1176e5400>)",North,"[((16, 5), <game.Grid object at 0x1177609f0>), ((16, 3), <game.Grid object at 0x117760a60>)]",388,388,2659,32,24,56
2660,"((18, 5), <game.Grid object at 0x1176e6f20>)","((17, 5), <game.Grid object at 0x1176e5550>)",East,"[((18, 4), <game.Grid object at 0x117760ad0>), ((17, 5), <game.Grid object at 0x117760b40>)]",388,388,2660,35,21,56
2661,"((18, 5), <game.Grid object at 0x1176e7000>)","((17, 5), <game.Grid object at 0x1176e5630>)",East,"[((18, 4), <game.Grid object at 0x117760bb0>), ((17, 5), <game.Grid object at 0x117760c20>)]",388,388,2661,35,21,56
2662,"((18, 5), <game.Grid object at 0x1176e70e0>)","((17, 5), <game.Grid object at 0x1176e5710>)",East,"[((18, 4), <game.Grid object at 0x117760c90>), ((17, 5), <game.Grid object at 0x117760d00>)]",388,388,2662,35,21,56
2663,"((16, 5), <game.Grid object at 0x1176e71c0>)","((16, 4), <game.Grid object at 0x1176e5780>)",North,"[((16, 4), <game.Grid object at 0x117760d70>), ((17, 5), <game.Grid object at 0x117760de0>)]",388,388,2663,33,23,56
2664,"((16, 5), <game.Grid object at 0x1176e72a0>)","((16, 4), <game.Grid object at 0x1176e5860>)",North,"[((16, 4), <game.Grid object at 0x117760e50>), ((17, 5), <game.Grid object at 0x117760ec0>)]",388,388,2664,33,23,56
2665,"((16, 5), <game.Grid object at 0x1176e7380>)","((16, 4), <game.Grid object at 0x1176e5940>)",North,"[((16, 4), <game.Grid object at 0x117760f30>), ((17, 5), <game.Grid object at 0x117760fa0>)]",388,388,2665,33,23,56
2666,"((18, 5), <game.Grid object at 0x1176e7460>)","((17, 5), <game.Grid object at 0x1176e5a90>)",East,"[((18, 4), <game.Grid object at 0x117761010>), ((17, 5), <game.Grid object at 0x117761080>)]",388,388,2666,35,21,56
2667,"((18, 5), <game.Grid object at 0x1176e7540>)","((17, 5), <game.Grid object at 0x1176e5b70>)",East,"[((18, 4), <game.Grid object at 0x1177610f0>), ((17, 5), <game.Grid object at 0x117761160>)]",388,388,2667,35,21,56
2668,"((16, 5), <game.Grid object at 0x1176e7620>)","((16, 4), <game.Grid object at 0x1176e5be0>)",North,"[((16, 4), <game.Grid object at 0x1177611d0>), ((17, 5), <game.Grid object at 0x117761240>)]",388,388,2668,33,23,56
2669,"((16, 5), <game.Grid object at 0x1176e7700>)","((16, 4), <game.Grid object at 0x1176e5cc0>)",North,"[((16, 4), <game.Grid object at 0x1177612b0>), ((17, 5), <game.Grid object at 0x117761320>)]",388,388,2669,33,23,56
2670,"((16, 5), <game.Grid object at 0x1176e77e0>)","((16, 4), <game.Grid object at 0x1176e5da0>)",North,"[((16, 4), <game.Grid object at 0x117761390>), ((17, 5), <game.Grid object at 0x117761400>)]",388,388,2670,33,23,56
2671,"((18, 5), <game.Grid object at 0x1176e78c0>)","((17, 5), <game.Grid object at 0x1176e5ef0>)",East,"[((18, 4), <game.Grid object at 0x117761470>), ((17, 5), <game.Grid object at 0x1177614e0>)]",388,388,2671,35,21,56
2672,"((16, 4), <game.Grid object at 0x1176e7a80>)","((16, 3), <game.Grid object at 0x1176e6040>)",North,"[((16, 5), <game.Grid object at 0x117761550>), ((16, 3), <game.Grid object at 0x1177615c0>)]",388,388,2672,32,24,56
2673,"((17, 5), <game.Grid object at 0x1176e7bd0>)","((16, 5), <game.Grid object at 0x1176e6120>)",East,"[((18, 5), <game.Grid object at 0x117761630>), ((16, 5), <game.Grid object at 0x1177616a0>)]",388,388,2673,34,22,56
2674,"((14, 3), <game.Grid object at 0x1176e7cb0>)","((13, 3), <game.Grid object at 0x1176e6270>)",East,"[((15, 3), <game.Grid object at 0x117761710>), ((13, 3), <game.Grid object at 0x117761780>)]",388,388,2674,29,27,56
2675,"((16, 4), <game.Grid object at 0x1176e7d90>)","((16, 3), <game.Grid object at 0x1176e62e0>)",North,"[((16, 5), <game.Grid object at 0x1177617f0>), ((16, 3), <game.Grid object at 0x117761860>)]",388,388,2675,32,24,56
2676,"((16, 4), <game.Grid object at 0x1176e7e70>)","((16, 3), <game.Grid object at 0x1176e63c0>)",North,"[((16, 5), <game.Grid object at 0x1177618d0>), ((16, 3), <game.Grid object at 0x117761940>)]",388,388,2676,32,24,56
2677,"((14, 3), <game.Grid object at 0x117760050>)","((13, 3), <game.Grid object at 0x1176e6510>)",East,"[((15, 3), <game.Grid object at 0x1177619b0>), ((13, 3), <game.Grid object at 0x117761a20>)]",388,388,2677,29,27,56
2678,"((16, 4), <game.Grid object at 0x117760130>)","((16, 3), <game.Grid object at 0x1176e6580>)",North,"[((16, 5), <game.Grid object at 0x117761a90>), ((16, 3), <game.Grid object at 0x117761b00>)]",388,388,2678,32,24,56
2679,"((16, 4), <game.Grid object at 0x117760210>)","((16, 3), <game.Grid object at 0x1176e6660>)",North,"[((16, 5), <game.Grid object at 0x117761b70>), ((16, 3), <game.Grid object at 0x117761be0>)]",388,388,2679,32,24,56
2680,"((16, 4), <game.Grid object at 0x1177602f0>)","((16, 3), <game.Grid object at 0x1176e6740>)",North,"[((16, 5), <game.Grid object at 0x117761c50>), ((16, 3), <game.Grid object at 0x117761cc0>)]",388,388,2680,32,24,56
2681,"((17, 5), <game.Grid object at 0x117760440>)","((16, 5), <game.Grid object at 0x1176e6820>)",East,"[((18, 5), <game.Grid object at 0x117761d30>), ((16, 5), <game.Grid object at 0x117761da0>)]",388,388,2681,34,22,56
2682,"((17, 5), <game.Grid object at 0x117760520>)","((16, 5), <game.Grid object at 0x1176e6900>)",East,"[((18, 5), <game.Grid object at 0x117761e10>), ((16, 5), <game.Grid object at 0x117761e80>)]",388,388,2682,34,22,56
2683,"((17, 5), <game.Grid object at 0x117760600>)","((16, 5), <game.Grid object at 0x1176e69e0>)",East,"[((18, 5), <game.Grid object at 0x117761ef0>), ((16, 5), <game.Grid object at 0x117761f60>)]",388,388,2683,34,22,56
2684,"((17, 5), <game.Grid object at 0x1177606e0>)","((16, 5), <game.Grid object at 0x1176e6ac0>)",East,"[((18, 5), <game.Grid object at 0x117761fd0>), ((16, 5), <game.Grid object at 0x117762040>)]",388,388,2684,34,22,56
2685,"((16, 5), <game.Grid object at 0x117760750>)","((16, 4), <game.Grid object at 0x1176e6ba0>)",North,"[((16, 4), <game.Grid object at 0x1177620b0>), ((17, 5), <game.Grid object at 0x117762120>)]",388,388,2685,33,23,56
2686,"((16, 5), <game.Grid object at 0x1177609f0>)","((16, 4), <game.Grid object at 0x1176e6e40>)",North,"[((16, 4), <game.Grid object at 0x117762190>), ((17, 5), <game.Grid object at 0x117762200>)]",388,388,2686,33,23,56
2687,"((18, 4), <game.Grid object at 0x117760ad0>)","((18, 5), <game.Grid object at 0x1176e6f20>)",South,"[((18, 5), <game.Grid object at 0x117762270>), ((18, 3), <game.Grid object at 0x1177622e0>)]",388,388,2687,36,20,56
2688,"((18, 4), <game.Grid object at 0x117760c90>)","((18, 5), <game.Grid object at 0x1176e70e0>)",South,"[((18, 5), <game.Grid object at 0x117762350>), ((18, 3), <game.Grid object at 0x1177623c0>)]",388,388,2688,36,20,56
2689,"((17, 5), <game.Grid object at 0x117760de0>)","((16, 5), <game.Grid object at 0x1176e71c0>)",East,"[((18, 5), <game.Grid object at 0x117762430>), ((16, 5), <game.Grid object at 0x1177624a0>)]",388,388,2689,34,22,56
2690,"((17, 5), <game.Grid object at 0x117760ec0>)","((16, 5), <game.Grid object at 0x1176e72a0>)",East,"[((18, 5), <game.Grid object at 0x117762510>), ((16, 5), <game.Grid object at 0x117762580>)]",388,388,2690,34,22,56
2691,"((17, 5), <game.Grid object at 0x117760fa0>)","((16, 5), <game.Grid object at 0x1176e7380>)",East,"[((18, 5), <game.Grid object at 0x1177625f0>), ((16, 5), <game.Grid object at 0x117762660>)]",388,388,2691,34,22,56
2692,"((18, 4), <game.Grid object at 0x1177610f0>)","((18, 5), <game.Grid object at 0x1176e7540>)",South,"[((18, 5), <game.Grid object at 0x1177626d0>), ((18, 3), <game.Grid object at 0x117762740>)]",388,388,2692,36,20,56
2693,"((17, 5), <game.Grid object at 0x117761240>)","((16, 5), <game.Grid object at 0x1176e7620>)",East,"[((18, 5), <game.Grid object at 0x1177627b0>), ((16, 5), <game.Grid object at 0x117762820>)]",388,388,2693,34,22,56
2694,"((17, 5), <game.Grid object at 0x117761320>)","((16, 5), <game.Grid object at 0x1176e7700>)",East,"[((18, 5), <game.Grid object at 0x117762890>), ((16, 5), <game.Grid object at 0x117762900>)]",388,388,2694,34,22,56
2695,"((17, 5), <game.Grid object at 0x117761400>)","((16, 5), <game.Grid object at 0x1176e77e0>)",East,"[((18, 5), <game.Grid object at 0x117762970>), ((16, 5), <game.Grid object at 0x1177629e0>)]",388,388,2695,34,22,56
2696,"((16, 5), <game.Grid object at 0x117761550>)","((16, 4), <game.Grid object at 0x1176e7a80>)",North,"[((16, 4), <game.Grid object at 0x117762a50>), ((17, 5), <game.Grid object at 0x117762ac0>)]",388,388,2696,33,23,56
2697,"((18, 5), <game.Grid object at 0x117761630>)","((17, 5), <game.Grid object at 0x1176e7bd0>)",East,"[((18, 4), <game.Grid object at 0x117762b30>), ((17, 5), <game.Grid object at 0x117762ba0>)]",388,388,2697,35,21,56
2698,"((15, 3), <game.Grid object at 0x117761710>)","((14, 3), <game.Grid object at 0x1176e7cb0>)",East,"[((16, 3), <game.Grid object at 0x117762c10>), ((14, 3), <game.Grid object at 0x117762c80>)]",388,388,2698,30,26,56
2699,"((16, 5), <game.Grid object at 0x1177617f0>)","((16, 4), <game.Grid object at 0x1176e7d90>)",North,"[((16, 4), <game.Grid object at 0x117762cf0>), ((17, 5), <game.Grid object at 0x117762d60>)]",388,388,2699,33,23,56
2700,"((16, 5), <game.Grid object at 0x1177618d0>)","((16, 4), <game.Grid object at 0x1176e7e70>)",North,"[((16, 4), <game.Grid object at 0x117762dd0>), ((17, 5), <game.Grid object at 0x117762e40>)]",388,388,2700,33,23,56
2701,"((15, 3), <game.Grid object at 0x1177619b0>)","((14, 3), <game.Grid object at 0x117760050>)",East,"[((16, 3), <game.Grid object at 0x117762eb0>), ((14, 3), <game.Grid object at 0x117762f20>)]",388,388,2701,30,26,56
2702,"((16, 5), <game.Grid object at 0x117761a90>)","((16, 4), <game.Grid object at 0x117760130>)",North,"[((16, 4), <game.Grid object at 0x117762f90>), ((17, 5), <game.Grid object at 0x117763000>)]",388,388,2702,33,23,56
2703,"((16, 5), <game.Grid object at 0x117761b70>)","((16, 4), <game.Grid object at 0x117760210>)",North,"[((16, 4), <game.Grid object at 0x117763070>), ((17, 5), <game.Grid object at 0x1177630e0>)]",388,388,2703,33,23,56
2704,"((16, 5), <game.Grid object at 0x117761c50>)","((16, 4), <game.Grid object at 0x1177602f0>)",North,"[((16, 4), <game.Grid object at 0x117763150>), ((17, 5), <game.Grid object at 0x1177631c0>)]",388,388,2704,33,23,56
2705,"((18, 5), <game.Grid object at 0x117761d30>)","((17, 5), <game.Grid object at 0x117760440>)",East,"[((18, 4), <game.Grid object at 0x117763230>), ((17, 5), <game.Grid object at 0x1177632a0>)]",388,388,2705,35,21,56
2706,"((18, 5), <game.Grid object at 0x117761e10>)","((17, 5), <game.Grid object at 0x117760520>)",East,"[((18, 4), <game.Grid object at 0x117763310>), ((17, 5), <game.Grid object at 0x117763380>)]",388,388,2706,35,21,56
2707,"((18, 5), <game.Grid object at 0x117761ef0>)","((17, 5), <game.Grid object at 0x117760600>)",East,"[((18, 4), <game.Grid object at 0x1177633f0>), ((17, 5), <game.Grid object at 0x117763460>)]",388,388,2707,35,21,56
2708,"((18, 5), <game.Grid object at 0x117761fd0>)","((17, 5), <game.Grid object at 0x1177606e0>)",East,"[((18, 4), <game.Grid object at 0x1177634d0>), ((17, 5), <game.Grid object at 0x117763540>)]",388,388,2708,35,21,56
2709,"((17, 5), <game.Grid object at 0x117762120>)","((16, 5), <game.Grid object at 0x117760750>)",East,"[((18, 5), <game.Grid object at 0x1177635b0>), ((16, 5), <game.Grid object at 0x117763620>)]",388,388,2709,34,22,56
2710,"((17, 5), <game.Grid object at 0x117762200>)","((16, 5), <game.Grid object at 0x1177609f0>)",East,"[((18, 5), <game.Grid object at 0x117763690>), ((16, 5), <game.Grid object at 0x117763700>)]",388,388,2710,34,22,56
2711,"((18, 3), <game.Grid object at 0x1177622e0>)","((18, 4), <game.Grid object at 0x117760ad0>)",South,"[((18, 4), <game.Grid object at 0x117763770>), ((18, 2), <game.Grid object at 0x1177637e0>)]",388,388,2711,37,19,56
2712,"((18, 3), <game.Grid object at 0x1177623c0>)","((18, 4), <game.Grid object at 0x117760c90>)",South,"[((18, 4), <game.Grid object at 0x117763850>), ((18, 2), <game.Grid object at 0x1177638c0>)]",388,388,2712,37,19,56
2713,"((18, 5), <game.Grid object at 0x117762430>)","((17, 5), <game.Grid object at 0x117760de0>)",East,"[((18, 4), <game.Grid object at 0x117763930>), ((17, 5), <game.Grid object at 0x1177639a0>)]",388,388,2713,35,21,56
2714,"((18, 5), <game.Grid object at 0x117762510>)","((17, 5), <game.Grid object at 0x117760ec0>)",East,"[((18, 4), <game.Grid object at 0x117763a10>), ((17, 5), <game.Grid object at 0x117763a80>)]",388,388,2714,35,21,56
2715,"((18, 5), <game.Grid object at 0x1177625f0>)","((17, 5), <game.Grid object at 0x117760fa0>)",East,"[((18, 4), <game.Grid object at 0x117763af0>), ((17, 5), <game.Grid object at 0x117763b60>)]",388,388,2715,35,21,56
2716,"((18, 3), <game.Grid object at 0x117762740>)","((18, 4), <game.Grid object at 0x1177610f0>)",South,"[((18, 4), <game.Grid object at 0x117763bd0>), ((18, 2), <game.Grid object at 0x117763c40>)]",388,388,2716,37,19,56
2717,"((18, 5), <game.Grid object at 0x1177627b0>)","((17, 5), <game.Grid object at 0x117761240>)",East,"[((18, 4), <game.Grid object at 0x117763cb0>), ((17, 5), <game.Grid object at 0x117763d20>)]",388,388,2717,35,21,56
2718,"((18, 5), <game.Grid object at 0x117762890>)","((17, 5), <game.Grid object at 0x117761320>)",East,"[((18, 4), <game.Grid object at 0x117763d90>), ((17, 5), <game.Grid object at 0x117763e00>)]",388,388,2718,35,21,56
2719,"((18, 5), <game.Grid object at 0x117762970>)","((17, 5), <game.Grid object at 0x117761400>)",East,"[((18, 4), <game.Grid object at 0x117763e70>), ((17, 5), <game.Grid object at 0x117763ee0>)]",388,388,2719,35,21,56
2720,"((17, 5), <game.Grid object at 0x117762ac0>)","((16, 5), <game.Grid object at 0x117761550>)",East,"[((18, 5), <game.Grid object at 0x117763f50>), ((16, 5), <game.Grid object at 0x1177e4050>)]",388,388,2720,34,22,56
2721,"((16, 3), <game.Grid object at 0x117762c10>)","((15, 3), <game.Grid object at 0x117761710>)",East,"[((16, 4), <game.Grid object at 0x1177e40c0>), ((15, 3), <game.Grid object at 0x1177e4130>)]",388,388,2721,31,25,56
2722,"((17, 5), <game.Grid object at 0x117762d60>)","((16, 5), <game.Grid object at 0x1177617f0>)",East,"[((18, 5), <game.Grid object at 0x1177e41a0>), ((16, 5), <game.Grid object at 0x1177e4210>)]",388,388,2722,34,22,56
2723,"((17, 5), <game.Grid object at 0x117762e40>)","((16, 5), <game.Grid object at 0x1177618d0>)",East,"[((18, 5), <game.Grid object at 0x1177e4280>), ((16, 5), <game.Grid object at 0x1177e42f0>)]",388,388,2723,34,22,56
2724,"((16, 3), <game.Grid object at 0x117762eb0>)","((15, 3), <game.Grid object at 0x1177619b0>)",East,"[((16, 4), <game.Grid object at 0x1177e4360>), ((15, 3), <game.Grid object at 0x1177e43d0>)]",388,388,2724,31,25,56
2725,"((17, 5), <game.Grid object at 0x117763000>)","((16, 5), <game.Grid object at 0x117761a90>)",East,"[((18, 5), <game.Grid object at 0x1177e4440>), ((16, 5), <game.Grid object at 0x1177e44b0>)]",388,388,2725,34,22,56
2726,"((17, 5), <game.Grid object at 0x1177630e0>)","((16, 5), <game.Grid object at 0x117761b70>)",East,"[((18, 5), <game.Grid object at 0x1177e4520>), ((16, 5), <game.Grid object at 0x1177e4590>)]",388,388,2726,34,22,56
2727,"((17, 5), <game.Grid object at 0x1177631c0>)","((16, 5), <game.Grid object at 0x117761c50>)",East,"[((18, 5), <game.Grid object at 0x1177e4600>), ((16, 5), <game.Grid object at 0x1177e4670>)]",388,388,2727,34,22,56
2728,"((18, 4), <game.Grid object at 0x1177634d0>)","((18, 5), <game.Grid object at 0x117761fd0>)",South,"[((18, 5), <game.Grid object at 0x1177e46e0>), ((18, 3), <game.Grid object at 0x1177e4750>)]",388,388,2728,36,20,56
2729,"((18, 5), <game.Grid object at 0x1177635b0>)","((17, 5), <game.Grid object at 0x117762120>)",East,"[((18, 4), <game.Grid object at 0x1177e47c0>), ((17, 5), <game.Grid object at 0x1177e4830>)]",388,388,2729,35,21,56
2730,"((18, 5), <game.Grid object at 0x117763690>)","((17, 5), <game.Grid object at 0x117762200>)",East,"[((18, 4), <game.Grid object at 0x1177e48a0>), ((17, 5), <game.Grid object at 0x1177e4910>)]",388,388,2730,35,21,56
2731,"((18, 2), <game.Grid object at 0x1177638c0>)","((18, 3), <game.Grid object at 0x1177623c0>)",South,"[((18, 3), <game.Grid object at 0x1177e4980>), ((18, 1), <game.Grid object at 0x1177e49f0>)]",388,388,2731,38,18,56
2732,"((18, 4), <game.Grid object at 0x117763af0>)","((18, 5), <game.Grid object at 0x1177625f0>)",South,"[((18, 5), <game.Grid object at 0x1177e4a60>), ((18, 3), <game.Grid object at 0x1177e4ad0>)]",388,388,2732,36,20,56
2733,"((18, 2), <game.Grid object at 0x117763c40>)","((18, 3), <game.Grid object at 0x117762740>)",South,"[((18, 3), <game.Grid object at 0x1177e4b40>), ((18, 1), <game.Grid object at 0x1177e4bb0>)]",388,388,2733,38,18,56
2734,"((18, 4), <game.Grid object at 0x117763d90>)","((18, 5), <game.Grid object at 0x117762890>)",South,"[((18, 5), <game.Grid object at 0x1177e4c20>), ((18, 3), <game.Grid object at 0x1177e4c90>)]",388,388,2734,36,20,56
2735,"((18, 5), <game.Grid object at 0x117763f50>)","((17, 5), <game.Grid object at 0x117762ac0>)",East,"[((18, 4), <game.Grid object at 0x1177e4d00>), ((17, 5), <game.Grid object at 0x1177e4d70>)]",388,388,2735,35,21,56
2736,"((16, 4), <game.Grid object at 0x1177e40c0>)","((16, 3), <game.Grid object at 0x117762c10>)",North,"[((16, 5), <game.Grid object at 0x1177e4de0>), ((16, 3), <game.Grid object at 0x1177e4e50>)]",388,388,2736,32,24,56
2737,"((18, 5), <game.Grid object at 0x1177e41a0>)","((17, 5), <game.Grid object at 0x117762d60>)",East,"[((18, 4), <game.Grid object at 0x1177e4ec0>), ((17, 5), <game.Grid object at 0x1177e4f30>)]",388,388,2737,35,21,56
2738,"((18, 5), <game.Grid object at 0x1177e4280>)","((17, 5), <game.Grid object at 0x117762e40>)",East,"[((18, 4), <game.Grid object at 0x1177e4fa0>), ((17, 5), <game.Grid object at 0x1177e5010>)]",388,388,2738,35,21,56
2739,"((16, 4), <game.Grid object at 0x1177e4360>)","((16, 3), <game.Grid object at 0x117762eb0>)",North,"[((16, 5), <game.Grid object at 0x1177e5080>), ((16, 3), <game.Grid object at 0x1177e50f0>)]",388,388,2739,32,24,56
2740,"((18, 5), <game.Grid object at 0x1177e4440>)","((17, 5), <game.Grid object at 0x117763000>)",East,"[((18, 4), <game.Grid object at 0x1177e5160>), ((17, 5), <game.Grid object at 0x1177e51d0>)]",388,388,2740,35,21,56
2741,"((18, 5), <game.Grid object at 0x1177e4520>)","((17, 5), <game.Grid object at 0x1177630e0>)",East,"[((18, 4), <game.Grid object at 0x1177e5240>), ((17, 5), <game.Grid object at 0x1177e52b0>)]",388,388,2741,35,21,56
2742,"((18, 5), <game.Grid object at 0x1177e4600>)","((17, 5), <game.Grid object at 0x1177631c0>)",East,"[((18, 4), <game.Grid object at 0x1177e5320>), ((17, 5), <game.Grid object at 0x1177e5390>)]",388,388,2742,35,21,56
2743,"((18, 3), <game.Grid object at 0x1177e4750>)","((18, 4), <game.Grid object at 0x1177634d0>)",South,"[((18, 4), <game.Grid object at 0x1177e5400>), ((18, 2), <game.Grid object at 0x1177e5470>)]",388,388,2743,37,19,56
2744,"((18, 4), <game.Grid object at 0x1177e48a0>)","((18, 5), <game.Grid object at 0x117763690>)",South,"[((18, 5), <game.Grid object at 0x1177e54e0>), ((18, 3), <game.Grid object at 0x1177e5550>)]",388,388,2744,36,20,56
2745,"((18, 3), <game.Grid object at 0x1177e4ad0>)","((18, 4), <game.Grid object at 0x117763af0>)",South,"[((18, 4), <game.Grid object at 0x1177e55c0>), ((18, 2), <game.Grid object at 0x1177e5630>)]",388,388,2745,37,19,56
2746,"((18, 1), <game.Grid object at 0x1177e4bb0>)","((18, 2), <game.Grid object at 0x117763c40>)",South,"[((18, 2), <game.Grid object at 0x1177e56a0>), ((17, 1), <game.Grid object at 0x1177e5710>)]",388,388,2746,39,17,56
2747,"((18, 3), <game.Grid object at 0x1177e4c90>)","((18, 4), <game.Grid object at 0x117763d90>)",South,"[((18, 4), <game.Grid object at 0x1177e5780>), ((18, 2), <game.Grid object at 0x1177e57f0>)]",388,388,2747,37,19,56
2748,"((16, 5), <game.Grid object at 0x1177e4de0>)","((16, 4), <game.Grid object at 0x1177e40c0>)",North,"[((16, 4), <game.Grid object at 0x1177e5860>), ((17, 5), <game.Grid object at 0x1177e58d0>)]",388,388,2748,33,23,56
2749,"((16, 5), <game.Grid object at 0x1177e5080>)","((16, 4), <game.Grid object at 0x1177e4360>)",North,"[((16, 4), <game.Grid object at 0x1177e5940>), ((17, 5), <game.Grid object at 0x1177e59b0>)]",388,388,2749,33,23,56
2750,"((18, 4), <game.Grid object at 0x1177e5160>)","((18, 5), <game.Grid object at 0x1177e4440>)",South,"[((18, 5), <game.Grid object at 0x1177e5a20>), ((18, 3), <game.Grid object at 0x1177e5a90>)]",388,388,2750,36,20,56
2751,"((18, 4), <game.Grid object at 0x1177e5320>)","((18, 5), <game.Grid object at 0x1177e4600>)",South,"[((18, 5), <game.Grid object at 0x1177e5b00>), ((18, 3), <game.Grid object at 0x1177e5b70>)]",388,388,2751,36,20,56
2752,"((18, 3), <game.Grid object at 0x1177e5550>)","((18, 4), <game.Grid object at 0x1177e48a0>)",South,"[((18, 4), <game.Grid object at 0x1177e5be0>), ((18, 2), <game.Grid object at 0x1177e5c50>)]",388,388,2752,37,19,56
2753,"((17, 1), <game.Grid object at 0x1177e5710>)","((18, 1), <game.Grid object at 0x1177e4bb0>)",West,"[((18, 1), <game.Grid object at 0x1177e5cc0>), ((16, 1), <game.Grid object at 0x1177e5d30>)]",388,388,2753,40,16,56
2754,"((18, 2), <game.Grid object at 0x1177e57f0>)","((18, 3), <game.Grid object at 0x1177e4c90>)",South,"[((18, 3), <game.Grid object at 0x1177e5da0>), ((18, 1), <game.Grid object at 0x1177e5e10>)]",388,388,2754,38,18,56
2755,"((17, 5), <game.Grid object at 0x1177e58d0>)","((16, 5), <game.Grid object at 0x1177e4de0>)",East,"[((18, 5), <game.Grid object at 0x1177e5e80>), ((16, 5), <game.Grid object at 0x1177e5ef0>)]",388,388,2755,34,22,56
2756,"((17, 5), <game.Grid object at 0x1177e59b0>)","((16, 5), <game.Grid object at 0x1177e5080>)",East,"[((18, 5), <game.Grid object at 0x1177e5f60>), ((16, 5), <game.Grid object at 0x1177e5fd0>)]",388,388,2756,34,22,56
2757,"((18, 3), <game.Grid object at 0x1177e5a90>)","((18, 4), <game.Grid object at 0x1177e5160>)",South,"[((18, 4), <game.Grid object at 0x1177e6040>), ((18, 2), <game.Grid object at 0x1177e60b0>)]",388,388,2757,37,19,56
2758,"((18, 3), <game.Grid object at 0x1177e5b70>)","((18, 4), <game.Grid object at 0x1177e5320>)",South,"[((18, 4), <game.Grid object at 0x1177e6120>), ((18, 2), <game.Grid object at 0x1177e6190>)]",388,388,2758,37,19,56
2759,"((18, 2), <game.Grid object at 0x1177e5c50>)","((18, 3), <game.Grid object at 0x1177e5550>)",South,"[((18, 3), <game.Grid object at 0x1177e6200>), ((18, 1), <game.Grid object at 0x1177e6270>)]",388,388,2759,38,18,56
2760,"((18, 5), <game.Grid object at 0x1177e5e80>)","((17, 5), <game.Grid object at 0x1177e58d0>)",East,"[((18, 4), <game.Grid object at 0x1177e62e0>), ((17, 5), <game.Grid object at 0x1177e6350>)]",388,388,2760,35,21,56
2761,"((18, 5), <game.Grid object at 0x1177e5f60>)","((17, 5), <game.Grid object at 0x1177e59b0>)",East,"[((18, 4), <game.Grid object at 0x1177e63c0>), ((17, 5), <game.Grid object at 0x1177e6430>)]",388,388,2761,35,21,56
2762,"((18, 2), <game.Grid object at 0x1177e6190>)","((18, 3), <game.Grid object at 0x1177e5b70>)",South,"[((18, 3), <game.Grid object at 0x1177e64a0>), ((18, 1), <game.Grid object at 0x1177e6510>)]",388,388,2762,38,18,56
2763,"((18, 1), <game.Grid object at 0x1177e6270>)","((18, 2), <game.Grid object at 0x1177e5c50>)",South,"[((18, 2), <game.Grid object at 0x1177e6580>), ((17, 1), <game.Grid object at 0x1177e65f0>)]",388,388,2763,39,17,56
2764,"((18, 4), <game.Grid object at 0x1177e63c0>)","((18, 5), <game.Grid object at 0x1177e5f60>)",South,"[((18, 5), <game.Grid object at 0x1177e6660>), ((18, 3), <game.Grid object at 0x1177e66d0>)]",388,388,2764,36,20,56
2765,"((17, 1), <game.Grid object at 0x1177e65f0>)","((18, 1), <game.Grid object at 0x1177e6270>)",West,"[((18, 1), <game.Grid object at 0x1177e6740>), ((16, 1), <game.Grid object at 0x1177e67b0>)]",388,388,2765,40,16,56
2766,"((18, 3), <game.Grid object at 0x1177e66d0>)","((18, 4), <game.Grid object at 0x1177e63c0>)",South,"[((18, 4), <game.Grid object at 0x1177e6820>), ((18, 2), <game.Grid object at 0x1177e6890>)]",388,388,2766,37,19,56
2767,"((18, 2), <game.Grid object at 0x1177e6890>)","((18, 3), <game.Grid object at 0x1177e66d0>)",South,"[((18, 3), <game.Grid object at 0x1177e6900>), ((18, 1), <game.Grid object at 0x1177e6970>)]",388,388,2767,38,18,56
2768,"((18, 1), <game.Grid object at 0x1177e6970>)","((18, 2), <game.Grid object at 0x1177e6890>)",South,"[((18, 2), <game.Grid object at 0x1177e69e0>), ((17, 1), <game.Grid object at 0x1177e6a50>)]",388,388,2768,39,17,56
2769,"((17, 1), <game.Grid object at 0x1177e6a50>)","((18, 1), <game.Grid object at 0x1177e6970>)",West,"[((18, 1), <game.Grid object at 0x1177e6ac0>), ((16, 1), <game.Grid object at 0x1177e6b30>)]",388,388,2769,40,16,56
2770,"((18, 2), <game.Grid object at 0x117271f60>)","((18, 3), <game.Grid object at 0x116d0f620>)",South,"[((18, 3), <game.Grid object at 0x1177e6ba0>), ((18, 1), <game.Grid object at 0x1177e6c10>)]",388,388,2770,34,23,57
2771,"((18, 2), <game.Grid object at 0x117272040>)","((18, 3), <game.Grid object at 0x116d0f700>)",South,"[((18, 3), <game.Grid object at 0x1177e6c80>), ((18, 1), <game.Grid object at 0x1177e6cf0>)]",388,388,2771,34,23,57
2772,"((18, 2), <game.Grid object at 0x117272120>)","((18, 3), <game.Grid object at 0x116d0f7e0>)",South,"[((18, 3), <game.Grid object at 0x1177e6d60>), ((18, 1), <game.Grid object at 0x1177e6dd0>)]",388,388,2772,34,23,57
2773,"((18, 2), <game.Grid object at 0x117272200>)","((18, 3), <game.Grid object at 0x116d0f8c0>)",South,"[((18, 3), <game.Grid object at 0x1177e6e40>), ((18, 1), <game.Grid object at 0x1177e6eb0>)]",388,388,2773,34,23,57
2774,"((18, 2), <game.Grid object at 0x1172722e0>)","((18, 3), <game.Grid object at 0x116d0f9a0>)",South,"[((18, 3), <game.Grid object at 0x1177e6f20>), ((18, 1), <game.Grid object at 0x1177e6f90>)]",388,388,2774,34,23,57
2775,"((18, 2), <game.Grid object at 0x1172723c0>)","((18, 3), <game.Grid object at 0x116d0fa80>)",South,"[((18, 3), <game.Grid object at 0x1177e7000>), ((18, 1), <game.Grid object at 0x1177e7070>)]",388,388,2775,34,23,57
2776,"((18, 2), <game.Grid object at 0x1172724a0>)","((18, 3), <game.Grid object at 0x116d0fb60>)",South,"[((18, 3), <game.Grid object at 0x1177e70e0>), ((18, 1), <game.Grid object at 0x1177e7150>)]",388,388,2776,34,23,57
2777,"((16, 1), <game.Grid object at 0x117272580>)","((17, 1), <game.Grid object at 0x116d0fc40>)",West,"[((17, 1), <game.Grid object at 0x1177e71c0>), ((15, 1), <game.Grid object at 0x1177e7230>)]",388,388,2777,37,20,57
2778,"((18, 3), <game.Grid object at 0x117272660>)","((18, 4), <game.Grid object at 0x1171647c0>)",South,"[((18, 4), <game.Grid object at 0x1177e72a0>), ((18, 2), <game.Grid object at 0x1177e7310>)]",388,388,2778,35,22,57
2779,"((18, 3), <game.Grid object at 0x117272740>)","((18, 4), <game.Grid object at 0x1171648a0>)",South,"[((18, 4), <game.Grid object at 0x1177e7380>), ((18, 2), <game.Grid object at 0x1177e73f0>)]",388,388,2779,35,22,57
2780,"((18, 3), <game.Grid object at 0x117272820>)","((18, 4), <game.Grid object at 0x117164980>)",South,"[((18, 4), <game.Grid object at 0x1177e7460>), ((18, 2), <game.Grid object at 0x1177e74d0>)]",388,388,2780,35,22,57
2781,"((18, 3), <game.Grid object at 0x117272900>)","((18, 4), <game.Grid object at 0x117164b40>)",South,"[((18, 4), <game.Grid object at 0x1177e7540>), ((18, 2), <game.Grid object at 0x1177e75b0>)]",388,388,2781,35,22,57
2782,"((18, 3), <game.Grid object at 0x1172729e0>)","((18, 4), <game.Grid object at 0x117164c20>)",South,"[((18, 4), <game.Grid object at 0x1177e7620>), ((18, 2), <game.Grid object at 0x1177e7690>)]",388,388,2782,35,22,57
2783,"((18, 3), <game.Grid object at 0x117272ac0>)","((18, 4), <game.Grid object at 0x117167af0>)",South,"[((18, 4), <game.Grid object at 0x1177e7700>), ((18, 2), <game.Grid object at 0x1177e7770>)]",388,388,2783,35,22,57
2784,"((18, 3), <game.Grid object at 0x117272ba0>)","((18, 4), <game.Grid object at 0x117167bd0>)",South,"[((18, 4), <game.Grid object at 0x1177e77e0>), ((18, 2), <game.Grid object at 0x1177e7850>)]",388,388,2784,35,22,57
2785,"((18, 3), <game.Grid object at 0x117272c80>)","((18, 4), <game.Grid object at 0x1171ed390>)",South,"[((18, 4), <game.Grid object at 0x1177e78c0>), ((18, 2), <game.Grid object at 0x1177e7930>)]",388,388,2785,35,22,57
2786,"((17, 1), <game.Grid object at 0x117272d60>)","((18, 1), <game.Grid object at 0x1171ed6a0>)",West,"[((18, 1), <game.Grid object at 0x1177e79a0>), ((16, 1), <game.Grid object at 0x1177e7a10>)]",388,388,2786,38,19,57
2787,"((18, 3), <game.Grid object at 0x117272e40>)","((18, 4), <game.Grid object at 0x1171ee2e0>)",South,"[((18, 4), <game.Grid object at 0x1177e7a80>), ((18, 2), <game.Grid object at 0x1177e7af0>)]",388,388,2787,35,22,57
2788,"((18, 3), <game.Grid object at 0x117272f20>)","((18, 4), <game.Grid object at 0x1171ee3c0>)",South,"[((18, 4), <game.Grid object at 0x1177e7b60>), ((18, 2), <game.Grid object at 0x1177e7bd0>)]",388,388,2788,35,22,57
2789,"((17, 1), <game.Grid object at 0x117273000>)","((18, 1), <game.Grid object at 0x1171efe70>)",West,"[((18, 1), <game.Grid object at 0x1177e7c40>), ((16, 1), <game.Grid object at 0x1177e7cb0>)]",388,388,2789,38,19,57
2790,"((18, 3), <game.Grid object at 0x1172730e0>)","((18, 4), <game.Grid object at 0x1172704b0>)",South,"[((18, 4), <game.Grid object at 0x1177e7d20>), ((18, 2), <game.Grid object at 0x1177e7d90>)]",388,388,2790,35,22,57
2791,"((18, 3), <game.Grid object at 0x1172731c0>)","((18, 4), <game.Grid object at 0x117271c50>)",South,"[((18, 4), <game.Grid object at 0x1177e7e00>), ((18, 2), <game.Grid object at 0x1177e7e70>)]",388,388,2791,35,22,57
2792,"((18, 3), <game.Grid object at 0x1172732a0>)","((18, 4), <game.Grid object at 0x117271d30>)",South,"[((18, 4), <game.Grid object at 0x1177e7ee0>), ((18, 2), <game.Grid object at 0x1177e7f50>)]",388,388,2792,35,22,57
2793,"((17, 1), <game.Grid object at 0x117273380>)","((18, 1), <game.Grid object at 0x117271e80>)",West,"[((18, 1), <game.Grid object at 0x11786c050>), ((16, 1), <game.Grid object at 0x11786c0c0>)]",388,388,2793,38,19,57
2794,"((18, 4), <game.Grid object at 0x117760bb0>)","((18, 5), <game.Grid object at 0x1176e7000>)",South,"[((18, 5), <game.Grid object at 0x11786c130>), ((18, 3), <game.Grid object at 0x11786c1a0>)]",388,388,2794,36,21,57
2795,"((18, 4), <game.Grid object at 0x117761470>)","((18, 5), <game.Grid object at 0x1176e78c0>)",South,"[((18, 5), <game.Grid object at 0x11786c210>), ((18, 3), <game.Grid object at 0x11786c280>)]",388,388,2795,36,21,57
2796,"((18, 4), <game.Grid object at 0x117763310>)","((18, 5), <game.Grid object at 0x117761e10>)",South,"[((18, 5), <game.Grid object at 0x11786c2f0>), ((18, 3), <game.Grid object at 0x11786c360>)]",388,388,2796,36,21,57
2797,"((18, 4), <game.Grid object at 0x1177633f0>)","((18, 5), <game.Grid object at 0x117761ef0>)",South,"[((18, 5), <game.Grid object at 0x11786c3d0>), ((18, 3), <game.Grid object at 0x11786c440>)]",388,388,2797,36,21,57
2798,"((18, 4), <game.Grid object at 0x117763a10>)","((18, 5), <game.Grid object at 0x117762510>)",South,"[((18, 5), <game.Grid object at 0x11786c4b0>), ((18, 3), <game.Grid object at 0x11786c520>)]",388,388,2798,36,21,57
2799,"((18, 4), <game.Grid object at 0x117763e70>)","((18, 5), <game.Grid object at 0x117762970>)",South,"[((18, 5), <game.Grid object at 0x11786c590>), ((18, 3), <game.Grid object at 0x11786c600>)]",388,388,2799,36,21,57
2800,"((18, 1), <game.Grid object at 0x1177e49f0>)","((18, 2), <game.Grid object at 0x1177638c0>)",South,"[((18, 2), <game.Grid object at 0x11786c670>), ((17, 1), <game.Grid object at 0x11786c6e0>)]",388,388,2800,39,18,57
2801,"((18, 4), <game.Grid object at 0x1177e5240>)","((18, 5), <game.Grid object at 0x1177e4520>)",South,"[((18, 5), <game.Grid object at 0x11786c750>), ((18, 3), <game.Grid object at 0x11786c7c0>)]",388,388,2801,36,21,57
2802,"((18, 1), <game.Grid object at 0x1177e5e10>)","((18, 2), <game.Grid object at 0x1177e57f0>)",South,"[((18, 2), <game.Grid object at 0x11786c830>), ((17, 1), <game.Grid object at 0x11786c8a0>)]",388,388,2802,39,18,57
2803,"((18, 1), <game.Grid object at 0x1177e6510>)","((18, 2), <game.Grid object at 0x1177e6190>)",South,"[((18, 2), <game.Grid object at 0x11786c910>), ((17, 1), <game.Grid object at 0x11786c980>)]",388,388,2803,39,18,57
2804,"((16, 1), <game.Grid object at 0x1177e67b0>)","((17, 1), <game.Grid object at 0x1177e65f0>)",West,"[((17, 1), <game.Grid object at 0x11786c9f0>), ((15, 1), <game.Grid object at 0x11786ca60>)]",388,388,2804,41,16,57
2805,"((2, 5), <game.Grid object at 0x117273460>)","((3, 5), <game.Grid object at 0x116d0ff50>)",West,"[((3, 5), <game.Grid object at 0x11786cad0>), ((1, 5), <game.Grid object at 0x11786cb40>)]",388,388,2805,17,41,58
2806,"((9, 1), <game.Grid object at 0x117273540>)","((10, 1), <game.Grid object at 0x116d8c0c0>)",West,"[((10, 1), <game.Grid object at 0x11786cbb0>), ((8, 1), <game.Grid object at 0x11786cc20>)]",388,388,2806,24,34,58
2807,"((3, 5), <game.Grid object at 0x117273930>)","((4, 5), <game.Grid object at 0x116d8c600>)",West,"[((4, 5), <game.Grid object at 0x11786cc90>), ((2, 5), <game.Grid object at 0x11786cd00>)]",388,388,2807,18,40,58
2808,"((3, 5), <game.Grid object at 0x117273a80>)","((4, 5), <game.Grid object at 0x116d8c6e0>)",West,"[((4, 5), <game.Grid object at 0x11786cd70>), ((2, 5), <game.Grid object at 0x11786cde0>)]",388,388,2808,18,40,58
2809,"((3, 5), <game.Grid object at 0x117273bd0>)","((4, 5), <game.Grid object at 0x116d8c750>)",West,"[((4, 5), <game.Grid object at 0x11786ce50>), ((2, 5), <game.Grid object at 0x11786cec0>)]",388,388,2809,18,40,58
2810,"((1, 3), <game.Grid object at 0x117273cb0>)","((2, 3), <game.Grid object at 0x116d8c8a0>)",West,"[((1, 4), <game.Grid object at 0x11786cf30>), ((2, 3), <game.Grid object at 0x11786cfa0>)]",388,388,2810,18,40,58
2811,"((3, 5), <game.Grid object at 0x117273e00>)","((4, 5), <game.Grid object at 0x116d8c980>)",West,"[((4, 5), <game.Grid object at 0x11786d010>), ((2, 5), <game.Grid object at 0x11786d080>)]",388,388,2811,18,40,58
2812,"((10, 1), <game.Grid object at 0x117273ee0>)","((11, 1), <game.Grid object at 0x116d8ca60>)",West,"[((11, 1), <game.Grid object at 0x11786d0f0>), ((9, 1), <game.Grid object at 0x11786d160>)]",388,388,2812,25,33,58
2813,"((10, 1), <game.Grid object at 0x1172f4050>)","((11, 1), <game.Grid object at 0x116d8cb40>)",West,"[((11, 1), <game.Grid object at 0x11786d1d0>), ((9, 1), <game.Grid object at 0x11786d240>)]",388,388,2813,25,33,58
2814,"((4, 5), <game.Grid object at 0x1172f4130>)","((5, 5), <game.Grid object at 0x116d8cc20>)",West,"[((4, 4), <game.Grid object at 0x11786d2b0>), ((5, 5), <game.Grid object at 0x11786d320>), ((3, 5), <game.Grid object at 0x11786d390>)]",388,388,2814,19,39,58
2815,"((4, 5), <game.Grid object at 0x1172f41a0>)","((4, 4), <game.Grid object at 0x116d8cc90>)",North,"[((4, 4), <game.Grid object at 0x11786d400>), ((5, 5), <game.Grid object at 0x11786d470>), ((3, 5), <game.Grid object at 0x11786d4e0>)]",388,389,2815,19,39,58
2816,"((2, 3), <game.Grid object at 0x1172f42f0>)","((3, 3), <game.Grid object at 0x116d8cd70>)",West,"[((3, 3), <game.Grid object at 0x11786d550>), ((1, 3), <game.Grid object at 0x11786d5c0>)]",389,389,2816,19,39,58
2817,"((2, 3), <game.Grid object at 0x1172f43d0>)","((3, 3), <game.Grid object at 0x116d8cec0>)",West,"[((3, 3), <game.Grid object at 0x11786d630>), ((1, 3), <game.Grid object at 0x11786d6a0>)]",389,389,2817,19,39,58
2818,"((2, 5), <game.Grid object at 0x1172f44b0>)","((3, 5), <game.Grid object at 0x116d8d010>)",West,"[((3, 5), <game.Grid object at 0x11786d710>), ((1, 5), <game.Grid object at 0x11786d780>)]",389,389,2818,17,41,58
2819,"((4, 5), <game.Grid object at 0x1172f4590>)","((5, 5), <game.Grid object at 0x116d8d0f0>)",West,"[((4, 4), <game.Grid object at 0x11786d7f0>), ((5, 5), <game.Grid object at 0x11786d860>), ((3, 5), <game.Grid object at 0x11786d8d0>)]",389,389,2819,19,39,58
2820,"((4, 5), <game.Grid object at 0x1172f4600>)","((4, 4), <game.Grid object at 0x116d8d160>)",North,"[((4, 4), <game.Grid object at 0x11786d940>), ((5, 5), <game.Grid object at 0x11786d9b0>), ((3, 5), <game.Grid object at 0x11786da20>)]",389,390,2820,19,39,58
2821,"((2, 3), <game.Grid object at 0x1172f4750>)","((3, 3), <game.Grid object at 0x116d8d240>)",West,"[((3, 3), <game.Grid object at 0x11786da90>), ((1, 3), <game.Grid object at 0x11786db00>)]",390,390,2821,19,39,58
2822,"((11, 1), <game.Grid object at 0x1172f4830>)","((12, 1), <game.Grid object at 0x116d8d320>)",West,"[((12, 1), <game.Grid object at 0x11786db70>), ((10, 1), <game.Grid object at 0x11786dbe0>)]",390,390,2822,26,32,58
2823,"((11, 1), <game.Grid object at 0x1172f4910>)","((12, 1), <game.Grid object at 0x116d8d400>)",West,"[((12, 1), <game.Grid object at 0x11786dc50>), ((10, 1), <game.Grid object at 0x11786dcc0>)]",390,390,2823,26,32,58
2824,"((11, 1), <game.Grid object at 0x1172f49f0>)","((12, 1), <game.Grid object at 0x116d8d4e0>)",West,"[((12, 1), <game.Grid object at 0x11786dd30>), ((10, 1), <game.Grid object at 0x11786dda0>)]",390,390,2824,26,32,58
2825,"((3, 5), <game.Grid object at 0x1172f4b40>)","((4, 5), <game.Grid object at 0x116d8d8d0>)",West,"[((4, 5), <game.Grid object at 0x11786de10>), ((2, 5), <game.Grid object at 0x11786de80>)]",390,390,2825,18,40,58
2826,"((3, 5), <game.Grid object at 0x1172f4c90>)","((4, 5), <game.Grid object at 0x116d8d9b0>)",West,"[((4, 5), <game.Grid object at 0x11786def0>), ((2, 5), <game.Grid object at 0x11786df60>)]",390,390,2826,18,40,58
2827,"((4, 5), <game.Grid object at 0x1172f4d70>)","((5, 5), <game.Grid object at 0x116d8da90>)",West,"[((4, 4), <game.Grid object at 0x11786dfd0>), ((5, 5), <game.Grid object at 0x11786e040>), ((3, 5), <game.Grid object at 0x11786e0b0>)]",390,390,2827,19,39,58
2828,"((3, 3), <game.Grid object at 0x1172f4ec0>)","((4, 3), <game.Grid object at 0x116d8db70>)",West,"[((4, 3), <game.Grid object at 0x11786e120>), ((2, 3), <game.Grid object at 0x11786e190>)]",390,390,2828,20,38,58
2829,"((5, 5), <game.Grid object at 0x1172f4fa0>)","((6, 5), <game.Grid object at 0x116d8dcc0>)",West,"[((6, 5), <game.Grid object at 0x11786e200>), ((4, 5), <game.Grid object at 0x11786e270>)]",390,390,2829,20,38,58
2830,"((4, 4), <game.Grid object at 0x1172f5010>)","((4, 3), <game.Grid object at 0x116d8dda0>)",North,"[((4, 5), <game.Grid object at 0x11786e2e0>), ((4, 3), <game.Grid object at 0x11786e350>)]",390,391,2830,20,38,58
2831,"((3, 3), <game.Grid object at 0x1172f50f0>)","((4, 3), <game.Grid object at 0x116d8dda0>)",West,"[((4, 3), <game.Grid object at 0x11786e3c0>), ((2, 3), <game.Grid object at 0x11786e430>)]",391,391,2831,20,38,58
2832,"((12, 1), <game.Grid object at 0x1172f51d0>)","((13, 1), <game.Grid object at 0x116d8de80>)",West,"[((13, 1), <game.Grid object at 0x11786e4a0>), ((11, 1), <game.Grid object at 0x11786e510>)]",391,391,2832,27,31,58
2833,"((12, 1), <game.Grid object at 0x1172f52b0>)","((13, 1), <game.Grid object at 0x116d8df60>)",West,"[((13, 1), <game.Grid object at 0x11786e580>), ((11, 1), <game.Grid object at 0x11786e5f0>)]",391,391,2833,27,31,58
2834,"((12, 1), <game.Grid object at 0x1172f5390>)","((13, 1), <game.Grid object at 0x116d8e040>)",West,"[((13, 1), <game.Grid object at 0x11786e660>), ((11, 1), <game.Grid object at 0x11786e6d0>)]",391,391,2834,27,31,58
2835,"((4, 5), <game.Grid object at 0x1172f5470>)","((5, 5), <game.Grid object at 0x116d8e120>)",West,"[((4, 4), <game.Grid object at 0x11786e740>), ((5, 5), <game.Grid object at 0x11786e7b0>), ((3, 5), <game.Grid object at 0x11786e820>)]",391,392,2835,19,39,58
2836,"((13, 1), <game.Grid object at 0x1172f5550>)","((14, 1), <game.Grid object at 0x116d8e200>)",West,"[((14, 1), <game.Grid object at 0x11786e890>), ((12, 1), <game.Grid object at 0x11786e900>)]",392,392,2836,28,30,58
2837,"((13, 1), <game.Grid object at 0x1172f5630>)","((14, 1), <game.Grid object at 0x116d8e2e0>)",West,"[((14, 1), <game.Grid object at 0x11786e970>), ((12, 1), <game.Grid object at 0x11786e9e0>)]",392,392,2837,28,30,58
2838,"((13, 1), <game.Grid object at 0x1172f5710>)","((14, 1), <game.Grid object at 0x116d8e3c0>)",West,"[((14, 1), <game.Grid object at 0x11786ea50>), ((12, 1), <game.Grid object at 0x11786eac0>)]",392,392,2838,28,30,58
2839,"((1, 5), <game.Grid object at 0x1172f57f0>)","((2, 5), <game.Grid object at 0x116d8e4a0>)",West,"[((1, 4), <game.Grid object at 0x11786eb30>), ((2, 5), <game.Grid object at 0x11786eba0>)]",392,393,2839,16,42,58
2840,"((1, 5), <game.Grid object at 0x1172f5860>)","((1, 4), <game.Grid object at 0x116d8e510>)",North,"[((1, 4), <game.Grid object at 0x11786ec10>), ((2, 5), <game.Grid object at 0x11786ec80>)]",393,393,2840,16,42,58
2841,"((5, 5), <game.Grid object at 0x1172f59b0>)","((6, 5), <game.Grid object at 0x116d8e6d0>)",West,"[((6, 5), <game.Grid object at 0x11786ecf0>), ((4, 5), <game.Grid object at 0x11786ed60>)]",393,393,2841,20,38,58
2842,"((2, 3), <game.Grid object at 0x1172f5a90>)","((3, 3), <game.Grid object at 0x116d8e820>)",West,"[((3, 3), <game.Grid object at 0x11786edd0>), ((1, 3), <game.Grid object at 0x11786ee40>)]",393,393,2842,19,39,58
2843,"((14, 1), <game.Grid object at 0x1172f5b70>)","((15, 1), <game.Grid object at 0x116d8e9e0>)",West,"[((15, 1), <game.Grid object at 0x11786eeb0>), ((13, 1), <game.Grid object at 0x11786ef20>)]",393,393,2843,29,29,58
2844,"((14, 1), <game.Grid object at 0x1172f5c50>)","((15, 1), <game.Grid object at 0x116d8eac0>)",West,"[((15, 1), <game.Grid object at 0x11786ef90>), ((13, 1), <game.Grid object at 0x11786f000>)]",393,393,2844,29,29,58
2845,"((14, 1), <game.Grid object at 0x1172f5d30>)","((15, 1), <game.Grid object at 0x116d8eba0>)",West,"[((15, 1), <game.Grid object at 0x11786f070>), ((13, 1), <game.Grid object at 0x11786f0e0>)]",393,393,2845,29,29,58
2846,"((14, 1), <game.Grid object at 0x1172f5e10>)","((15, 1), <game.Grid object at 0x116d8ec80>)",West,"[((15, 1), <game.Grid object at 0x11786f150>), ((13, 1), <game.Grid object at 0x11786f1c0>)]",393,393,2846,29,29,58
2847,"((3, 3), <game.Grid object at 0x1172f5f60>)","((4, 3), <game.Grid object at 0x116d8eeb0>)",West,"[((4, 3), <game.Grid object at 0x11786f230>), ((2, 3), <game.Grid object at 0x11786f2a0>)]",393,393,2847,20,38,58
2848,"((15, 1), <game.Grid object at 0x1172f6120>)","((16, 1), <game.Grid object at 0x116d8f0e0>)",West,"[((16, 1), <game.Grid object at 0x11786f310>), ((14, 1), <game.Grid object at 0x11786f380>)]",393,393,2848,30,28,58
2849,"((15, 1), <game.Grid object at 0x1172f6200>)","((16, 1), <game.Grid object at 0x116d8f1c0>)",West,"[((16, 1), <game.Grid object at 0x11786f3f0>), ((14, 1), <game.Grid object at 0x11786f460>)]",393,393,2849,30,28,58
2850,"((15, 1), <game.Grid object at 0x1172f62e0>)","((16, 1), <game.Grid object at 0x116d8f2a0>)",West,"[((16, 1), <game.Grid object at 0x11786f4d0>), ((14, 1), <game.Grid object at 0x11786f540>)]",393,393,2850,30,28,58
2851,"((9, 5), <game.Grid object at 0x1172f6510>)","((10, 5), <game.Grid object at 0x116d8f4d0>)",West,"[((10, 5), <game.Grid object at 0x11786f5b0>), ((8, 5), <game.Grid object at 0x11786f620>)]",393,393,2851,24,34,58
2852,"((9, 5), <game.Grid object at 0x1172f6660>)","((10, 5), <game.Grid object at 0x116d8f700>)",West,"[((10, 5), <game.Grid object at 0x11786f690>), ((8, 5), <game.Grid object at 0x11786f700>)]",393,393,2852,24,34,58
2853,"((9, 5), <game.Grid object at 0x1172f67b0>)","((10, 5), <game.Grid object at 0x116d8f7e0>)",West,"[((10, 5), <game.Grid object at 0x11786f770>), ((8, 5), <game.Grid object at 0x11786f7e0>)]",393,393,2853,24,34,58
2854,"((16, 1), <game.Grid object at 0x1172f6890>)","((17, 1), <game.Grid object at 0x116d8f8c0>)",West,"[((17, 1), <game.Grid object at 0x11786f850>), ((15, 1), <game.Grid object at 0x11786f8c0>)]",393,393,2854,31,27,58
2855,"((7, 5), <game.Grid object at 0x1172f6970>)","((8, 5), <game.Grid object at 0x116d8f9a0>)",West,"[((7, 4), <game.Grid object at 0x11786f930>), ((8, 5), <game.Grid object at 0x11786f9a0>), ((6, 5), <game.Grid object at 0x11786fa10>)]",393,394,2855,22,36,58
2856,"((16, 1), <game.Grid object at 0x1172f6a50>)","((17, 1), <game.Grid object at 0x116d8fc40>)",West,"[((17, 1), <game.Grid object at 0x11786fa80>), ((15, 1), <game.Grid object at 0x11786faf0>)]",394,394,2856,31,27,58
2857,"((16, 1), <game.Grid object at 0x1172f6b30>)","((17, 1), <game.Grid object at 0x116d8fd20>)",West,"[((17, 1), <game.Grid object at 0x11786fb60>), ((15, 1), <game.Grid object at 0x11786fbd0>)]",394,394,2857,31,27,58
2858,"((16, 1), <game.Grid object at 0x1172f6c10>)","((17, 1), <game.Grid object at 0x116d8fe00>)",West,"[((17, 1), <game.Grid object at 0x11786fc40>), ((15, 1), <game.Grid object at 0x11786fcb0>)]",394,394,2858,31,27,58
2859,"((16, 1), <game.Grid object at 0x1172f6cf0>)","((17, 1), <game.Grid object at 0x116d8fee0>)",West,"[((17, 1), <game.Grid object at 0x11786fd20>), ((15, 1), <game.Grid object at 0x11786fd90>)]",394,394,2859,31,27,58
2860,"((3, 5), <game.Grid object at 0x1172f6e40>)","((4, 5), <game.Grid object at 0x116e00050>)",West,"[((4, 5), <game.Grid object at 0x11786fe00>), ((2, 5), <game.Grid object at 0x11786fe70>)]",394,394,2860,18,40,58
2861,"((1, 5), <game.Grid object at 0x1172f6eb0>)","((1, 4), <game.Grid object at 0x116e000c0>)",North,"[((1, 4), <game.Grid object at 0x11786fee0>), ((2, 5), <game.Grid object at 0x11786ff50>)]",394,394,2861,16,42,58
2862,"((4, 5), <game.Grid object at 0x1172f6f90>)","((4, 4), <game.Grid object at 0x116e001a0>)",North,"[((4, 4), <game.Grid object at 0x1178e8050>), ((5, 5), <game.Grid object at 0x1178e80c0>), ((3, 5), <game.Grid object at 0x1178e8130>)]",394,395,2862,19,39,58
2863,"((2, 3), <game.Grid object at 0x1172f70e0>)","((3, 3), <game.Grid object at 0x116e00280>)",West,"[((3, 3), <game.Grid object at 0x1178e81a0>), ((1, 3), <game.Grid object at 0x1178e8210>)]",395,395,2863,19,39,58
2864,"((3, 5), <game.Grid object at 0x1172f7230>)","((4, 5), <game.Grid object at 0x116e00360>)",West,"[((4, 5), <game.Grid object at 0x1178e8280>), ((2, 5), <game.Grid object at 0x1178e82f0>)]",395,395,2864,18,40,58
2865,"((10, 5), <game.Grid object at 0x1172f7380>)","((10, 4), <game.Grid object at 0x116e00520>)",North,"[((10, 4), <game.Grid object at 0x1178e8360>), ((11, 5), <game.Grid object at 0x1178e83d0>), ((9, 5), <game.Grid object at 0x1178e8440>)]",395,396,2865,25,33,58
2866,"((8, 5), <game.Grid object at 0x1172f75b0>)","((9, 5), <game.Grid object at 0x116e00750>)",West,"[((9, 5), <game.Grid object at 0x1178e84b0>), ((7, 5), <game.Grid object at 0x1178e8520>)]",396,396,2866,23,35,58
2867,"((4, 5), <game.Grid object at 0x1172f7620>)","((4, 4), <game.Grid object at 0x116e007c0>)",North,"[((4, 4), <game.Grid object at 0x1178e8590>), ((5, 5), <game.Grid object at 0x1178e8600>), ((3, 5), <game.Grid object at 0x1178e8670>)]",396,397,2867,19,39,58
2868,"((2, 3), <game.Grid object at 0x1172f7770>)","((3, 3), <game.Grid object at 0x116e008a0>)",West,"[((3, 3), <game.Grid object at 0x1178e86e0>), ((1, 3), <game.Grid object at 0x1178e8750>)]",397,397,2868,19,39,58
2869,"((4, 5), <game.Grid object at 0x1172f77e0>)","((4, 4), <game.Grid object at 0x116e00910>)",North,"[((4, 4), <game.Grid object at 0x1178e87c0>), ((5, 5), <game.Grid object at 0x1178e8830>), ((3, 5), <game.Grid object at 0x1178e88a0>)]",397,398,2869,19,39,58
2870,"((2, 3), <game.Grid object at 0x1172f7930>)","((3, 3), <game.Grid object at 0x116e009f0>)",West,"[((3, 3), <game.Grid object at 0x1178e8910>), ((1, 3), <game.Grid object at 0x1178e8980>)]",398,398,2870,19,39,58
2871,"((9, 5), <game.Grid object at 0x1172f7a80>)","((10, 5), <game.Grid object at 0x116e00ad0>)",West,"[((10, 5), <game.Grid object at 0x1178e89f0>), ((8, 5), <game.Grid object at 0x1178e8a60>)]",398,398,2871,24,34,58
2872,"((10, 5), <game.Grid object at 0x1172f7bd0>)","((10, 4), <game.Grid object at 0x116e00c90>)",North,"[((10, 4), <game.Grid object at 0x1178e8ad0>), ((11, 5), <game.Grid object at 0x1178e8b40>), ((9, 5), <game.Grid object at 0x1178e8bb0>)]",398,398,2872,25,33,58
2873,"((10, 5), <game.Grid object at 0x1172f7e00>)","((11, 5), <game.Grid object at 0x116e00ec0>)",West,"[((10, 4), <game.Grid object at 0x1178e8c20>), ((11, 5), <game.Grid object at 0x1178e8c90>), ((9, 5), <game.Grid object at 0x1178e8d00>)]",398,398,2873,25,33,58
2874,"((8, 5), <game.Grid object at 0x11736c050>)","((9, 5), <game.Grid object at 0x116e01160>)",West,"[((9, 5), <game.Grid object at 0x1178e8d70>), ((7, 5), <game.Grid object at 0x1178e8de0>)]",398,398,2874,23,35,58
2875,"((17, 1), <game.Grid object at 0x11736c2f0>)","((18, 1), <game.Grid object at 0x116e01390>)",West,"[((18, 1), <game.Grid object at 0x1178e8e50>), ((16, 1), <game.Grid object at 0x1178e8ec0>)]",398,398,2875,32,26,58
2876,"((17, 1), <game.Grid object at 0x11736c3d0>)","((18, 1), <game.Grid object at 0x116e01470>)",West,"[((18, 1), <game.Grid object at 0x1178e8f30>), ((16, 1), <game.Grid object at 0x1178e8fa0>)]",398,398,2876,32,26,58
2877,"((17, 1), <game.Grid object at 0x11736c4b0>)","((18, 1), <game.Grid object at 0x116e01550>)",West,"[((18, 1), <game.Grid object at 0x1178e9010>), ((16, 1), <game.Grid object at 0x1178e9080>)]",398,398,2877,32,26,58
2878,"((17, 1), <game.Grid object at 0x11736c590>)","((18, 1), <game.Grid object at 0x116e01630>)",West,"[((18, 1), <game.Grid object at 0x1178e90f0>), ((16, 1), <game.Grid object at 0x1178e9160>)]",398,398,2878,32,26,58
2879,"((17, 1), <game.Grid object at 0x11736c670>)","((18, 1), <game.Grid object at 0x116e01710>)",West,"[((18, 1), <game.Grid object at 0x1178e91d0>), ((16, 1), <game.Grid object at 0x1178e9240>)]",398,398,2879,32,26,58
2880,"((17, 1), <game.Grid object at 0x11736c750>)","((18, 1), <game.Grid object at 0x116e017f0>)",West,"[((18, 1), <game.Grid object at 0x1178e92b0>), ((16, 1), <game.Grid object at 0x1178e9320>)]",398,398,2880,32,26,58
2881,"((17, 1), <game.Grid object at 0x11736c830>)","((18, 1), <game.Grid object at 0x116e018d0>)",West,"[((18, 1), <game.Grid object at 0x1178e9390>), ((16, 1), <game.Grid object at 0x1178e9400>)]",398,398,2881,32,26,58
2882,"((4, 4), <game.Grid object at 0x11736c8a0>)","((4, 3), <game.Grid object at 0x116e019b0>)",North,"[((4, 5), <game.Grid object at 0x1178e9470>), ((4, 3), <game.Grid object at 0x1178e94e0>)]",398,399,2882,20,38,58
2883,"((3, 3), <game.Grid object at 0x11736c980>)","((4, 3), <game.Grid object at 0x116e019b0>)",West,"[((4, 3), <game.Grid object at 0x1178e9550>), ((2, 3), <game.Grid object at 0x1178e95c0>)]",399,399,2883,20,38,58
2884,"((4, 4), <game.Grid object at 0x11736c9f0>)","((4, 3), <game.Grid object at 0x116e01a90>)",North,"[((4, 5), <game.Grid object at 0x1178e9630>), ((4, 3), <game.Grid object at 0x1178e96a0>)]",399,400,2884,20,38,58
2885,"((3, 3), <game.Grid object at 0x11736cad0>)","((4, 3), <game.Grid object at 0x116e01a90>)",West,"[((4, 3), <game.Grid object at 0x1178e9710>), ((2, 3), <game.Grid object at 0x1178e9780>)]",400,400,2885,20,38,58
2886,"((4, 5), <game.Grid object at 0x11736cbb0>)","((5, 5), <game.Grid object at 0x116e01b70>)",West,"[((4, 4), <game.Grid object at 0x1178e97f0>), ((5, 5), <game.Grid object at 0x1178e9860>), ((3, 5), <game.Grid object at 0x1178e98d0>)]",400,400,2886,19,39,58
2887,"((4, 5), <game.Grid object at 0x11736cc90>)","((5, 5), <game.Grid object at 0x116e01c50>)",West,"[((4, 4), <game.Grid object at 0x1178e9940>), ((5, 5), <game.Grid object at 0x1178e99b0>), ((3, 5), <game.Grid object at 0x1178e9a20>)]",400,400,2887,19,39,58
2888,"((1, 4), <game.Grid object at 0x11736cd00>)","((1, 3), <game.Grid object at 0x116e01d30>)",North,"[((1, 5), <game.Grid object at 0x1178e9a90>), ((1, 3), <game.Grid object at 0x1178e9b00>)]",400,401,2888,17,41,58
2889,"((9, 5), <game.Grid object at 0x11736cec0>)","((10, 5), <game.Grid object at 0x116e01e10>)",West,"[((10, 5), <game.Grid object at 0x1178e9b70>), ((8, 5), <game.Grid object at 0x1178e9be0>)]",401,401,2889,24,34,58
2890,"((9, 3), <game.Grid object at 0x11736d010>)","((10, 3), <game.Grid object at 0x116e01ef0>)",West,"[((10, 3), <game.Grid object at 0x1178e9c50>), ((8, 3), <game.Grid object at 0x1178e9cc0>)]",401,401,2890,26,32,58
2891,"((9, 5), <game.Grid object at 0x11736d160>)","((10, 5), <game.Grid object at 0x116e01fd0>)",West,"[((10, 5), <game.Grid object at 0x1178e9d30>), ((8, 5), <game.Grid object at 0x1178e9da0>)]",401,401,2891,24,34,58
2892,"((4, 4), <game.Grid object at 0x11736d1d0>)","((4, 3), <game.Grid object at 0x116e020b0>)",North,"[((4, 5), <game.Grid object at 0x1178e9e10>), ((4, 3), <game.Grid object at 0x1178e9e80>)]",401,402,2892,20,38,58
2893,"((3, 3), <game.Grid object at 0x11736d2b0>)","((4, 3), <game.Grid object at 0x116e020b0>)",West,"[((4, 3), <game.Grid object at 0x1178e9ef0>), ((2, 3), <game.Grid object at 0x1178e9f60>)]",402,402,2893,20,38,58
2894,"((4, 4), <game.Grid object at 0x11736d320>)","((4, 3), <game.Grid object at 0x116e02190>)",North,"[((4, 5), <game.Grid object at 0x1178e9fd0>), ((4, 3), <game.Grid object at 0x1178ea040>)]",402,403,2894,20,38,58
2895,"((3, 3), <game.Grid object at 0x11736d400>)","((4, 3), <game.Grid object at 0x116e02190>)",West,"[((4, 3), <game.Grid object at 0x1178ea0b0>), ((2, 3), <game.Grid object at 0x1178ea120>)]",403,403,2895,20,38,58
2896,"((10, 5), <game.Grid object at 0x11736d5c0>)","((11, 5), <game.Grid object at 0x116e02350>)",West,"[((10, 4), <game.Grid object at 0x1178ea190>), ((11, 5), <game.Grid object at 0x1178ea200>), ((9, 5), <game.Grid object at 0x1178ea270>)]",403,403,2896,25,33,58
2897,"((9, 5), <game.Grid object at 0x11736d710>)","((10, 5), <game.Grid object at 0x116e02430>)",West,"[((10, 5), <game.Grid object at 0x1178ea2e0>), ((8, 5), <game.Grid object at 0x1178ea350>)]",403,403,2897,24,34,58
2898,"((9, 3), <game.Grid object at 0x11736d860>)","((10, 3), <game.Grid object at 0x116e02510>)",West,"[((10, 3), <game.Grid object at 0x1178ea3c0>), ((8, 3), <game.Grid object at 0x1178ea430>)]",403,403,2898,26,32,58
2899,"((10, 4), <game.Grid object at 0x11736d8d0>)","((10, 3), <game.Grid object at 0x116e025f0>)",North,"[((10, 5), <game.Grid object at 0x1178ea4a0>), ((10, 3), <game.Grid object at 0x1178ea510>)]",403,403,2899,26,32,58
2900,"((9, 3), <game.Grid object at 0x11736d9b0>)","((10, 3), <game.Grid object at 0x116e025f0>)",West,"[((10, 3), <game.Grid object at 0x1178ea580>), ((8, 3), <game.Grid object at 0x1178ea5f0>)]",403,403,2900,26,32,58
2901,"((2, 5), <game.Grid object at 0x11736da90>)","((3, 5), <game.Grid object at 0x116e02740>)",West,"[((3, 5), <game.Grid object at 0x1178ea660>), ((1, 5), <game.Grid object at 0x1178ea6d0>)]",403,402,2901,17,41,58
2902,"((9, 3), <game.Grid object at 0x11736dbe0>)","((10, 3), <game.Grid object at 0x116e02820>)",West,"[((10, 3), <game.Grid object at 0x1178ea740>), ((8, 3), <game.Grid object at 0x1178ea7b0>)]",402,402,2902,26,32,58
2903,"((5, 5), <game.Grid object at 0x11736dcc0>)","((6, 5), <game.Grid object at 0x116e02970>)",West,"[((6, 5), <game.Grid object at 0x1178ea820>), ((4, 5), <game.Grid object at 0x1178ea890>)]",402,402,2903,20,38,58
2904,"((18, 1), <game.Grid object at 0x11736dda0>)","((18, 2), <game.Grid object at 0x116e02a50>)",South,"[((18, 2), <game.Grid object at 0x1178ea900>), ((17, 1), <game.Grid object at 0x1178ea970>)]",402,402,2904,33,25,58
2905,"((8, 5), <game.Grid object at 0x11736de80>)","((9, 5), <game.Grid object at 0x116e02ba0>)",West,"[((9, 5), <game.Grid object at 0x1178ea9e0>), ((7, 5), <game.Grid object at 0x1178eaa50>)]",402,402,2905,23,35,58
2906,"((18, 1), <game.Grid object at 0x11736df60>)","((18, 2), <game.Grid object at 0x116e02c80>)",South,"[((18, 2), <game.Grid object at 0x1178eaac0>), ((17, 1), <game.Grid object at 0x1178eab30>)]",402,402,2906,33,25,58
2907,"((18, 1), <game.Grid object at 0x11736e040>)","((18, 2), <game.Grid object at 0x116e02d60>)",South,"[((18, 2), <game.Grid object at 0x1178eaba0>), ((17, 1), <game.Grid object at 0x1178eac10>)]",402,402,2907,33,25,58
2908,"((18, 1), <game.Grid object at 0x11736e120>)","((18, 2), <game.Grid object at 0x116e02e40>)",South,"[((18, 2), <game.Grid object at 0x1178eac80>), ((17, 1), <game.Grid object at 0x1178eacf0>)]",402,402,2908,33,25,58
2909,"((11, 5), <game.Grid object at 0x11736e270>)","((12, 5), <game.Grid object at 0x116e02f90>)",West,"[((12, 5), <game.Grid object at 0x1178ead60>), ((10, 5), <game.Grid object at 0x1178eadd0>)]",402,402,2909,26,32,58
2910,"((18, 1), <game.Grid object at 0x11736e350>)","((18, 2), <game.Grid object at 0x116e03070>)",South,"[((18, 2), <game.Grid object at 0x1178eae40>), ((17, 1), <game.Grid object at 0x1178eaeb0>)]",402,402,2910,33,25,58
2911,"((4, 3), <game.Grid object at 0x11736e430>)","((5, 3), <game.Grid object at 0x116e03150>)",West,"[((4, 4), <game.Grid object at 0x1178eaf20>), ((5, 3), <game.Grid object at 0x1178eaf90>), ((3, 3), <game.Grid object at 0x1178eb000>)]",402,403,2911,21,37,58
2912,"((10, 5), <game.Grid object at 0x11736e510>)","((11, 5), <game.Grid object at 0x116e03230>)",West,"[((10, 4), <game.Grid object at 0x1178eb070>), ((11, 5), <game.Grid object at 0x1178eb0e0>), ((9, 5), <game.Grid object at 0x1178eb150>)]",403,403,2912,25,33,58
2913,"((10, 3), <game.Grid object at 0x11736e5f0>)","((11, 3), <game.Grid object at 0x116e033f0>)",West,"[((10, 4), <game.Grid object at 0x1178eb1c0>), ((11, 3), <game.Grid object at 0x1178eb230>), ((9, 3), <game.Grid object at 0x1178eb2a0>)]",403,404,2913,27,31,58
2914,"((4, 3), <game.Grid object at 0x11736e6d0>)","((5, 3), <game.Grid object at 0x116e034d0>)",West,"[((4, 4), <game.Grid object at 0x1178eb310>), ((5, 3), <game.Grid object at 0x1178eb380>), ((3, 3), <game.Grid object at 0x1178eb3f0>)]",404,404,2914,21,37,58
2915,"((11, 5), <game.Grid object at 0x11736e7b0>)","((12, 5), <game.Grid object at 0x116e03700>)",West,"[((12, 5), <game.Grid object at 0x1178eb460>), ((10, 5), <game.Grid object at 0x1178eb4d0>)]",404,403,2915,26,32,58
2916,"((10, 3), <game.Grid object at 0x11736e890>)","((11, 3), <game.Grid object at 0x116e037e0>)",West,"[((10, 4), <game.Grid object at 0x1178eb540>), ((11, 3), <game.Grid object at 0x1178eb5b0>), ((9, 3), <game.Grid object at 0x1178eb620>)]",403,403,2916,27,31,58
2917,"((3, 5), <game.Grid object at 0x11736e9e0>)","((4, 5), <game.Grid object at 0x116e03af0>)",West,"[((4, 5), <game.Grid object at 0x1178eb690>), ((2, 5), <game.Grid object at 0x1178eb700>)]",403,403,2917,18,40,58
2918,"((9, 5), <game.Grid object at 0x11736ec80>)","((10, 5), <game.Grid object at 0x116e03cb0>)",West,"[((10, 5), <game.Grid object at 0x1178eb770>), ((8, 5), <game.Grid object at 0x1178eb7e0>)]",403,403,2918,24,34,58
2919,"((14, 5), <game.Grid object at 0x11736ed60>)","((13, 5), <game.Grid object at 0x116e03d90>)",East,"[((13, 5), <game.Grid object at 0x1178eb850>)]",403,402,2919,27,31,58
2920,"((12, 5), <game.Grid object at 0x11736edd0>)","((13, 5), <game.Grid object at 0x116e03d90>)",West,"[((13, 5), <game.Grid object at 0x1178eb8c0>), ((11, 5), <game.Grid object at 0x1178eb930>)]",402,402,2920,27,31,58
2921,"((1, 3), <game.Grid object at 0x11736f000>)","((2, 3), <game.Grid object at 0x116e78050>)",West,"[((1, 4), <game.Grid object at 0x1178eb9a0>), ((2, 3), <game.Grid object at 0x1178eba10>)]",402,401,2921,18,40,58
2922,"((1, 3), <game.Grid object at 0x11736f0e0>)","((2, 3), <game.Grid object at 0x116e78130>)",West,"[((1, 4), <game.Grid object at 0x1178eba80>), ((2, 3), <game.Grid object at 0x1178ebaf0>)]",401,400,2922,18,40,58
2923,"((9, 5), <game.Grid object at 0x11736f230>)","((10, 5), <game.Grid object at 0x116e78440>)",West,"[((10, 5), <game.Grid object at 0x1178ebb60>), ((8, 5), <game.Grid object at 0x1178ebbd0>)]",400,400,2923,24,34,58
2924,"((14, 5), <game.Grid object at 0x11736f310>)","((13, 5), <game.Grid object at 0x116e78520>)",East,"[((13, 5), <game.Grid object at 0x1178ebc40>)]",400,399,2924,27,31,58
2925,"((12, 5), <game.Grid object at 0x11736f380>)","((13, 5), <game.Grid object at 0x116e78520>)",West,"[((13, 5), <game.Grid object at 0x1178ebcb0>), ((11, 5), <game.Grid object at 0x1178ebd20>)]",399,399,2925,27,31,58
2926,"((4, 3), <game.Grid object at 0x11736f460>)","((5, 3), <game.Grid object at 0x116e78670>)",West,"[((4, 4), <game.Grid object at 0x1178ebd90>), ((5, 3), <game.Grid object at 0x1178ebe00>), ((3, 3), <game.Grid object at 0x1178ebe70>)]",399,399,2926,21,37,58
2927,"((18, 2), <game.Grid object at 0x11736f690>)","((18, 3), <game.Grid object at 0x116e78830>)",South,"[((18, 3), <game.Grid object at 0x1178ebee0>), ((18, 1), <game.Grid object at 0x1178ebf50>)]",399,399,2927,34,24,58
2928,"((18, 2), <game.Grid object at 0x11736fa10>)","((18, 3), <game.Grid object at 0x116e78d00>)",South,"[((18, 3), <game.Grid object at 0x117960050>), ((18, 1), <game.Grid object at 0x1179600c0>)]",399,399,2928,34,24,58
2929,"((14, 5), <game.Grid object at 0x11736faf0>)","((13, 5), <game.Grid object at 0x116e78d70>)",East,"[((13, 5), <game.Grid object at 0x117960130>)]",399,398,2929,27,31,58
2930,"((12, 5), <game.Grid object at 0x11736fb60>)","((13, 5), <game.Grid object at 0x116e78d70>)",West,"[((13, 5), <game.Grid object at 0x1179601a0>), ((11, 5), <game.Grid object at 0x117960210>)]",398,398,2930,27,31,58
2931,"((9, 5), <game.Grid object at 0x11736fcb0>)","((10, 5), <game.Grid object at 0x116e78e50>)",West,"[((10, 5), <game.Grid object at 0x117960280>), ((8, 5), <game.Grid object at 0x1179602f0>)]",398,398,2931,24,34,58
2932,"((9, 5), <game.Grid object at 0x11736fe00>)","((10, 5), <game.Grid object at 0x116e78f30>)",West,"[((10, 5), <game.Grid object at 0x117960360>), ((8, 5), <game.Grid object at 0x1179603d0>)]",398,398,2932,24,34,58
2933,"((9, 5), <game.Grid object at 0x11736ff50>)","((10, 5), <game.Grid object at 0x116e790f0>)",West,"[((10, 5), <game.Grid object at 0x117960440>), ((8, 5), <game.Grid object at 0x1179604b0>)]",398,398,2933,24,34,58
2934,"((18, 2), <game.Grid object at 0x1173e80c0>)","((18, 3), <game.Grid object at 0x116e79400>)",South,"[((18, 3), <game.Grid object at 0x117960520>), ((18, 1), <game.Grid object at 0x117960590>)]",398,398,2934,34,24,58
2935,"((10, 5), <game.Grid object at 0x1173e81a0>)","((11, 5), <game.Grid object at 0x116e79550>)",West,"[((10, 4), <game.Grid object at 0x117960600>), ((11, 5), <game.Grid object at 0x117960670>), ((9, 5), <game.Grid object at 0x1179606e0>)]",398,399,2935,25,33,58
2936,"((10, 5), <game.Grid object at 0x1173e8280>)","((11, 5), <game.Grid object at 0x116e796a0>)",West,"[((10, 4), <game.Grid object at 0x117960750>), ((11, 5), <game.Grid object at 0x1179607c0>), ((9, 5), <game.Grid object at 0x117960830>)]",399,400,2936,25,33,58
2937,"((10, 5), <game.Grid object at 0x1173e8360>)","((11, 5), <game.Grid object at 0x116e797f0>)",West,"[((10, 4), <game.Grid object at 0x1179608a0>), ((11, 5), <game.Grid object at 0x117960910>), ((9, 5), <game.Grid object at 0x117960980>)]",400,401,2937,25,33,58
2938,"((18, 2), <game.Grid object at 0x1173e8440>)","((18, 3), <game.Grid object at 0x116e798d0>)",South,"[((18, 3), <game.Grid object at 0x1179609f0>), ((18, 1), <game.Grid object at 0x117960a60>)]",401,401,2938,34,24,58
2939,"((11, 5), <game.Grid object at 0x1173e8590>)","((12, 5), <game.Grid object at 0x116e79a20>)",West,"[((12, 5), <game.Grid object at 0x117960ad0>), ((10, 5), <game.Grid object at 0x117960b40>)]",401,401,2939,26,32,58
2940,"((11, 5), <game.Grid object at 0x1173e86e0>)","((12, 5), <game.Grid object at 0x116e79b70>)",West,"[((12, 5), <game.Grid object at 0x117960bb0>), ((10, 5), <game.Grid object at 0x117960c20>)]",401,401,2940,26,32,58
2941,"((11, 5), <game.Grid object at 0x1173e8830>)","((12, 5), <game.Grid object at 0x116e79cc0>)",West,"[((12, 5), <game.Grid object at 0x117960c90>), ((10, 5), <game.Grid object at 0x117960d00>)]",401,401,2941,26,32,58
2942,"((14, 5), <game.Grid object at 0x1173e8910>)","((13, 5), <game.Grid object at 0x116e79d30>)",East,"[((13, 5), <game.Grid object at 0x117960d70>)]",401,400,2942,27,31,58
2943,"((12, 5), <game.Grid object at 0x1173e8980>)","((13, 5), <game.Grid object at 0x116e79d30>)",West,"[((13, 5), <game.Grid object at 0x117960de0>), ((11, 5), <game.Grid object at 0x117960e50>)]",400,400,2943,27,31,58
2944,"((14, 5), <game.Grid object at 0x1173e8a60>)","((13, 5), <game.Grid object at 0x116e79e10>)",East,"[((13, 5), <game.Grid object at 0x117960ec0>)]",400,399,2944,27,31,58
2945,"((12, 5), <game.Grid object at 0x1173e8ad0>)","((13, 5), <game.Grid object at 0x116e79e10>)",West,"[((13, 5), <game.Grid object at 0x117960f30>), ((11, 5), <game.Grid object at 0x117960fa0>)]",399,399,2945,27,31,58
2946,"((14, 5), <game.Grid object at 0x1173e8bb0>)","((13, 5), <game.Grid object at 0x116e79fd0>)",East,"[((13, 5), <game.Grid object at 0x117961010>)]",399,398,2946,27,31,58
2947,"((12, 5), <game.Grid object at 0x1173e8c20>)","((13, 5), <game.Grid object at 0x116e79fd0>)",West,"[((13, 5), <game.Grid object at 0x117961080>), ((11, 5), <game.Grid object at 0x1179610f0>)]",398,398,2947,27,31,58
2948,"((10, 3), <game.Grid object at 0x1173e8d00>)","((11, 3), <game.Grid object at 0x116e7a120>)",West,"[((10, 4), <game.Grid object at 0x117961160>), ((11, 3), <game.Grid object at 0x1179611d0>), ((9, 3), <game.Grid object at 0x117961240>)]",398,399,2948,27,31,58
2949,"((14, 5), <game.Grid object at 0x1173e8de0>)","((13, 5), <game.Grid object at 0x116e7a190>)",East,"[((13, 5), <game.Grid object at 0x1179612b0>)]",399,398,2949,27,31,58
2950,"((12, 5), <game.Grid object at 0x1173e8e50>)","((13, 5), <game.Grid object at 0x116e7a190>)",West,"[((13, 5), <game.Grid object at 0x117961320>), ((11, 5), <game.Grid object at 0x117961390>)]",398,398,2950,27,31,58
2951,"((14, 5), <game.Grid object at 0x1173e8f30>)","((13, 5), <game.Grid object at 0x116e7a350>)",East,"[((13, 5), <game.Grid object at 0x117961400>)]",398,397,2951,27,31,58
2952,"((12, 5), <game.Grid object at 0x1173e8fa0>)","((13, 5), <game.Grid object at 0x116e7a350>)",West,"[((13, 5), <game.Grid object at 0x117961470>), ((11, 5), <game.Grid object at 0x1179614e0>)]",397,397,2952,27,31,58
2953,"((10, 3), <game.Grid object at 0x1173e9080>)","((11, 3), <game.Grid object at 0x116e7a4a0>)",West,"[((10, 4), <game.Grid object at 0x117961550>), ((11, 3), <game.Grid object at 0x1179615c0>), ((9, 3), <game.Grid object at 0x117961630>)]",397,398,2953,27,31,58
2954,"((14, 5), <game.Grid object at 0x1173e9160>)","((13, 5), <game.Grid object at 0x116e7a5f0>)",East,"[((13, 5), <game.Grid object at 0x1179616a0>)]",398,397,2954,27,31,58
2955,"((12, 5), <game.Grid object at 0x1173e91d0>)","((13, 5), <game.Grid object at 0x116e7a5f0>)",West,"[((13, 5), <game.Grid object at 0x117961710>), ((11, 5), <game.Grid object at 0x117961780>)]",397,397,2955,27,31,58
2956,"((10, 3), <game.Grid object at 0x1173e92b0>)","((11, 3), <game.Grid object at 0x116e7a740>)",West,"[((10, 4), <game.Grid object at 0x1179617f0>), ((11, 3), <game.Grid object at 0x117961860>), ((9, 3), <game.Grid object at 0x1179618d0>)]",397,398,2956,27,31,58
2957,"((18, 2), <game.Grid object at 0x1173e9390>)","((18, 3), <game.Grid object at 0x116e7a820>)",South,"[((18, 3), <game.Grid object at 0x117961940>), ((18, 1), <game.Grid object at 0x1179619b0>)]",398,398,2957,34,24,58
2958,"((18, 2), <game.Grid object at 0x1173e9470>)","((18, 3), <game.Grid object at 0x116e7a900>)",South,"[((18, 3), <game.Grid object at 0x117961a20>), ((18, 1), <game.Grid object at 0x117961a90>)]",398,398,2958,34,24,58
2959,"((18, 2), <game.Grid object at 0x1173e9550>)","((18, 3), <game.Grid object at 0x116e7a9e0>)",South,"[((18, 3), <game.Grid object at 0x117961b00>), ((18, 1), <game.Grid object at 0x117961b70>)]",398,398,2959,34,24,58
2960,"((17, 1), <game.Grid object at 0x1173e9630>)","((18, 1), <game.Grid object at 0x116e7aac0>)",West,"[((18, 1), <game.Grid object at 0x117961be0>), ((16, 1), <game.Grid object at 0x117961c50>)]",398,398,2960,36,22,58
2961,"((17, 1), <game.Grid object at 0x1173e9710>)","((18, 1), <game.Grid object at 0x116e7aba0>)",West,"[((18, 1), <game.Grid object at 0x117961cc0>), ((16, 1), <game.Grid object at 0x117961d30>)]",398,398,2961,36,22,58
2962,"((17, 1), <game.Grid object at 0x1173e97f0>)","((18, 1), <game.Grid object at 0x116e7ac80>)",West,"[((18, 1), <game.Grid object at 0x117961da0>), ((16, 1), <game.Grid object at 0x117961e10>)]",398,398,2962,36,22,58
2963,"((17, 1), <game.Grid object at 0x1173e98d0>)","((18, 1), <game.Grid object at 0x116e7ad60>)",West,"[((18, 1), <game.Grid object at 0x117961e80>), ((16, 1), <game.Grid object at 0x117961ef0>)]",398,398,2963,36,22,58
2964,"((3, 5), <game.Grid object at 0x1173e9a20>)","((4, 5), <game.Grid object at 0x116e7b070>)",West,"[((4, 5), <game.Grid object at 0x117961f60>), ((2, 5), <game.Grid object at 0x117961fd0>)]",398,398,2964,18,40,58
2965,"((2, 3), <game.Grid object at 0x1173e9b00>)","((3, 3), <game.Grid object at 0x116e7b310>)",West,"[((3, 3), <game.Grid object at 0x117962040>), ((1, 3), <game.Grid object at 0x1179620b0>)]",398,398,2965,19,39,58
2966,"((3, 5), <game.Grid object at 0x1173e9c50>)","((4, 5), <game.Grid object at 0x116e7b380>)",West,"[((4, 5), <game.Grid object at 0x117962120>), ((2, 5), <game.Grid object at 0x117962190>)]",398,398,2966,18,40,58
2967,"((11, 3), <game.Grid object at 0x1173e9e10>)","((12, 3), <game.Grid object at 0x116ef0a60>)",West,"[((12, 3), <game.Grid object at 0x117962200>), ((10, 3), <game.Grid object at 0x117962270>)]",398,398,2967,28,30,58
2968,"((11, 3), <game.Grid object at 0x1173e9fd0>)","((12, 3), <game.Grid object at 0x116ef10f0>)",West,"[((12, 3), <game.Grid object at 0x1179622e0>), ((10, 3), <game.Grid object at 0x117962350>)]",398,398,2968,28,30,58
2969,"((11, 3), <game.Grid object at 0x1173ea0b0>)","((12, 3), <game.Grid object at 0x116ef1630>)",West,"[((12, 3), <game.Grid object at 0x1179623c0>), ((10, 3), <game.Grid object at 0x117962430>)]",398,398,2969,28,30,58
2970,"((11, 5), <game.Grid object at 0x1173ea430>)","((12, 5), <game.Grid object at 0x116ef1b70>)",West,"[((12, 5), <game.Grid object at 0x1179624a0>), ((10, 5), <game.Grid object at 0x117962510>)]",398,398,2970,26,32,58
2971,"((11, 5), <game.Grid object at 0x1173ea510>)","((12, 5), <game.Grid object at 0x116ef1cc0>)",West,"[((12, 5), <game.Grid object at 0x117962580>), ((10, 5), <game.Grid object at 0x1179625f0>)]",398,398,2971,26,32,58
2972,"((11, 5), <game.Grid object at 0x1173ea5f0>)","((12, 5), <game.Grid object at 0x116ef1e10>)",West,"[((12, 5), <game.Grid object at 0x117962660>), ((10, 5), <game.Grid object at 0x1179626d0>)]",398,398,2972,26,32,58
2973,"((11, 3), <game.Grid object at 0x1173ea6d0>)","((12, 3), <game.Grid object at 0x116ef1f60>)",West,"[((12, 3), <game.Grid object at 0x117962740>), ((10, 3), <game.Grid object at 0x1179627b0>)]",398,398,2973,28,30,58
2974,"((11, 3), <game.Grid object at 0x1173ea7b0>)","((12, 3), <game.Grid object at 0x116ef20b0>)",West,"[((12, 3), <game.Grid object at 0x117962820>), ((10, 3), <game.Grid object at 0x117962890>)]",398,398,2974,28,30,58
2975,"((11, 3), <game.Grid object at 0x1173ea890>)","((12, 3), <game.Grid object at 0x116ef2200>)",West,"[((12, 3), <game.Grid object at 0x117962900>), ((10, 3), <game.Grid object at 0x117962970>)]",398,398,2975,28,30,58
2976,"((11, 3), <game.Grid object at 0x1173ea970>)","((12, 3), <game.Grid object at 0x116ef2350>)",West,"[((12, 3), <game.Grid object at 0x1179629e0>), ((10, 3), <game.Grid object at 0x117962a50>)]",398,398,2976,28,30,58
2977,"((11, 3), <game.Grid object at 0x1173eaa50>)","((12, 3), <game.Grid object at 0x116ef24a0>)",West,"[((12, 3), <game.Grid object at 0x117962ac0>), ((10, 3), <game.Grid object at 0x117962b30>)]",398,398,2977,28,30,58
2978,"((11, 3), <game.Grid object at 0x1173eab30>)","((12, 3), <game.Grid object at 0x116ef25f0>)",West,"[((12, 3), <game.Grid object at 0x117962ba0>), ((10, 3), <game.Grid object at 0x117962c10>)]",398,398,2978,28,30,58
2979,"((11, 3), <game.Grid object at 0x1173eac10>)","((12, 3), <game.Grid object at 0x116ef2740>)",West,"[((12, 3), <game.Grid object at 0x117962c80>), ((10, 3), <game.Grid object at 0x117962cf0>)]",398,398,2979,28,30,58
2980,"((11, 3), <game.Grid object at 0x1173eacf0>)","((12, 3), <game.Grid object at 0x116ef2890>)",West,"[((12, 3), <game.Grid object at 0x117962d60>), ((10, 3), <game.Grid object at 0x117962dd0>)]",398,398,2980,28,30,58
2981,"((11, 3), <game.Grid object at 0x1173eadd0>)","((12, 3), <game.Grid object at 0x116ef29e0>)",West,"[((12, 3), <game.Grid object at 0x117962e40>), ((10, 3), <game.Grid object at 0x117962eb0>)]",398,398,2981,28,30,58
2982,"((2, 3), <game.Grid object at 0x1173eaeb0>)","((3, 3), <game.Grid object at 0x116ef2cf0>)",West,"[((3, 3), <game.Grid object at 0x117962f20>), ((1, 3), <game.Grid object at 0x117962f90>)]",398,398,2982,19,39,58
2983,"((2, 3), <game.Grid object at 0x1173eaf90>)","((3, 3), <game.Grid object at 0x116ef3000>)",West,"[((3, 3), <game.Grid object at 0x117963000>), ((1, 3), <game.Grid object at 0x117963070>)]",398,398,2983,19,39,58
2984,"((5, 3), <game.Grid object at 0x1173eb070>)","((6, 3), <game.Grid object at 0x116ef3310>)",West,"[((6, 3), <game.Grid object at 0x1179630e0>), ((4, 3), <game.Grid object at 0x117963150>)]",398,398,2984,22,36,58
2985,"((11, 3), <game.Grid object at 0x1173eb310>)","((12, 3), <game.Grid object at 0x116ef3a80>)",West,"[((12, 3), <game.Grid object at 0x1179631c0>), ((10, 3), <game.Grid object at 0x117963230>)]",398,398,2985,28,30,58
2986,"((12, 5), <game.Grid object at 0x1173eb460>)","((13, 5), <game.Grid object at 0x116f6cde0>)",West,"[((13, 5), <game.Grid object at 0x1179632a0>), ((11, 5), <game.Grid object at 0x117963310>)]",398,398,2986,27,31,58
2987,"((12, 5), <game.Grid object at 0x1173eb5b0>)","((13, 5), <game.Grid object at 0x116f6cec0>)",West,"[((13, 5), <game.Grid object at 0x117963380>), ((11, 5), <game.Grid object at 0x1179633f0>)]",398,398,2987,27,31,58
2988,"((12, 5), <game.Grid object at 0x1173eb700>)","((13, 5), <game.Grid object at 0x116f6cfa0>)",West,"[((13, 5), <game.Grid object at 0x117963460>), ((11, 5), <game.Grid object at 0x1179634d0>)]",398,398,2988,27,31,58
2989,"((11, 5), <game.Grid object at 0x1173eb850>)","((12, 5), <game.Grid object at 0x116f6e740>)",West,"[((12, 5), <game.Grid object at 0x117963540>), ((10, 5), <game.Grid object at 0x1179635b0>)]",398,398,2989,26,32,58
2990,"((11, 5), <game.Grid object at 0x1173eb9a0>)","((12, 5), <game.Grid object at 0x116f6f2a0>)",West,"[((12, 5), <game.Grid object at 0x117963620>), ((10, 5), <game.Grid object at 0x117963690>)]",398,398,2990,26,32,58
2991,"((11, 5), <game.Grid object at 0x1173ebaf0>)","((12, 5), <game.Grid object at 0x116f6f3f0>)",West,"[((12, 5), <game.Grid object at 0x117963700>), ((10, 5), <game.Grid object at 0x117963770>)]",398,398,2991,26,32,58
2992,"((11, 5), <game.Grid object at 0x1173ebc40>)","((12, 5), <game.Grid object at 0x116f6f540>)",West,"[((12, 5), <game.Grid object at 0x1179637e0>), ((10, 5), <game.Grid object at 0x117963850>)]",398,398,2992,26,32,58
2993,"((11, 3), <game.Grid object at 0x1173ebd20>)","((12, 3), <game.Grid object at 0x116f6fa10>)",West,"[((12, 3), <game.Grid object at 0x1179638c0>), ((10, 3), <game.Grid object at 0x117963930>)]",398,398,2993,28,30,58
2994,"((11, 3), <game.Grid object at 0x1173ebe00>)","((12, 3), <game.Grid object at 0x116f6fb60>)",West,"[((12, 3), <game.Grid object at 0x1179639a0>), ((10, 3), <game.Grid object at 0x117963a10>)]",398,398,2994,28,30,58
2995,"((11, 3), <game.Grid object at 0x1173ebee0>)","((12, 3), <game.Grid object at 0x116f6fcb0>)",West,"[((12, 3), <game.Grid object at 0x117963a80>), ((10, 3), <game.Grid object at 0x117963af0>)]",398,398,2995,28,30,58
2996,"((4, 5), <game.Grid object at 0x11746c130>)","((4, 4), <game.Grid object at 0x116fec910>)",North,"[((4, 4), <game.Grid object at 0x117963b60>), ((5, 5), <game.Grid object at 0x117963bd0>), ((3, 5), <game.Grid object at 0x117963c40>)]",398,399,2996,19,39,58
2997,"((7, 5), <game.Grid object at 0x11746c210>)","((7, 4), <game.Grid object at 0x116feca60>)",North,"[((7, 4), <game.Grid object at 0x117963cb0>), ((8, 5), <game.Grid object at 0x117963d20>), ((6, 5), <game.Grid object at 0x117963d90>)]",399,400,2997,22,36,58
2998,"((10, 5), <game.Grid object at 0x11746c2f0>)","((10, 4), <game.Grid object at 0x116fed630>)",North,"[((10, 4), <game.Grid object at 0x117963e00>), ((11, 5), <game.Grid object at 0x117963e70>), ((9, 5), <game.Grid object at 0x117963ee0>)]",400,401,2998,25,33,58
2999,"((13, 5), <game.Grid object at 0x11746c3d0>)","((13, 4), <game.Grid object at 0x116fed780>)",North,"[((13, 4), <game.Grid object at 0x117963f50>), ((14, 5), <game.Grid object at 0x1179e4050>), ((12, 5), <game.Grid object at 0x1179e40c0>)]",401,402,2999,28,30,58
3000,"((13, 5), <game.Grid object at 0x11746c4b0>)","((13, 4), <game.Grid object at 0x116fedb70>)",North,"[((13, 4), <game.Grid object at 0x1179e4130>), ((14, 5), <game.Grid object at 0x1179e41a0>), ((12, 5), <game.Grid object at 0x1179e4210>)]",402,403,3000,28,30,58
3001,"((10, 5), <game.Grid object at 0x11746c590>)","((10, 4), <game.Grid object at 0x116fedda0>)",North,"[((10, 4), <game.Grid object at 0x1179e4280>), ((11, 5), <game.Grid object at 0x1179e42f0>), ((9, 5), <game.Grid object at 0x1179e4360>)]",403,404,3001,25,33,58
3002,"((13, 5), <game.Grid object at 0x11746c670>)","((13, 4), <game.Grid object at 0x116fee270>)",North,"[((13, 4), <game.Grid object at 0x1179e43d0>), ((14, 5), <game.Grid object at 0x1179e4440>), ((12, 5), <game.Grid object at 0x1179e44b0>)]",404,405,3002,28,30,58
3003,"((13, 5), <game.Grid object at 0x11746c750>)","((13, 4), <game.Grid object at 0x116fee3c0>)",North,"[((13, 4), <game.Grid object at 0x1179e4520>), ((14, 5), <game.Grid object at 0x1179e4590>), ((12, 5), <game.Grid object at 0x1179e4600>)]",405,406,3003,28,30,58
3004,"((13, 5), <game.Grid object at 0x11746c830>)","((13, 4), <game.Grid object at 0x116fee510>)",North,"[((13, 4), <game.Grid object at 0x1179e4670>), ((14, 5), <game.Grid object at 0x1179e46e0>), ((12, 5), <game.Grid object at 0x1179e4750>)]",406,407,3004,28,30,58
3005,"((4, 5), <game.Grid object at 0x11746c910>)","((4, 4), <game.Grid object at 0x116fef0e0>)",North,"[((4, 4), <game.Grid object at 0x1179e47c0>), ((5, 5), <game.Grid object at 0x1179e4830>), ((3, 5), <game.Grid object at 0x1179e48a0>)]",407,408,3005,19,39,58
3006,"((2, 3), <game.Grid object at 0x11746ca60>)","((3, 3), <game.Grid object at 0x116fef310>)",West,"[((3, 3), <game.Grid object at 0x1179e4910>), ((1, 3), <game.Grid object at 0x1179e4980>)]",408,408,3006,19,39,58
3007,"((7, 5), <game.Grid object at 0x11746cad0>)","((7, 4), <game.Grid object at 0x116fef460>)",North,"[((7, 4), <game.Grid object at 0x1179e49f0>), ((8, 5), <game.Grid object at 0x1179e4a60>), ((6, 5), <game.Grid object at 0x1179e4ad0>)]",408,408,3007,22,36,58
3008,"((7, 5), <game.Grid object at 0x11746cbb0>)","((7, 4), <game.Grid object at 0x116fef770>)",North,"[((7, 4), <game.Grid object at 0x1179e4b40>), ((8, 5), <game.Grid object at 0x1179e4bb0>), ((6, 5), <game.Grid object at 0x1179e4c20>)]",408,408,3008,22,36,58
3009,"((11, 3), <game.Grid object at 0x11746cd00>)","((12, 3), <game.Grid object at 0x1170680c0>)",West,"[((12, 3), <game.Grid object at 0x1179e4c90>), ((10, 3), <game.Grid object at 0x1179e4d00>)]",408,408,3009,28,30,58
3010,"((11, 3), <game.Grid object at 0x11746cde0>)","((12, 3), <game.Grid object at 0x117068ad0>)",West,"[((12, 3), <game.Grid object at 0x1179e4d70>), ((10, 3), <game.Grid object at 0x1179e4de0>)]",408,408,3010,28,30,58
3011,"((11, 3), <game.Grid object at 0x11746cec0>)","((12, 3), <game.Grid object at 0x117068c20>)",West,"[((12, 3), <game.Grid object at 0x1179e4e50>), ((10, 3), <game.Grid object at 0x1179e4ec0>)]",408,408,3011,28,30,58
3012,"((11, 3), <game.Grid object at 0x11746cfa0>)","((12, 3), <game.Grid object at 0x117068d70>)",West,"[((12, 3), <game.Grid object at 0x1179e4f30>), ((10, 3), <game.Grid object at 0x1179e4fa0>)]",408,408,3012,28,30,58
3013,"((11, 5), <game.Grid object at 0x11746d0f0>)","((12, 5), <game.Grid object at 0x11706a4a0>)",West,"[((12, 5), <game.Grid object at 0x1179e5010>), ((10, 5), <game.Grid object at 0x1179e5080>)]",408,408,3013,26,32,58
3014,"((11, 5), <game.Grid object at 0x11746d240>)","((12, 5), <game.Grid object at 0x11706aba0>)",West,"[((12, 5), <game.Grid object at 0x1179e50f0>), ((10, 5), <game.Grid object at 0x1179e5160>)]",408,408,3014,26,32,58
3015,"((11, 5), <game.Grid object at 0x11746d390>)","((12, 5), <game.Grid object at 0x11706acf0>)",West,"[((12, 5), <game.Grid object at 0x1179e51d0>), ((10, 5), <game.Grid object at 0x1179e5240>)]",408,408,3015,26,32,58
3016,"((7, 5), <game.Grid object at 0x11746d550>)","((7, 4), <game.Grid object at 0x1170e44b0>)",North,"[((7, 4), <game.Grid object at 0x1179e52b0>), ((8, 5), <game.Grid object at 0x1179e5320>), ((6, 5), <game.Grid object at 0x1179e5390>)]",408,408,3016,22,36,58
3017,"((13, 5), <game.Grid object at 0x11746d630>)","((13, 4), <game.Grid object at 0x1170e4de0>)",North,"[((13, 4), <game.Grid object at 0x1179e5400>), ((14, 5), <game.Grid object at 0x1179e5470>), ((12, 5), <game.Grid object at 0x1179e54e0>)]",408,409,3017,28,30,58
3018,"((13, 5), <game.Grid object at 0x11746d710>)","((13, 4), <game.Grid object at 0x1170e5470>)",North,"[((13, 4), <game.Grid object at 0x1179e5550>), ((14, 5), <game.Grid object at 0x1179e55c0>), ((12, 5), <game.Grid object at 0x1179e5630>)]",409,410,3018,28,30,58
3019,"((7, 5), <game.Grid object at 0x11746d7f0>)","((7, 4), <game.Grid object at 0x1170e6660>)",North,"[((7, 4), <game.Grid object at 0x1179e56a0>), ((8, 5), <game.Grid object at 0x1179e5710>), ((6, 5), <game.Grid object at 0x1179e5780>)]",410,410,3019,22,36,58
3020,"((7, 5), <game.Grid object at 0x11746d8d0>)","((7, 4), <game.Grid object at 0x1170e6890>)",North,"[((7, 4), <game.Grid object at 0x1179e57f0>), ((8, 5), <game.Grid object at 0x1179e5860>), ((6, 5), <game.Grid object at 0x1179e58d0>)]",410,410,3020,22,36,58
3021,"((5, 3), <game.Grid object at 0x11746da20>)","((6, 3), <game.Grid object at 0x1170e6ba0>)",West,"[((6, 3), <game.Grid object at 0x1179e5940>), ((4, 3), <game.Grid object at 0x1179e59b0>)]",410,410,3021,22,36,58
3022,"((11, 3), <game.Grid object at 0x11746db00>)","((12, 3), <game.Grid object at 0x1170e72a0>)",West,"[((12, 3), <game.Grid object at 0x1179e5a20>), ((10, 3), <game.Grid object at 0x1179e5a90>)]",410,410,3022,28,30,58
3023,"((18, 3), <game.Grid object at 0x11746dbe0>)","((18, 4), <game.Grid object at 0x1170e7770>)",South,"[((18, 4), <game.Grid object at 0x1179e5b00>), ((18, 2), <game.Grid object at 0x1179e5b70>)]",410,410,3023,35,23,58
3024,"((11, 3), <game.Grid object at 0x11746dcc0>)","((12, 3), <game.Grid object at 0x1170e7930>)",West,"[((12, 3), <game.Grid object at 0x1179e5be0>), ((10, 3), <game.Grid object at 0x1179e5c50>)]",410,410,3024,28,30,58
3025,"((11, 3), <game.Grid object at 0x11746dda0>)","((12, 3), <game.Grid object at 0x1170e7a80>)",West,"[((12, 3), <game.Grid object at 0x1179e5cc0>), ((10, 3), <game.Grid object at 0x1179e5d30>)]",410,410,3025,28,30,58
3026,"((18, 3), <game.Grid object at 0x11746de80>)","((18, 4), <game.Grid object at 0x1170e7bd0>)",South,"[((18, 4), <game.Grid object at 0x1179e5da0>), ((18, 2), <game.Grid object at 0x1179e5e10>)]",410,410,3026,35,23,58
3027,"((18, 3), <game.Grid object at 0x11746df60>)","((18, 4), <game.Grid object at 0x1171640c0>)",South,"[((18, 4), <game.Grid object at 0x1179e5e80>), ((18, 2), <game.Grid object at 0x1179e5ef0>)]",410,410,3027,35,23,58
3028,"((11, 5), <game.Grid object at 0x11746e0b0>)","((12, 5), <game.Grid object at 0x117165390>)",West,"[((12, 5), <game.Grid object at 0x1179e5f60>), ((10, 5), <game.Grid object at 0x1179e5fd0>)]",410,410,3028,26,32,58
3029,"((18, 3), <game.Grid object at 0x11746e190>)","((18, 4), <game.Grid object at 0x1171655c0>)",South,"[((18, 4), <game.Grid object at 0x1179e6040>), ((18, 2), <game.Grid object at 0x1179e60b0>)]",410,410,3029,35,23,58
3030,"((11, 5), <game.Grid object at 0x11746e2e0>)","((12, 5), <game.Grid object at 0x117165780>)",West,"[((12, 5), <game.Grid object at 0x1179e6120>), ((10, 5), <game.Grid object at 0x1179e6190>)]",410,410,3030,26,32,58
3031,"((18, 1), <game.Grid object at 0x11746e3c0>)","((18, 2), <game.Grid object at 0x117167e00>)",South,"[((18, 2), <game.Grid object at 0x1179e6200>), ((17, 1), <game.Grid object at 0x1179e6270>)]",410,410,3031,37,21,58
3032,"((18, 1), <game.Grid object at 0x11746e4a0>)","((18, 2), <game.Grid object at 0x1171ec050>)",South,"[((18, 2), <game.Grid object at 0x1179e62e0>), ((17, 1), <game.Grid object at 0x1179e6350>)]",410,410,3032,37,21,58
3033,"((18, 1), <game.Grid object at 0x11746e580>)","((18, 2), <game.Grid object at 0x1171ec130>)",South,"[((18, 2), <game.Grid object at 0x1179e63c0>), ((17, 1), <game.Grid object at 0x1179e6430>)]",410,410,3033,37,21,58
3034,"((8, 3), <game.Grid object at 0x11746e660>)","((9, 3), <game.Grid object at 0x1171ec280>)",West,"[((9, 3), <game.Grid object at 0x1179e64a0>), ((7, 3), <game.Grid object at 0x1179e6510>)]",410,410,3034,25,33,58
3035,"((11, 3), <game.Grid object at 0x11746e740>)","((12, 3), <game.Grid object at 0x1171ec750>)",West,"[((12, 3), <game.Grid object at 0x1179e6580>), ((10, 3), <game.Grid object at 0x1179e65f0>)]",410,410,3035,28,30,58
3036,"((11, 3), <game.Grid object at 0x11746e820>)","((12, 3), <game.Grid object at 0x1171eca60>)",West,"[((12, 3), <game.Grid object at 0x1179e6660>), ((10, 3), <game.Grid object at 0x1179e66d0>)]",410,410,3036,28,30,58
3037,"((18, 3), <game.Grid object at 0x11746e900>)","((18, 4), <game.Grid object at 0x1171ecbb0>)",South,"[((18, 4), <game.Grid object at 0x1179e6740>), ((18, 2), <game.Grid object at 0x1179e67b0>)]",410,410,3037,35,23,58
3038,"((18, 3), <game.Grid object at 0x11746e9e0>)","((18, 4), <game.Grid object at 0x1171ece50>)",South,"[((18, 4), <game.Grid object at 0x1179e6820>), ((18, 2), <game.Grid object at 0x1179e6890>)]",410,410,3038,35,23,58
3039,"((11, 5), <game.Grid object at 0x11746eb30>)","((12, 5), <game.Grid object at 0x1171ed8d0>)",West,"[((12, 5), <game.Grid object at 0x1179e6900>), ((10, 5), <game.Grid object at 0x1179e6970>)]",410,410,3039,26,32,58
3040,"((18, 3), <game.Grid object at 0x11746ec10>)","((18, 4), <game.Grid object at 0x1171eda20>)",South,"[((18, 4), <game.Grid object at 0x1179e69e0>), ((18, 2), <game.Grid object at 0x1179e6a50>)]",410,410,3040,35,23,58
3041,"((18, 3), <game.Grid object at 0x11746ecf0>)","((18, 4), <game.Grid object at 0x1171edb00>)",South,"[((18, 4), <game.Grid object at 0x1179e6ac0>), ((18, 2), <game.Grid object at 0x1179e6b30>)]",410,410,3041,35,23,58
3042,"((18, 3), <game.Grid object at 0x11746edd0>)","((18, 4), <game.Grid object at 0x1171edda0>)",South,"[((18, 4), <game.Grid object at 0x1179e6ba0>), ((18, 2), <game.Grid object at 0x1179e6c10>)]",410,410,3042,35,23,58
3043,"((18, 1), <game.Grid object at 0x11746eeb0>)","((18, 2), <game.Grid object at 0x1171ee7b0>)",South,"[((18, 2), <game.Grid object at 0x1179e6c80>), ((17, 1), <game.Grid object at 0x1179e6cf0>)]",410,410,3043,37,21,58
3044,"((14, 5), <game.Grid object at 0x11746ef90>)","((13, 5), <game.Grid object at 0x1171ee900>)",East,"[((13, 5), <game.Grid object at 0x1179e6d60>)]",410,409,3044,27,31,58
3045,"((12, 5), <game.Grid object at 0x11746f000>)","((13, 5), <game.Grid object at 0x1171ee900>)",West,"[((13, 5), <game.Grid object at 0x1179e6dd0>), ((11, 5), <game.Grid object at 0x1179e6e40>)]",409,409,3045,27,31,58
3046,"((18, 1), <game.Grid object at 0x11746f0e0>)","((18, 2), <game.Grid object at 0x1171ef230>)",South,"[((18, 2), <game.Grid object at 0x1179e6eb0>), ((17, 1), <game.Grid object at 0x1179e6f20>)]",409,409,3046,37,21,58
3047,"((11, 3), <game.Grid object at 0x11746f2a0>)","((12, 3), <game.Grid object at 0x1171ef5b0>)",West,"[((12, 3), <game.Grid object at 0x1179e6f90>), ((10, 3), <game.Grid object at 0x1179e7000>)]",409,409,3047,28,30,58
3048,"((18, 3), <game.Grid object at 0x11746f380>)","((18, 4), <game.Grid object at 0x1171ef9a0>)",South,"[((18, 4), <game.Grid object at 0x1179e7070>), ((18, 2), <game.Grid object at 0x1179e70e0>)]",409,409,3048,35,23,58
3049,"((18, 1), <game.Grid object at 0x11746f460>)","((18, 2), <game.Grid object at 0x1171efd90>)",South,"[((18, 2), <game.Grid object at 0x1179e7150>), ((17, 1), <game.Grid object at 0x1179e71c0>)]",409,409,3049,37,21,58
3050,"((18, 3), <game.Grid object at 0x11746f540>)","((18, 4), <game.Grid object at 0x117270130>)",South,"[((18, 4), <game.Grid object at 0x1179e7230>), ((18, 2), <game.Grid object at 0x1179e72a0>)]",409,409,3050,35,23,58
3051,"((18, 3), <game.Grid object at 0x11746f620>)","((18, 4), <game.Grid object at 0x1172702f0>)",South,"[((18, 4), <game.Grid object at 0x1179e7310>), ((18, 2), <game.Grid object at 0x1179e7380>)]",409,409,3051,35,23,58
3052,"((18, 1), <game.Grid object at 0x11746f700>)","((18, 2), <game.Grid object at 0x117271080>)",South,"[((18, 2), <game.Grid object at 0x1179e73f0>), ((17, 1), <game.Grid object at 0x1179e7460>)]",409,409,3052,37,21,58
3053,"((18, 3), <game.Grid object at 0x11746f7e0>)","((18, 4), <game.Grid object at 0x117271390>)",South,"[((18, 4), <game.Grid object at 0x1179e74d0>), ((18, 2), <game.Grid object at 0x1179e7540>)]",409,409,3053,35,23,58
3054,"((15, 1), <game.Grid object at 0x11746f8c0>)","((16, 1), <game.Grid object at 0x117271940>)",West,"[((16, 1), <game.Grid object at 0x1179e75b0>), ((14, 1), <game.Grid object at 0x1179e7620>)]",409,409,3054,40,18,58
3055,"((3, 3), <game.Grid object at 0x11746ff50>)","((4, 3), <game.Grid object at 0x1172f4210>)",West,"[((4, 3), <game.Grid object at 0x1179e7690>), ((2, 3), <game.Grid object at 0x1179e7700>)]",409,409,3055,20,38,58
3056,"((3, 3), <game.Grid object at 0x1174f0130>)","((4, 3), <game.Grid object at 0x1172f4670>)",West,"[((4, 3), <game.Grid object at 0x1179e7770>), ((2, 3), <game.Grid object at 0x1179e77e0>)]",409,409,3056,20,38,58
3057,"((4, 5), <game.Grid object at 0x1174f01a0>)","((4, 4), <game.Grid object at 0x1172f4a60>)",North,"[((4, 4), <game.Grid object at 0x1179e7850>), ((5, 5), <game.Grid object at 0x1179e78c0>), ((3, 5), <game.Grid object at 0x1179e7930>)]",409,410,3057,19,39,58
3058,"((4, 5), <game.Grid object at 0x1174f0280>)","((4, 4), <game.Grid object at 0x1172f4bb0>)",North,"[((4, 4), <game.Grid object at 0x1179e79a0>), ((5, 5), <game.Grid object at 0x1179e7a10>), ((3, 5), <game.Grid object at 0x1179e7a80>)]",410,411,3058,19,39,58
3059,"((3, 3), <game.Grid object at 0x1174f07c0>)","((4, 3), <game.Grid object at 0x1172f7000>)",West,"[((4, 3), <game.Grid object at 0x1179e7af0>), ((2, 3), <game.Grid object at 0x1179e7b60>)]",411,411,3059,20,38,58
3060,"((3, 3), <game.Grid object at 0x1174f0910>)","((4, 3), <game.Grid object at 0x1172f7690>)",West,"[((4, 3), <game.Grid object at 0x1179e7bd0>), ((2, 3), <game.Grid object at 0x1179e7c40>)]",411,411,3060,20,38,58
3061,"((3, 3), <game.Grid object at 0x1174f0a60>)","((4, 3), <game.Grid object at 0x1172f7850>)",West,"[((4, 3), <game.Grid object at 0x1179e7cb0>), ((2, 3), <game.Grid object at 0x1179e7d20>)]",411,411,3061,20,38,58
3062,"((12, 5), <game.Grid object at 0x1174f0c90>)","((13, 5), <game.Grid object at 0x11736e190>)",West,"[((13, 5), <game.Grid object at 0x1179e7d90>), ((11, 5), <game.Grid object at 0x1179e7e00>)]",411,411,3062,27,31,58
3063,"((12, 5), <game.Grid object at 0x1174f1b00>)","((13, 5), <game.Grid object at 0x1173eb770>)",West,"[((13, 5), <game.Grid object at 0x1179e7e70>), ((11, 5), <game.Grid object at 0x1179e7ee0>)]",411,411,3063,27,31,58
3064,"((12, 5), <game.Grid object at 0x1174f1c50>)","((13, 5), <game.Grid object at 0x1173eb8c0>)",West,"[((13, 5), <game.Grid object at 0x1179e7f50>), ((11, 5), <game.Grid object at 0x117a5c050>)]",411,411,3064,27,31,58
3065,"((12, 5), <game.Grid object at 0x1174f1da0>)","((13, 5), <game.Grid object at 0x1173eba10>)",West,"[((13, 5), <game.Grid object at 0x117a5c0c0>), ((11, 5), <game.Grid object at 0x117a5c130>)]",411,411,3065,27,31,58
3066,"((12, 5), <game.Grid object at 0x1174f1ef0>)","((13, 5), <game.Grid object at 0x1173ebb60>)",West,"[((13, 5), <game.Grid object at 0x117a5c1a0>), ((11, 5), <game.Grid object at 0x117a5c210>)]",411,411,3066,27,31,58
3067,"((9, 3), <game.Grid object at 0x1174f2580>)","((10, 3), <game.Grid object at 0x11746c360>)",West,"[((10, 3), <game.Grid object at 0x117a5c280>), ((8, 3), <game.Grid object at 0x117a5c2f0>)]",411,411,3067,26,32,58
3068,"((12, 3), <game.Grid object at 0x1174f26d0>)","((13, 3), <game.Grid object at 0x11746c440>)",West,"[((13, 3), <game.Grid object at 0x117a5c360>), ((11, 3), <game.Grid object at 0x117a5c3d0>)]",411,411,3068,29,29,58
3069,"((12, 3), <game.Grid object at 0x1174f2820>)","((13, 3), <game.Grid object at 0x11746c520>)",West,"[((13, 3), <game.Grid object at 0x117a5c440>), ((11, 3), <game.Grid object at 0x117a5c4b0>)]",411,411,3069,29,29,58
3070,"((9, 3), <game.Grid object at 0x1174f2970>)","((10, 3), <game.Grid object at 0x11746c600>)",West,"[((10, 3), <game.Grid object at 0x117a5c520>), ((8, 3), <game.Grid object at 0x117a5c590>)]",411,411,3070,26,32,58
3071,"((12, 3), <game.Grid object at 0x1174f2ac0>)","((13, 3), <game.Grid object at 0x11746c6e0>)",West,"[((13, 3), <game.Grid object at 0x117a5c600>), ((11, 3), <game.Grid object at 0x117a5c670>)]",411,411,3071,29,29,58
3072,"((12, 3), <game.Grid object at 0x1174f2c10>)","((13, 3), <game.Grid object at 0x11746c7c0>)",West,"[((13, 3), <game.Grid object at 0x117a5c6e0>), ((11, 3), <game.Grid object at 0x117a5c750>)]",411,411,3072,29,29,58
3073,"((12, 3), <game.Grid object at 0x1174f2d60>)","((13, 3), <game.Grid object at 0x11746c8a0>)",West,"[((13, 3), <game.Grid object at 0x117a5c7c0>), ((11, 3), <game.Grid object at 0x117a5c830>)]",411,411,3073,29,29,58
3074,"((12, 5), <game.Grid object at 0x1174f3460>)","((13, 5), <game.Grid object at 0x11746d010>)",West,"[((13, 5), <game.Grid object at 0x117a5c8a0>), ((11, 5), <game.Grid object at 0x117a5c910>)]",411,411,3074,27,31,58
3075,"((12, 5), <game.Grid object at 0x1174f35b0>)","((13, 5), <game.Grid object at 0x11746d160>)",West,"[((13, 5), <game.Grid object at 0x117a5c980>), ((11, 5), <game.Grid object at 0x117a5c9f0>)]",411,411,3075,27,31,58
3076,"((12, 5), <game.Grid object at 0x1174f3700>)","((13, 5), <game.Grid object at 0x11746d2b0>)",West,"[((13, 5), <game.Grid object at 0x117a5ca60>), ((11, 5), <game.Grid object at 0x117a5cad0>)]",411,411,3076,27,31,58
3077,"((12, 3), <game.Grid object at 0x1174f3a80>)","((13, 3), <game.Grid object at 0x11746d6a0>)",West,"[((13, 3), <game.Grid object at 0x117a5cb40>), ((11, 3), <game.Grid object at 0x117a5cbb0>)]",411,411,3077,29,29,58
3078,"((12, 3), <game.Grid object at 0x1174f3bd0>)","((13, 3), <game.Grid object at 0x11746d780>)",West,"[((13, 3), <game.Grid object at 0x117a5cc20>), ((11, 3), <game.Grid object at 0x117a5cc90>)]",411,411,3078,29,29,58
3079,"((12, 5), <game.Grid object at 0x117570210>)","((13, 5), <game.Grid object at 0x11746dfd0>)",West,"[((13, 5), <game.Grid object at 0x117a5cd00>), ((11, 5), <game.Grid object at 0x117a5cd70>)]",411,411,3079,27,31,58
3080,"((12, 5), <game.Grid object at 0x117570360>)","((13, 5), <game.Grid object at 0x11746e200>)",West,"[((13, 5), <game.Grid object at 0x117a5cde0>), ((11, 5), <game.Grid object at 0x117a5ce50>)]",411,411,3080,27,31,58
3081,"((12, 5), <game.Grid object at 0x1175704b0>)","((13, 5), <game.Grid object at 0x11746ea50>)",West,"[((13, 5), <game.Grid object at 0x117a5cec0>), ((11, 5), <game.Grid object at 0x117a5cf30>)]",411,411,3081,27,31,58
3082,"((12, 3), <game.Grid object at 0x117570600>)","((13, 3), <game.Grid object at 0x11746f1c0>)",West,"[((13, 3), <game.Grid object at 0x117a5cfa0>), ((11, 3), <game.Grid object at 0x117a5d010>)]",411,411,3082,29,29,58
3083,"((3, 3), <game.Grid object at 0x117570d70>)","((4, 3), <game.Grid object at 0x1174f0210>)",West,"[((4, 3), <game.Grid object at 0x117a5d080>), ((2, 3), <game.Grid object at 0x117a5d0f0>)]",411,411,3083,20,38,58
3084,"((3, 3), <game.Grid object at 0x117570ec0>)","((4, 3), <game.Grid object at 0x1174f02f0>)",West,"[((4, 3), <game.Grid object at 0x117a5d160>), ((2, 3), <game.Grid object at 0x117a5d1d0>)]",411,411,3084,20,38,58
3085,"((9, 3), <game.Grid object at 0x117571550>)","((10, 3), <game.Grid object at 0x1174f0b40>)",West,"[((10, 3), <game.Grid object at 0x117a5d240>), ((8, 3), <game.Grid object at 0x117a5d2b0>)]",411,411,3085,26,32,58
3086,"((13, 5), <game.Grid object at 0x117571e80>)","((13, 4), <game.Grid object at 0x1174f1a20>)",North,"[((13, 4), <game.Grid object at 0x117a5d320>), ((14, 5), <game.Grid object at 0x117a5d390>), ((12, 5), <game.Grid object at 0x117a5d400>)]",411,411,3086,28,30,58
3087,"((13, 5), <game.Grid object at 0x117571f60>)","((13, 4), <game.Grid object at 0x1174f1b70>)",North,"[((13, 4), <game.Grid object at 0x117a5d470>), ((14, 5), <game.Grid object at 0x117a5d4e0>), ((12, 5), <game.Grid object at 0x117a5d550>)]",411,411,3087,28,30,58
3088,"((13, 5), <game.Grid object at 0x117572040>)","((13, 4), <game.Grid object at 0x1174f1cc0>)",North,"[((13, 4), <game.Grid object at 0x117a5d5c0>), ((14, 5), <game.Grid object at 0x117a5d630>), ((12, 5), <game.Grid object at 0x117a5d6a0>)]",411,411,3088,28,30,58
3089,"((13, 5), <game.Grid object at 0x117572120>)","((13, 4), <game.Grid object at 0x1174f1e10>)",North,"[((13, 4), <game.Grid object at 0x117a5d710>), ((14, 5), <game.Grid object at 0x117a5d780>), ((12, 5), <game.Grid object at 0x117a5d7f0>)]",411,411,3089,28,30,58
3090,"((13, 5), <game.Grid object at 0x117572e40>)","((13, 4), <game.Grid object at 0x1174f3380>)",North,"[((13, 4), <game.Grid object at 0x117a5d860>), ((14, 5), <game.Grid object at 0x117a5d8d0>), ((12, 5), <game.Grid object at 0x117a5d940>)]",411,411,3090,28,30,58
3091,"((13, 5), <game.Grid object at 0x117572f20>)","((13, 4), <game.Grid object at 0x1174f34d0>)",North,"[((13, 4), <game.Grid object at 0x117a5d9b0>), ((14, 5), <game.Grid object at 0x117a5da20>), ((12, 5), <game.Grid object at 0x117a5da90>)]",411,411,3091,28,30,58
3092,"((13, 5), <game.Grid object at 0x117573000>)","((13, 4), <game.Grid object at 0x1174f3620>)",North,"[((13, 4), <game.Grid object at 0x117a5db00>), ((14, 5), <game.Grid object at 0x117a5db70>), ((12, 5), <game.Grid object at 0x117a5dbe0>)]",411,411,3092,28,30,58
3093,"((13, 5), <game.Grid object at 0x1175732a0>)","((13, 4), <game.Grid object at 0x117570130>)",North,"[((13, 4), <game.Grid object at 0x117a5dc50>), ((14, 5), <game.Grid object at 0x117a5dcc0>), ((12, 5), <game.Grid object at 0x117a5dd30>)]",411,411,3093,28,30,58
3094,"((13, 5), <game.Grid object at 0x117573380>)","((13, 4), <game.Grid object at 0x117570280>)",North,"[((13, 4), <game.Grid object at 0x117a5dda0>), ((14, 5), <game.Grid object at 0x117a5de10>), ((12, 5), <game.Grid object at 0x117a5de80>)]",411,411,3094,28,30,58
3095,"((13, 5), <game.Grid object at 0x117573460>)","((13, 4), <game.Grid object at 0x1175703d0>)",North,"[((13, 4), <game.Grid object at 0x117a5def0>), ((14, 5), <game.Grid object at 0x117a5df60>), ((12, 5), <game.Grid object at 0x117a5dfd0>)]",411,411,3095,28,30,58
3096,"((12, 3), <game.Grid object at 0x1175e8360>)","((13, 3), <game.Grid object at 0x117571630>)",West,"[((13, 3), <game.Grid object at 0x117a5e040>), ((11, 3), <game.Grid object at 0x117a5e0b0>)]",411,411,3096,29,29,58
3097,"((14, 5), <game.Grid object at 0x1175e8590>)","((13, 5), <game.Grid object at 0x117571780>)",East,"[((13, 5), <game.Grid object at 0x117a5e120>)]",411,411,3097,27,31,58
3098,"((12, 5), <game.Grid object at 0x1175e8600>)","((13, 5), <game.Grid object at 0x117571780>)",West,"[((13, 5), <game.Grid object at 0x117a5e190>), ((11, 5), <game.Grid object at 0x117a5e200>)]",411,411,3098,27,31,58
3099,"((14, 5), <game.Grid object at 0x1175e86e0>)","((13, 5), <game.Grid object at 0x117571860>)",East,"[((13, 5), <game.Grid object at 0x117a5e270>)]",411,411,3099,27,31,58
3100,"((12, 5), <game.Grid object at 0x1175e8750>)","((13, 5), <game.Grid object at 0x117571860>)",West,"[((13, 5), <game.Grid object at 0x117a5e2e0>), ((11, 5), <game.Grid object at 0x117a5e350>)]",411,411,3100,27,31,58
3101,"((14, 5), <game.Grid object at 0x1175e8980>)","((13, 5), <game.Grid object at 0x117571a20>)",East,"[((13, 5), <game.Grid object at 0x117a5e3c0>)]",411,411,3101,27,31,58
3102,"((12, 5), <game.Grid object at 0x1175e89f0>)","((13, 5), <game.Grid object at 0x117571a20>)",West,"[((13, 5), <game.Grid object at 0x117a5e430>), ((11, 5), <game.Grid object at 0x117a5e4a0>)]",411,411,3102,27,31,58
3103,"((14, 5), <game.Grid object at 0x1175e8ad0>)","((13, 5), <game.Grid object at 0x117571b00>)",East,"[((13, 5), <game.Grid object at 0x117a5e510>)]",411,411,3103,27,31,58
3104,"((12, 5), <game.Grid object at 0x1175e8b40>)","((13, 5), <game.Grid object at 0x117571b00>)",West,"[((13, 5), <game.Grid object at 0x117a5e580>), ((11, 5), <game.Grid object at 0x117a5e5f0>)]",411,411,3104,27,31,58
3105,"((14, 5), <game.Grid object at 0x1175e8c20>)","((13, 5), <game.Grid object at 0x117571be0>)",East,"[((13, 5), <game.Grid object at 0x117a5e660>)]",411,411,3105,27,31,58
3106,"((12, 5), <game.Grid object at 0x1175e8c90>)","((13, 5), <game.Grid object at 0x117571be0>)",West,"[((13, 5), <game.Grid object at 0x117a5e6d0>), ((11, 5), <game.Grid object at 0x117a5e740>)]",411,411,3106,27,31,58
3107,"((12, 3), <game.Grid object at 0x1175e9240>)","((13, 3), <game.Grid object at 0x117571ef0>)",West,"[((13, 3), <game.Grid object at 0x117a5e7b0>), ((11, 3), <game.Grid object at 0x117a5e820>)]",411,411,3107,29,29,58
3108,"((12, 3), <game.Grid object at 0x1175e9390>)","((13, 3), <game.Grid object at 0x117571fd0>)",West,"[((13, 3), <game.Grid object at 0x117a5e890>), ((11, 3), <game.Grid object at 0x117a5e900>)]",411,411,3108,29,29,58
3109,"((12, 3), <game.Grid object at 0x1175e94e0>)","((13, 3), <game.Grid object at 0x1175720b0>)",West,"[((13, 3), <game.Grid object at 0x117a5e970>), ((11, 3), <game.Grid object at 0x117a5e9e0>)]",411,411,3109,29,29,58
3110,"((12, 3), <game.Grid object at 0x1175e9630>)","((13, 3), <game.Grid object at 0x117572190>)",West,"[((13, 3), <game.Grid object at 0x117a5ea50>), ((11, 3), <game.Grid object at 0x117a5eac0>)]",411,411,3110,29,29,58
3111,"((12, 3), <game.Grid object at 0x1175ea190>)","((13, 3), <game.Grid object at 0x117572eb0>)",West,"[((13, 3), <game.Grid object at 0x117a5eb30>), ((11, 3), <game.Grid object at 0x117a5eba0>)]",411,411,3111,29,29,58
3112,"((12, 3), <game.Grid object at 0x1175ea2e0>)","((13, 3), <game.Grid object at 0x117572f90>)",West,"[((13, 3), <game.Grid object at 0x117a5ec10>), ((11, 3), <game.Grid object at 0x117a5ec80>)]",411,411,3112,29,29,58
3113,"((12, 3), <game.Grid object at 0x1175ea430>)","((13, 3), <game.Grid object at 0x117573070>)",West,"[((13, 3), <game.Grid object at 0x117a5ecf0>), ((11, 3), <game.Grid object at 0x117a5ed60>)]",411,411,3113,29,29,58
3114,"((12, 3), <game.Grid object at 0x1175ea740>)","((13, 3), <game.Grid object at 0x117573310>)",West,"[((13, 3), <game.Grid object at 0x117a5edd0>), ((11, 3), <game.Grid object at 0x117a5ee40>)]",411,411,3114,29,29,58
3115,"((12, 3), <game.Grid object at 0x1175ea890>)","((13, 3), <game.Grid object at 0x1175733f0>)",West,"[((13, 3), <game.Grid object at 0x117a5eeb0>), ((11, 3), <game.Grid object at 0x117a5ef20>)]",411,411,3115,29,29,58
3116,"((12, 3), <game.Grid object at 0x1175ea9e0>)","((13, 3), <game.Grid object at 0x1175734d0>)",West,"[((13, 3), <game.Grid object at 0x117a5ef90>), ((11, 3), <game.Grid object at 0x117a5f000>)]",411,411,3116,29,29,58
3117,"((4, 5), <game.Grid object at 0x1175eac10>)","((4, 4), <game.Grid object at 0x117573700>)",North,"[((4, 4), <game.Grid object at 0x117a5f070>), ((5, 5), <game.Grid object at 0x117a5f0e0>), ((3, 5), <game.Grid object at 0x117a5f150>)]",411,412,3117,19,39,58
3118,"((7, 4), <game.Grid object at 0x1175eb070>)","((7, 3), <game.Grid object at 0x117573cb0>)",North,"[((7, 5), <game.Grid object at 0x117a5f1c0>), ((7, 3), <game.Grid object at 0x117a5f230>)]",412,413,3118,23,35,58
3119,"((7, 4), <game.Grid object at 0x1175eb2a0>)","((7, 3), <game.Grid object at 0x117573d90>)",North,"[((7, 5), <game.Grid object at 0x117a5f2a0>), ((7, 3), <game.Grid object at 0x117a5f310>)]",413,414,3119,23,35,58
3120,"((4, 4), <game.Grid object at 0x1175eb690>)","((4, 3), <game.Grid object at 0x1175e80c0>)",North,"[((4, 5), <game.Grid object at 0x117a5f380>), ((4, 3), <game.Grid object at 0x117a5f3f0>)]",414,415,3120,20,38,58
3121,"((7, 4), <game.Grid object at 0x1176683d0>)","((7, 3), <game.Grid object at 0x1175e98d0>)",North,"[((7, 5), <game.Grid object at 0x117a5f460>), ((7, 3), <game.Grid object at 0x117a5f4d0>)]",415,416,3121,23,35,58
3122,"((13, 4), <game.Grid object at 0x117668600>)","((13, 3), <game.Grid object at 0x1175e99b0>)",North,"[((13, 5), <game.Grid object at 0x117a5f540>), ((13, 3), <game.Grid object at 0x117a5f5b0>)]",416,417,3122,29,29,58
3123,"((13, 4), <game.Grid object at 0x117668910>)","((13, 3), <game.Grid object at 0x1175e9c50>)",North,"[((13, 5), <game.Grid object at 0x117a5f620>), ((13, 3), <game.Grid object at 0x117a5f690>)]",417,418,3123,29,29,58
3124,"((7, 4), <game.Grid object at 0x117668d00>)","((7, 3), <game.Grid object at 0x1175e9fd0>)",North,"[((7, 5), <game.Grid object at 0x117a5f700>), ((7, 3), <game.Grid object at 0x117a5f770>)]",418,419,3124,23,35,58
3125,"((4, 4), <game.Grid object at 0x117669710>)","((4, 3), <game.Grid object at 0x1175eab30>)",North,"[((4, 5), <game.Grid object at 0x117a5f7e0>), ((4, 3), <game.Grid object at 0x117a5f850>)]",419,420,3125,20,38,58
3126,"((3, 3), <game.Grid object at 0x117669940>)","((4, 3), <game.Grid object at 0x1175eac80>)",West,"[((4, 3), <game.Grid object at 0x117a5f8c0>), ((2, 3), <game.Grid object at 0x117a5f930>)]",420,420,3126,20,38,58
3127,"((7, 4), <game.Grid object at 0x117669b70>)","((7, 3), <game.Grid object at 0x1175eb4d0>)",North,"[((7, 5), <game.Grid object at 0x117a5f9a0>), ((7, 3), <game.Grid object at 0x117a5fa10>)]",420,421,3127,23,35,58
3128,"((7, 4), <game.Grid object at 0x117669da0>)","((7, 3), <game.Grid object at 0x1175eb5b0>)",North,"[((7, 5), <game.Grid object at 0x117a5fa80>), ((7, 3), <game.Grid object at 0x117a5faf0>)]",421,422,3128,23,35,58
3129,"((12, 3), <game.Grid object at 0x11766a580>)","((13, 3), <game.Grid object at 0x1175ebaf0>)",West,"[((13, 3), <game.Grid object at 0x117a5fb60>), ((11, 3), <game.Grid object at 0x117a5fbd0>)]",422,422,3129,29,29,58
3130,"((12, 3), <game.Grid object at 0x11766a6d0>)","((13, 3), <game.Grid object at 0x1175ebbd0>)",West,"[((13, 3), <game.Grid object at 0x117a5fc40>), ((11, 3), <game.Grid object at 0x117a5fcb0>)]",422,422,3130,29,29,58
3131,"((12, 3), <game.Grid object at 0x11766a900>)","((13, 3), <game.Grid object at 0x1175ebd90>)",West,"[((13, 3), <game.Grid object at 0x117a5fd20>), ((11, 3), <game.Grid object at 0x117a5fd90>)]",422,422,3131,29,29,58
3132,"((12, 3), <game.Grid object at 0x11766aa50>)","((13, 3), <game.Grid object at 0x1175ebe70>)",West,"[((13, 3), <game.Grid object at 0x117a5fe00>), ((11, 3), <game.Grid object at 0x117a5fe70>)]",422,422,3132,29,29,58
3133,"((12, 3), <game.Grid object at 0x11766aba0>)","((13, 3), <game.Grid object at 0x1175ebf50>)",West,"[((13, 3), <game.Grid object at 0x117a5fee0>), ((11, 3), <game.Grid object at 0x117a5ff50>)]",422,422,3133,29,29,58
3134,"((14, 5), <game.Grid object at 0x1176e4750>)","((13, 5), <game.Grid object at 0x11766a3c0>)",East,"[((13, 5), <game.Grid object at 0x117adc050>)]",422,422,3134,27,31,58
3135,"((12, 5), <game.Grid object at 0x1176e47c0>)","((13, 5), <game.Grid object at 0x11766a3c0>)",West,"[((13, 5), <game.Grid object at 0x117adc0c0>), ((11, 5), <game.Grid object at 0x117adc130>)]",422,422,3135,27,31,58
3136,"((14, 5), <game.Grid object at 0x1176e4a60>)","((13, 5), <game.Grid object at 0x11766a740>)",East,"[((13, 5), <game.Grid object at 0x117adc1a0>)]",422,422,3136,27,31,58
3137,"((12, 5), <game.Grid object at 0x1176e4ad0>)","((13, 5), <game.Grid object at 0x11766a740>)",West,"[((13, 5), <game.Grid object at 0x117adc210>), ((11, 5), <game.Grid object at 0x117adc280>)]",422,422,3137,27,31,58
3138,"((12, 3), <game.Grid object at 0x1176e7d20>)","((13, 3), <game.Grid object at 0x1176e6270>)",West,"[((13, 3), <game.Grid object at 0x117adc2f0>), ((11, 3), <game.Grid object at 0x117adc360>)]",422,422,3138,29,29,58
3139,"((12, 3), <game.Grid object at 0x1177600c0>)","((13, 3), <game.Grid object at 0x1176e6510>)",West,"[((13, 3), <game.Grid object at 0x117adc3d0>), ((11, 3), <game.Grid object at 0x117adc440>)]",422,422,3139,29,29,58
3140,"((18, 4), <game.Grid object at 0x117760830>)","((18, 5), <game.Grid object at 0x1176e6c80>)",South,"[((18, 5), <game.Grid object at 0x117adc4b0>), ((18, 3), <game.Grid object at 0x117adc520>)]",422,422,3140,36,22,58
3141,"((18, 4), <game.Grid object at 0x117760910>)","((18, 5), <game.Grid object at 0x1176e6d60>)",South,"[((18, 5), <game.Grid object at 0x117adc590>), ((18, 3), <game.Grid object at 0x117adc600>)]",422,422,3141,36,22,58
3142,"((18, 4), <game.Grid object at 0x117761010>)","((18, 5), <game.Grid object at 0x1176e7460>)",South,"[((18, 5), <game.Grid object at 0x117adc670>), ((18, 3), <game.Grid object at 0x117adc6e0>)]",422,422,3142,36,22,58
3143,"((18, 4), <game.Grid object at 0x117762b30>)","((18, 5), <game.Grid object at 0x117761630>)",South,"[((18, 5), <game.Grid object at 0x117adc750>), ((18, 3), <game.Grid object at 0x117adc7c0>)]",422,422,3143,36,22,58
3144,"((18, 4), <game.Grid object at 0x117763230>)","((18, 5), <game.Grid object at 0x117761d30>)",South,"[((18, 5), <game.Grid object at 0x117adc830>), ((18, 3), <game.Grid object at 0x117adc8a0>)]",422,422,3144,36,22,58
3145,"((18, 2), <game.Grid object at 0x1177637e0>)","((18, 3), <game.Grid object at 0x1177622e0>)",South,"[((18, 3), <game.Grid object at 0x117adc910>), ((18, 1), <game.Grid object at 0x117adc980>)]",422,422,3145,38,20,58
3146,"((18, 4), <game.Grid object at 0x117763930>)","((18, 5), <game.Grid object at 0x117762430>)",South,"[((18, 5), <game.Grid object at 0x117adc9f0>), ((18, 3), <game.Grid object at 0x117adca60>)]",422,422,3146,36,22,58
3147,"((18, 4), <game.Grid object at 0x117763cb0>)","((18, 5), <game.Grid object at 0x1177627b0>)",South,"[((18, 5), <game.Grid object at 0x117adcad0>), ((18, 3), <game.Grid object at 0x117adcb40>)]",422,422,3147,36,22,58
3148,"((18, 4), <game.Grid object at 0x1177e47c0>)","((18, 5), <game.Grid object at 0x1177635b0>)",South,"[((18, 5), <game.Grid object at 0x117adcbb0>), ((18, 3), <game.Grid object at 0x117adcc20>)]",422,422,3148,36,22,58
3149,"((18, 4), <game.Grid object at 0x1177e4d00>)","((18, 5), <game.Grid object at 0x117763f50>)",South,"[((18, 5), <game.Grid object at 0x117adcc90>), ((18, 3), <game.Grid object at 0x117adcd00>)]",422,422,3149,36,22,58
3150,"((18, 4), <game.Grid object at 0x1177e4ec0>)","((18, 5), <game.Grid object at 0x1177e41a0>)",South,"[((18, 5), <game.Grid object at 0x117adcd70>), ((18, 3), <game.Grid object at 0x117adcde0>)]",422,422,3150,36,22,58
3151,"((18, 4), <game.Grid object at 0x1177e4fa0>)","((18, 5), <game.Grid object at 0x1177e4280>)",South,"[((18, 5), <game.Grid object at 0x117adce50>), ((18, 3), <game.Grid object at 0x117adcec0>)]",422,422,3151,36,22,58
3152,"((18, 2), <game.Grid object at 0x1177e5470>)","((18, 3), <game.Grid object at 0x1177e4750>)",South,"[((18, 3), <game.Grid object at 0x117adcf30>), ((18, 1), <game.Grid object at 0x117adcfa0>)]",422,422,3152,38,20,58
3153,"((18, 2), <game.Grid object at 0x1177e5630>)","((18, 3), <game.Grid object at 0x1177e4ad0>)",South,"[((18, 3), <game.Grid object at 0x117add010>), ((18, 1), <game.Grid object at 0x117add080>)]",422,422,3153,38,20,58
3154,"((16, 1), <game.Grid object at 0x1177e5d30>)","((17, 1), <game.Grid object at 0x1177e5710>)",West,"[((17, 1), <game.Grid object at 0x117add0f0>), ((15, 1), <game.Grid object at 0x117add160>)]",422,422,3154,41,17,58
3155,"((18, 2), <game.Grid object at 0x1177e60b0>)","((18, 3), <game.Grid object at 0x1177e5a90>)",South,"[((18, 3), <game.Grid object at 0x117add1d0>), ((18, 1), <game.Grid object at 0x117add240>)]",422,422,3155,38,20,58
3156,"((18, 4), <game.Grid object at 0x1177e62e0>)","((18, 5), <game.Grid object at 0x1177e5e80>)",South,"[((18, 5), <game.Grid object at 0x117add2b0>), ((18, 3), <game.Grid object at 0x117add320>)]",422,422,3156,36,22,58
3157,"((16, 1), <game.Grid object at 0x1177e6b30>)","((17, 1), <game.Grid object at 0x1177e6a50>)",West,"[((17, 1), <game.Grid object at 0x117add390>), ((15, 1), <game.Grid object at 0x117add400>)]",422,422,3157,41,17,58
3158,"((5, 5), <game.Grid object at 0x11786d470>)","((4, 5), <game.Grid object at 0x1172f41a0>)",East,"[((6, 5), <game.Grid object at 0x117add470>), ((4, 5), <game.Grid object at 0x117add4e0>)]",422,422,3158,20,38,58
3159,"((5, 5), <game.Grid object at 0x11786d9b0>)","((4, 5), <game.Grid object at 0x1172f4600>)",East,"[((6, 5), <game.Grid object at 0x117add550>), ((4, 5), <game.Grid object at 0x117add5c0>)]",422,422,3159,20,38,58
3160,"((4, 3), <game.Grid object at 0x11786e350>)","((4, 4), <game.Grid object at 0x1172f5010>)",South,"[((4, 4), <game.Grid object at 0x117add630>), ((5, 3), <game.Grid object at 0x117add6a0>), ((3, 3), <game.Grid object at 0x117add710>)]",422,423,3160,21,37,58
3161,"((4, 4), <game.Grid object at 0x11786e740>)","((4, 5), <game.Grid object at 0x1172f5470>)",South,"[((4, 5), <game.Grid object at 0x117add780>), ((4, 3), <game.Grid object at 0x117add7f0>)]",423,424,3161,20,38,58
3162,"((1, 4), <game.Grid object at 0x11786eb30>)","((1, 5), <game.Grid object at 0x1172f57f0>)",South,"[((1, 5), <game.Grid object at 0x117add860>), ((1, 3), <game.Grid object at 0x117add8d0>)]",424,424,3162,17,41,58
3163,"((2, 5), <game.Grid object at 0x11786eba0>)","((1, 5), <game.Grid object at 0x1172f57f0>)",East,"[((3, 5), <game.Grid object at 0x117add940>), ((1, 5), <game.Grid object at 0x117add9b0>)]",424,423,3163,17,41,58
3164,"((2, 5), <game.Grid object at 0x11786ec80>)","((1, 5), <game.Grid object at 0x1172f5860>)",East,"[((3, 5), <game.Grid object at 0x117adda20>), ((1, 5), <game.Grid object at 0x117adda90>)]",423,423,3164,17,41,58
3165,"((8, 5), <game.Grid object at 0x1179e4a60>)","((7, 5), <game.Grid object at 0x11746cad0>)",East,"[((9, 5), <game.Grid object at 0x117addb00>), ((7, 5), <game.Grid object at 0x117addb70>)]",423,422,3165,23,35,58
3166,"((7, 4), <game.Grid object at 0x11786f930>)","((7, 5), <game.Grid object at 0x1172f6970>)",South,"[((7, 5), <game.Grid object at 0x117addbe0>), ((7, 3), <game.Grid object at 0x117addc50>)]",422,422,3166,23,35,58
3167,"((2, 5), <game.Grid object at 0x11786ff50>)","((1, 5), <game.Grid object at 0x1172f6eb0>)",East,"[((3, 5), <game.Grid object at 0x117addcc0>), ((1, 5), <game.Grid object at 0x117addd30>)]",422,421,3167,17,41,58
3168,"((5, 5), <game.Grid object at 0x1178e80c0>)","((4, 5), <game.Grid object at 0x1172f6f90>)",East,"[((6, 5), <game.Grid object at 0x117addda0>), ((4, 5), <game.Grid object at 0x117adde10>)]",421,420,3168,20,38,58
3169,"((11, 5), <game.Grid object at 0x1178e83d0>)","((10, 5), <game.Grid object at 0x1172f7380>)",East,"[((12, 5), <game.Grid object at 0x117adde80>), ((10, 5), <game.Grid object at 0x117addef0>)]",420,420,3169,26,32,58
3170,"((5, 5), <game.Grid object at 0x1178e8600>)","((4, 5), <game.Grid object at 0x1172f7620>)",East,"[((6, 5), <game.Grid object at 0x117addf60>), ((4, 5), <game.Grid object at 0x117addfd0>)]",420,419,3170,20,38,58
3171,"((5, 5), <game.Grid object at 0x1178e8830>)","((4, 5), <game.Grid object at 0x1172f77e0>)",East,"[((6, 5), <game.Grid object at 0x117ade040>), ((4, 5), <game.Grid object at 0x117ade0b0>)]",419,418,3171,20,38,58
3172,"((4, 3), <game.Grid object at 0x1178e94e0>)","((4, 4), <game.Grid object at 0x11736c8a0>)",South,"[((4, 4), <game.Grid object at 0x117ade120>), ((5, 3), <game.Grid object at 0x117ade190>), ((3, 3), <game.Grid object at 0x117ade200>)]",418,419,3172,21,37,58
3173,"((4, 3), <game.Grid object at 0x1178e96a0>)","((4, 4), <game.Grid object at 0x11736c9f0>)",South,"[((4, 4), <game.Grid object at 0x117ade270>), ((5, 3), <game.Grid object at 0x117ade2e0>), ((3, 3), <game.Grid object at 0x117ade350>)]",419,420,3173,21,37,58
3174,"((1, 3), <game.Grid object at 0x1178e9b00>)","((1, 4), <game.Grid object at 0x11736cd00>)",South,"[((1, 4), <game.Grid object at 0x117ade3c0>), ((2, 3), <game.Grid object at 0x117ade430>)]",420,420,3174,18,40,58
3175,"((4, 3), <game.Grid object at 0x1178e9e80>)","((4, 4), <game.Grid object at 0x11736d1d0>)",South,"[((4, 4), <game.Grid object at 0x117ade4a0>), ((5, 3), <game.Grid object at 0x117ade510>), ((3, 3), <game.Grid object at 0x117ade580>)]",420,421,3175,21,37,58
3176,"((4, 3), <game.Grid object at 0x1178ea040>)","((4, 4), <game.Grid object at 0x11736d320>)",South,"[((4, 4), <game.Grid object at 0x117ade5f0>), ((5, 3), <game.Grid object at 0x117ade660>), ((3, 3), <game.Grid object at 0x117ade6d0>)]",421,422,3176,21,37,58
3177,"((8, 5), <game.Grid object at 0x1179e4bb0>)","((7, 5), <game.Grid object at 0x11746cbb0>)",East,"[((9, 5), <game.Grid object at 0x117ade740>), ((7, 5), <game.Grid object at 0x117ade7b0>)]",422,421,3177,23,35,58
3178,"((8, 5), <game.Grid object at 0x1179e5320>)","((7, 5), <game.Grid object at 0x11746d550>)",East,"[((9, 5), <game.Grid object at 0x117ade820>), ((7, 5), <game.Grid object at 0x117ade890>)]",421,420,3178,23,35,58
3179,"((8, 5), <game.Grid object at 0x1179e5710>)","((7, 5), <game.Grid object at 0x11746d7f0>)",East,"[((9, 5), <game.Grid object at 0x117ade900>), ((7, 5), <game.Grid object at 0x117ade970>)]",420,419,3179,23,35,58
3180,"((8, 5), <game.Grid object at 0x1179e5860>)","((7, 5), <game.Grid object at 0x11746d8d0>)",East,"[((9, 5), <game.Grid object at 0x117ade9e0>), ((7, 5), <game.Grid object at 0x117adea50>)]",419,418,3180,23,35,58
3181,"((10, 4), <game.Grid object at 0x117960600>)","((10, 5), <game.Grid object at 0x1173e81a0>)",South,"[((10, 5), <game.Grid object at 0x117adeac0>), ((10, 3), <game.Grid object at 0x117adeb30>)]",418,418,3181,26,32,58
3182,"((10, 4), <game.Grid object at 0x117960750>)","((10, 5), <game.Grid object at 0x1173e8280>)",South,"[((10, 5), <game.Grid object at 0x117adeba0>), ((10, 3), <game.Grid object at 0x117adec10>)]",418,418,3182,26,32,58
3183,"((10, 4), <game.Grid object at 0x1179608a0>)","((10, 5), <game.Grid object at 0x1173e8360>)",South,"[((10, 5), <game.Grid object at 0x117adec80>), ((10, 3), <game.Grid object at 0x117adecf0>)]",418,418,3183,26,32,58
3184,"((5, 5), <game.Grid object at 0x117963bd0>)","((4, 5), <game.Grid object at 0x11746c130>)",East,"[((6, 5), <game.Grid object at 0x117aded60>), ((4, 5), <game.Grid object at 0x117adedd0>)]",418,418,3184,20,38,58
3185,"((8, 5), <game.Grid object at 0x117963d20>)","((7, 5), <game.Grid object at 0x11746c210>)",East,"[((9, 5), <game.Grid object at 0x117adee40>), ((7, 5), <game.Grid object at 0x117adeeb0>)]",418,418,3185,23,35,58
3186,"((6, 5), <game.Grid object at 0x117addda0>)","((5, 5), <game.Grid object at 0x1178e80c0>)",East,"[((7, 5), <game.Grid object at 0x117adef20>), ((5, 5), <game.Grid object at 0x117adef90>)]",418,417,3186,21,37,58
3187,"((11, 5), <game.Grid object at 0x117963e70>)","((10, 5), <game.Grid object at 0x11746c2f0>)",East,"[((12, 5), <game.Grid object at 0x117adf000>), ((10, 5), <game.Grid object at 0x117adf070>)]",417,417,3187,26,32,58
3188,"((11, 5), <game.Grid object at 0x1179e42f0>)","((10, 5), <game.Grid object at 0x11746c590>)",East,"[((12, 5), <game.Grid object at 0x117adf0e0>), ((10, 5), <game.Grid object at 0x117adf150>)]",417,417,3188,26,32,58
3189,"((5, 5), <game.Grid object at 0x1179e4830>)","((4, 5), <game.Grid object at 0x11746c910>)",East,"[((6, 5), <game.Grid object at 0x117adf1c0>), ((4, 5), <game.Grid object at 0x117adf230>)]",417,417,3189,20,38,58
3190,"((3, 5), <game.Grid object at 0x117addcc0>)","((2, 5), <game.Grid object at 0x11786ff50>)",East,"[((4, 5), <game.Grid object at 0x117adf2a0>), ((2, 5), <game.Grid object at 0x117adf310>)]",417,416,3190,18,40,58
3191,"((6, 5), <game.Grid object at 0x117addf60>)","((5, 5), <game.Grid object at 0x1178e8600>)",East,"[((7, 5), <game.Grid object at 0x117adf380>), ((5, 5), <game.Grid object at 0x117adf3f0>)]",416,415,3191,21,37,58
3192,"((6, 5), <game.Grid object at 0x117ade040>)","((5, 5), <game.Grid object at 0x1178e8830>)",East,"[((7, 5), <game.Grid object at 0x117adf460>), ((5, 5), <game.Grid object at 0x117adf4d0>)]",415,414,3192,21,37,58
3193,"((5, 5), <game.Grid object at 0x1179e78c0>)","((4, 5), <game.Grid object at 0x1174f01a0>)",East,"[((6, 5), <game.Grid object at 0x117adf540>), ((4, 5), <game.Grid object at 0x117adf5b0>)]",414,414,3193,20,38,58
3194,"((5, 5), <game.Grid object at 0x1179e7a10>)","((4, 5), <game.Grid object at 0x1174f0280>)",East,"[((6, 5), <game.Grid object at 0x117adf620>), ((4, 5), <game.Grid object at 0x117adf690>)]",414,414,3194,20,38,58
3195,"((13, 5), <game.Grid object at 0x117a5e120>)","((14, 5), <game.Grid object at 0x1175e8590>)",West,"[((13, 4), <game.Grid object at 0x117adf700>), ((14, 5), <game.Grid object at 0x117adf770>), ((12, 5), <game.Grid object at 0x117adf7e0>)]",414,415,3195,28,30,58
3196,"((13, 5), <game.Grid object at 0x117a5e270>)","((14, 5), <game.Grid object at 0x1175e86e0>)",West,"[((13, 4), <game.Grid object at 0x117adf850>), ((14, 5), <game.Grid object at 0x117adf8c0>), ((12, 5), <game.Grid object at 0x117adf930>)]",415,416,3196,28,30,58
3197,"((13, 5), <game.Grid object at 0x117a5e3c0>)","((14, 5), <game.Grid object at 0x1175e8980>)",West,"[((13, 4), <game.Grid object at 0x117adf9a0>), ((14, 5), <game.Grid object at 0x117adfa10>), ((12, 5), <game.Grid object at 0x117adfa80>)]",416,417,3197,28,30,58
3198,"((13, 5), <game.Grid object at 0x117a5e510>)","((14, 5), <game.Grid object at 0x1175e8ad0>)",West,"[((13, 4), <game.Grid object at 0x117adfaf0>), ((14, 5), <game.Grid object at 0x117adfb60>), ((12, 5), <game.Grid object at 0x117adfbd0>)]",417,418,3198,28,30,58
3199,"((13, 5), <game.Grid object at 0x117a5e660>)","((14, 5), <game.Grid object at 0x1175e8c20>)",West,"[((13, 4), <game.Grid object at 0x117adfc40>), ((14, 5), <game.Grid object at 0x117adfcb0>), ((12, 5), <game.Grid object at 0x117adfd20>)]",418,419,3199,28,30,58
3200,"((5, 5), <game.Grid object at 0x117a5f0e0>)","((4, 5), <game.Grid object at 0x1175eac10>)",East,"[((6, 5), <game.Grid object at 0x117adfd90>), ((4, 5), <game.Grid object at 0x117adfe00>)]",419,418,3200,20,38,58
3201,"((6, 5), <game.Grid object at 0x117adfd90>)","((5, 5), <game.Grid object at 0x117a5f0e0>)",East,"[((7, 5), <game.Grid object at 0x117adfe70>), ((5, 5), <game.Grid object at 0x117adfee0>)]",418,417,3201,21,37,58
3202,"((3, 5), <game.Grid object at 0x117add940>)","((2, 5), <game.Grid object at 0x11786eba0>)",East,"[((4, 5), <game.Grid object at 0x117adff50>), ((2, 5), <game.Grid object at 0x117b58050>)]",417,416,3202,18,40,58
3203,"((7, 3), <game.Grid object at 0x117a5f230>)","((7, 4), <game.Grid object at 0x1175eb070>)",South,"[((7, 4), <game.Grid object at 0x117b580c0>), ((8, 3), <game.Grid object at 0x117b58130>), ((6, 3), <game.Grid object at 0x117b581a0>)]",416,416,3203,24,34,58
3204,"((8, 3), <game.Grid object at 0x117b58130>)","((7, 3), <game.Grid object at 0x117a5f230>)",East,"[((9, 3), <game.Grid object at 0x117b58210>), ((7, 3), <game.Grid object at 0x117b58280>)]",416,415,3204,25,33,58
3205,"((7, 3), <game.Grid object at 0x117a5f310>)","((7, 4), <game.Grid object at 0x1175eb2a0>)",South,"[((7, 4), <game.Grid object at 0x117b582f0>), ((8, 3), <game.Grid object at 0x117b58360>), ((6, 3), <game.Grid object at 0x117b583d0>)]",415,415,3205,24,34,58
3206,"((8, 3), <game.Grid object at 0x117b58360>)","((7, 3), <game.Grid object at 0x117a5f310>)",East,"[((9, 3), <game.Grid object at 0x117b58440>), ((7, 3), <game.Grid object at 0x117b584b0>)]",415,414,3206,25,33,58
3207,"((4, 3), <game.Grid object at 0x117a5f3f0>)","((4, 4), <game.Grid object at 0x1175eb690>)",South,"[((4, 4), <game.Grid object at 0x117b58520>), ((5, 3), <game.Grid object at 0x117b58590>), ((3, 3), <game.Grid object at 0x117b58600>)]",414,415,3207,21,37,58
3208,"((7, 3), <game.Grid object at 0x117a5f4d0>)","((7, 4), <game.Grid object at 0x1176683d0>)",South,"[((7, 4), <game.Grid object at 0x117b58670>), ((8, 3), <game.Grid object at 0x117b586e0>), ((6, 3), <game.Grid object at 0x117b58750>)]",415,415,3208,24,34,58
3209,"((8, 3), <game.Grid object at 0x117b586e0>)","((7, 3), <game.Grid object at 0x117a5f4d0>)",East,"[((9, 3), <game.Grid object at 0x117b587c0>), ((7, 3), <game.Grid object at 0x117b58830>)]",415,414,3209,25,33,58
3210,"((13, 3), <game.Grid object at 0x117a5f5b0>)","((13, 4), <game.Grid object at 0x117668600>)",South,"[((13, 4), <game.Grid object at 0x117b588a0>), ((14, 3), <game.Grid object at 0x117b58910>), ((12, 3), <game.Grid object at 0x117b58980>)]",414,415,3210,30,28,58
3211,"((13, 3), <game.Grid object at 0x117a5f690>)","((13, 4), <game.Grid object at 0x117668910>)",South,"[((13, 4), <game.Grid object at 0x117b589f0>), ((14, 3), <game.Grid object at 0x117b58a60>), ((12, 3), <game.Grid object at 0x117b58ad0>)]",415,416,3211,30,28,58
3212,"((7, 3), <game.Grid object at 0x117a5f770>)","((7, 4), <game.Grid object at 0x117668d00>)",South,"[((7, 4), <game.Grid object at 0x117b58b40>), ((8, 3), <game.Grid object at 0x117b58bb0>), ((6, 3), <game.Grid object at 0x117b58c20>)]",416,416,3212,24,34,58
3213,"((8, 3), <game.Grid object at 0x117b58bb0>)","((7, 3), <game.Grid object at 0x117a5f770>)",East,"[((9, 3), <game.Grid object at 0x117b58c90>), ((7, 3), <game.Grid object at 0x117b58d00>)]",416,415,3213,25,33,58
3214,"((4, 3), <game.Grid object at 0x117a5f850>)","((4, 4), <game.Grid object at 0x117669710>)",South,"[((4, 4), <game.Grid object at 0x117b58d70>), ((5, 3), <game.Grid object at 0x117b58de0>), ((3, 3), <game.Grid object at 0x117b58e50>)]",415,416,3214,21,37,58
3215,"((7, 3), <game.Grid object at 0x117a5fa10>)","((7, 4), <game.Grid object at 0x117669b70>)",South,"[((7, 4), <game.Grid object at 0x117b58ec0>), ((8, 3), <game.Grid object at 0x117b58f30>), ((6, 3), <game.Grid object at 0x117b58fa0>)]",416,416,3215,24,34,58
3216,"((8, 3), <game.Grid object at 0x117b58f30>)","((7, 3), <game.Grid object at 0x117a5fa10>)",East,"[((9, 3), <game.Grid object at 0x117b59010>), ((7, 3), <game.Grid object at 0x117b59080>)]",416,415,3216,25,33,58
3217,"((7, 3), <game.Grid object at 0x117a5faf0>)","((7, 4), <game.Grid object at 0x117669da0>)",South,"[((7, 4), <game.Grid object at 0x117b590f0>), ((8, 3), <game.Grid object at 0x117b59160>), ((6, 3), <game.Grid object at 0x117b591d0>)]",415,415,3217,24,34,58
3218,"((8, 3), <game.Grid object at 0x117b59160>)","((7, 3), <game.Grid object at 0x117a5faf0>)",East,"[((9, 3), <game.Grid object at 0x117b59240>), ((7, 3), <game.Grid object at 0x117b592b0>)]",415,414,3218,25,33,58
3219,"((13, 5), <game.Grid object at 0x117adc050>)","((14, 5), <game.Grid object at 0x1176e4750>)",West,"[((13, 4), <game.Grid object at 0x117b59320>), ((14, 5), <game.Grid object at 0x117b59390>), ((12, 5), <game.Grid object at 0x117b59400>)]",414,415,3219,28,30,58
3220,"((13, 5), <game.Grid object at 0x117adc1a0>)","((14, 5), <game.Grid object at 0x1176e4a60>)",West,"[((13, 4), <game.Grid object at 0x117b59470>), ((14, 5), <game.Grid object at 0x117b594e0>), ((12, 5), <game.Grid object at 0x117b59550>)]",415,416,3220,28,30,58
3221,"((6, 5), <game.Grid object at 0x117add470>)","((5, 5), <game.Grid object at 0x11786d470>)",East,"[((7, 5), <game.Grid object at 0x117b595c0>), ((5, 5), <game.Grid object at 0x117b59630>)]",416,416,3221,21,37,58
3222,"((6, 5), <game.Grid object at 0x117add550>)","((5, 5), <game.Grid object at 0x11786d9b0>)",East,"[((7, 5), <game.Grid object at 0x117b596a0>), ((5, 5), <game.Grid object at 0x117b59710>)]",416,416,3222,21,37,58
3223,"((5, 3), <game.Grid object at 0x117add6a0>)","((4, 3), <game.Grid object at 0x11786e350>)",East,"[((6, 3), <game.Grid object at 0x117b59780>), ((4, 3), <game.Grid object at 0x117b597f0>)]",416,416,3223,22,36,58
3224,"((4, 3), <game.Grid object at 0x117add7f0>)","((4, 4), <game.Grid object at 0x11786e740>)",South,"[((4, 4), <game.Grid object at 0x117b59860>), ((5, 3), <game.Grid object at 0x117b598d0>), ((3, 3), <game.Grid object at 0x117b59940>)]",416,417,3224,21,37,58
3225,"((1, 3), <game.Grid object at 0x117add8d0>)","((1, 4), <game.Grid object at 0x11786eb30>)",South,"[((1, 4), <game.Grid object at 0x117b599b0>), ((2, 3), <game.Grid object at 0x117b59a20>)]",417,417,3225,18,40,58
3226,"((3, 5), <game.Grid object at 0x117adda20>)","((2, 5), <game.Grid object at 0x11786ec80>)",East,"[((4, 5), <game.Grid object at 0x117b59a90>), ((2, 5), <game.Grid object at 0x117b59b00>)]",417,417,3226,18,40,58
3227,"((7, 3), <game.Grid object at 0x117addc50>)","((7, 4), <game.Grid object at 0x11786f930>)",South,"[((7, 4), <game.Grid object at 0x117b59b70>), ((8, 3), <game.Grid object at 0x117b59be0>), ((6, 3), <game.Grid object at 0x117b59c50>)]",417,418,3227,24,34,58
3228,"((12, 5), <game.Grid object at 0x117adde80>)","((11, 5), <game.Grid object at 0x1178e83d0>)",East,"[((13, 5), <game.Grid object at 0x117b59cc0>), ((11, 5), <game.Grid object at 0x117b59d30>)]",418,417,3228,27,31,58
3229,"((5, 3), <game.Grid object at 0x117ade190>)","((4, 3), <game.Grid object at 0x1178e94e0>)",East,"[((6, 3), <game.Grid object at 0x117b59da0>), ((4, 3), <game.Grid object at 0x117b59e10>)]",417,416,3229,22,36,58
3230,"((5, 3), <game.Grid object at 0x117ade2e0>)","((4, 3), <game.Grid object at 0x1178e96a0>)",East,"[((6, 3), <game.Grid object at 0x117b59e80>), ((4, 3), <game.Grid object at 0x117b59ef0>)]",416,415,3230,22,36,58
3231,"((2, 3), <game.Grid object at 0x117ade430>)","((1, 3), <game.Grid object at 0x1178e9b00>)",East,"[((3, 3), <game.Grid object at 0x117b59f60>), ((1, 3), <game.Grid object at 0x117b59fd0>)]",415,414,3231,19,39,58
3232,"((5, 3), <game.Grid object at 0x117ade510>)","((4, 3), <game.Grid object at 0x1178e9e80>)",East,"[((6, 3), <game.Grid object at 0x117b5a040>), ((4, 3), <game.Grid object at 0x117b5a0b0>)]",414,413,3232,22,36,58
3233,"((5, 3), <game.Grid object at 0x117ade660>)","((4, 3), <game.Grid object at 0x1178ea040>)",East,"[((6, 3), <game.Grid object at 0x117b5a120>), ((4, 3), <game.Grid object at 0x117b5a190>)]",413,412,3233,22,36,58
3234,"((10, 3), <game.Grid object at 0x117adeb30>)","((10, 4), <game.Grid object at 0x117960600>)",South,"[((10, 4), <game.Grid object at 0x117b5a200>), ((11, 3), <game.Grid object at 0x117b5a270>), ((9, 3), <game.Grid object at 0x117b5a2e0>)]",412,413,3234,27,31,58
3235,"((10, 3), <game.Grid object at 0x117adec10>)","((10, 4), <game.Grid object at 0x117960750>)",South,"[((10, 4), <game.Grid object at 0x117b5a350>), ((11, 3), <game.Grid object at 0x117b5a3c0>), ((9, 3), <game.Grid object at 0x117b5a430>)]",413,414,3235,27,31,58
3236,"((10, 3), <game.Grid object at 0x117adecf0>)","((10, 4), <game.Grid object at 0x1179608a0>)",South,"[((10, 4), <game.Grid object at 0x117b5a4a0>), ((11, 3), <game.Grid object at 0x117b5a510>), ((9, 3), <game.Grid object at 0x117b5a580>)]",414,415,3236,27,31,58
3237,"((6, 5), <game.Grid object at 0x117aded60>)","((5, 5), <game.Grid object at 0x117963bd0>)",East,"[((7, 5), <game.Grid object at 0x117b5a5f0>), ((5, 5), <game.Grid object at 0x117b5a660>)]",415,415,3237,21,37,58
3238,"((9, 5), <game.Grid object at 0x117adee40>)","((8, 5), <game.Grid object at 0x117963d20>)",East,"[((10, 5), <game.Grid object at 0x117b5a6d0>), ((8, 5), <game.Grid object at 0x117b5a740>)]",415,415,3238,24,34,58
3239,"((12, 5), <game.Grid object at 0x117adf000>)","((11, 5), <game.Grid object at 0x117963e70>)",East,"[((13, 5), <game.Grid object at 0x117b5a7b0>), ((11, 5), <game.Grid object at 0x117b5a820>)]",415,415,3239,27,31,58
3240,"((12, 5), <game.Grid object at 0x117adf0e0>)","((11, 5), <game.Grid object at 0x1179e42f0>)",East,"[((13, 5), <game.Grid object at 0x117b5a890>), ((11, 5), <game.Grid object at 0x117b5a900>)]",415,415,3240,27,31,58
3241,"((6, 5), <game.Grid object at 0x117adf1c0>)","((5, 5), <game.Grid object at 0x1179e4830>)",East,"[((7, 5), <game.Grid object at 0x117b5a970>), ((5, 5), <game.Grid object at 0x117b5a9e0>)]",415,415,3241,21,37,58
3242,"((6, 5), <game.Grid object at 0x117adf540>)","((5, 5), <game.Grid object at 0x1179e78c0>)",East,"[((7, 5), <game.Grid object at 0x117b5aa50>), ((5, 5), <game.Grid object at 0x117b5aac0>)]",415,415,3242,21,37,58
3243,"((6, 5), <game.Grid object at 0x117adf620>)","((5, 5), <game.Grid object at 0x1179e7a10>)",East,"[((7, 5), <game.Grid object at 0x117b5ab30>), ((5, 5), <game.Grid object at 0x117b5aba0>)]",415,415,3243,21,37,58
3244,"((13, 4), <game.Grid object at 0x117adf700>)","((13, 5), <game.Grid object at 0x117a5e120>)",South,"[((13, 5), <game.Grid object at 0x117b5ac10>), ((13, 3), <game.Grid object at 0x117b5ac80>)]",415,416,3244,29,29,58
3245,"((13, 4), <game.Grid object at 0x117adf850>)","((13, 5), <game.Grid object at 0x117a5e270>)",South,"[((13, 5), <game.Grid object at 0x117b5acf0>), ((13, 3), <game.Grid object at 0x117b5ad60>)]",416,417,3245,29,29,58
3246,"((13, 4), <game.Grid object at 0x117adf9a0>)","((13, 5), <game.Grid object at 0x117a5e3c0>)",South,"[((13, 5), <game.Grid object at 0x117b5add0>), ((13, 3), <game.Grid object at 0x117b5ae40>)]",417,418,3246,29,29,58
3247,"((13, 4), <game.Grid object at 0x117adfaf0>)","((13, 5), <game.Grid object at 0x117a5e510>)",South,"[((13, 5), <game.Grid object at 0x117b5aeb0>), ((13, 3), <game.Grid object at 0x117b5af20>)]",418,419,3247,29,29,58
3248,"((13, 4), <game.Grid object at 0x117adfc40>)","((13, 5), <game.Grid object at 0x117a5e660>)",South,"[((13, 5), <game.Grid object at 0x117b5af90>), ((13, 3), <game.Grid object at 0x117b5b000>)]",419,420,3248,29,29,58
3249,"((6, 3), <game.Grid object at 0x117b59da0>)","((5, 3), <game.Grid object at 0x117ade190>)",East,"[((7, 3), <game.Grid object at 0x117b5b070>), ((5, 3), <game.Grid object at 0x117b5b0e0>)]",420,419,3249,23,35,58
3250,"((6, 3), <game.Grid object at 0x117b59e80>)","((5, 3), <game.Grid object at 0x117ade2e0>)",East,"[((7, 3), <game.Grid object at 0x117b5b150>), ((5, 3), <game.Grid object at 0x117b5b1c0>)]",419,418,3250,23,35,58
3251,"((5, 3), <game.Grid object at 0x117b58590>)","((4, 3), <game.Grid object at 0x117a5f3f0>)",East,"[((6, 3), <game.Grid object at 0x117b5b230>), ((4, 3), <game.Grid object at 0x117b5b2a0>)]",418,417,3251,22,36,58
3252,"((3, 3), <game.Grid object at 0x117b59f60>)","((2, 3), <game.Grid object at 0x117ade430>)",East,"[((4, 3), <game.Grid object at 0x117b5b310>), ((2, 3), <game.Grid object at 0x117b5b380>)]",417,416,3252,20,38,58
3253,"((6, 3), <game.Grid object at 0x117b5b230>)","((5, 3), <game.Grid object at 0x117b58590>)",East,"[((7, 3), <game.Grid object at 0x117b5b3f0>), ((5, 3), <game.Grid object at 0x117b5b460>)]",416,415,3253,23,35,58
3254,"((14, 3), <game.Grid object at 0x117b58910>)","((13, 3), <game.Grid object at 0x117a5f5b0>)",East,"[((15, 3), <game.Grid object at 0x117b5b4d0>), ((13, 3), <game.Grid object at 0x117b5b540>)]",415,415,3254,31,27,58
3255,"((14, 3), <game.Grid object at 0x117b58a60>)","((13, 3), <game.Grid object at 0x117a5f690>)",East,"[((15, 3), <game.Grid object at 0x117b5b5b0>), ((13, 3), <game.Grid object at 0x117b5b620>)]",415,415,3255,31,27,58
3256,"((5, 3), <game.Grid object at 0x117b58de0>)","((4, 3), <game.Grid object at 0x117a5f850>)",East,"[((6, 3), <game.Grid object at 0x117b5b690>), ((4, 3), <game.Grid object at 0x117b5b700>)]",415,414,3256,22,36,58
3257,"((6, 3), <game.Grid object at 0x117b5b690>)","((5, 3), <game.Grid object at 0x117b58de0>)",East,"[((7, 3), <game.Grid object at 0x117b5b770>), ((5, 3), <game.Grid object at 0x117b5b7e0>)]",414,413,3257,23,35,58
3258,"((6, 3), <game.Grid object at 0x117b5a040>)","((5, 3), <game.Grid object at 0x117ade510>)",East,"[((7, 3), <game.Grid object at 0x117b5b850>), ((5, 3), <game.Grid object at 0x117b5b8c0>)]",413,412,3258,23,35,58
3259,"((6, 3), <game.Grid object at 0x117b5a120>)","((5, 3), <game.Grid object at 0x117ade660>)",East,"[((7, 3), <game.Grid object at 0x117b5b930>), ((5, 3), <game.Grid object at 0x117b5b9a0>)]",412,411,3259,23,35,58
3260,"((13, 4), <game.Grid object at 0x117b59320>)","((13, 5), <game.Grid object at 0x117adc050>)",South,"[((13, 5), <game.Grid object at 0x117b5ba10>), ((13, 3), <game.Grid object at 0x117b5ba80>)]",411,412,3260,29,29,58
3261,"((13, 4), <game.Grid object at 0x117b59470>)","((13, 5), <game.Grid object at 0x117adc1a0>)",South,"[((13, 5), <game.Grid object at 0x117b5baf0>), ((13, 3), <game.Grid object at 0x117b5bb60>)]",412,413,3261,29,29,58
3262,"((7, 5), <game.Grid object at 0x117b595c0>)","((6, 5), <game.Grid object at 0x117add470>)",East,"[((7, 4), <game.Grid object at 0x117b5bbd0>), ((8, 5), <game.Grid object at 0x117b5bc40>), ((6, 5), <game.Grid object at 0x117b5bcb0>)]",413,412,3262,22,36,58
3263,"((8, 5), <game.Grid object at 0x117b5bc40>)","((7, 5), <game.Grid object at 0x117b595c0>)",East,"[((9, 5), <game.Grid object at 0x117b5bd20>), ((7, 5), <game.Grid object at 0x117b5bd90>)]",412,411,3263,23,35,58
3264,"((7, 5), <game.Grid object at 0x117b596a0>)","((6, 5), <game.Grid object at 0x117add550>)",East,"[((7, 4), <game.Grid object at 0x117b5be00>), ((8, 5), <game.Grid object at 0x117b5be70>), ((6, 5), <game.Grid object at 0x117b5bee0>)]",411,410,3264,22,36,58
3265,"((8, 5), <game.Grid object at 0x117b5be70>)","((7, 5), <game.Grid object at 0x117b596a0>)",East,"[((9, 5), <game.Grid object at 0x117b5bf50>), ((7, 5), <game.Grid object at 0x117bd4050>)]",410,409,3265,23,35,58
3266,"((6, 3), <game.Grid object at 0x117b59780>)","((5, 3), <game.Grid object at 0x117add6a0>)",East,"[((7, 3), <game.Grid object at 0x117bd40c0>), ((5, 3), <game.Grid object at 0x117bd4130>)]",409,409,3266,23,35,58
3267,"((5, 3), <game.Grid object at 0x117b598d0>)","((4, 3), <game.Grid object at 0x117add7f0>)",East,"[((6, 3), <game.Grid object at 0x117bd41a0>), ((4, 3), <game.Grid object at 0x117bd4210>)]",409,408,3267,22,36,58
3268,"((2, 3), <game.Grid object at 0x117b59a20>)","((1, 3), <game.Grid object at 0x117add8d0>)",East,"[((3, 3), <game.Grid object at 0x117bd4280>), ((1, 3), <game.Grid object at 0x117bd42f0>)]",408,407,3268,19,39,58
3269,"((3, 3), <game.Grid object at 0x117bd4280>)","((2, 3), <game.Grid object at 0x117b59a20>)",East,"[((4, 3), <game.Grid object at 0x117bd4360>), ((2, 3), <game.Grid object at 0x117bd43d0>)]",407,406,3269,20,38,58
3270,"((4, 5), <game.Grid object at 0x117b59a90>)","((3, 5), <game.Grid object at 0x117adda20>)",East,"[((4, 4), <game.Grid object at 0x117bd4440>), ((5, 5), <game.Grid object at 0x117bd44b0>), ((3, 5), <game.Grid object at 0x117bd4520>)]",406,406,3270,19,39,58
3271,"((8, 3), <game.Grid object at 0x117b59be0>)","((7, 3), <game.Grid object at 0x117addc50>)",East,"[((9, 3), <game.Grid object at 0x117bd4590>), ((7, 3), <game.Grid object at 0x117bd4600>)]",406,406,3271,25,33,58
3272,"((6, 3), <game.Grid object at 0x117bd41a0>)","((5, 3), <game.Grid object at 0x117b598d0>)",East,"[((7, 3), <game.Grid object at 0x117bd4670>), ((5, 3), <game.Grid object at 0x117bd46e0>)]",406,405,3272,23,35,58
3273,"((11, 3), <game.Grid object at 0x117b5a270>)","((10, 3), <game.Grid object at 0x117adeb30>)",East,"[((12, 3), <game.Grid object at 0x117bd4750>), ((10, 3), <game.Grid object at 0x117bd47c0>)]",405,405,3273,28,30,58
3274,"((11, 3), <game.Grid object at 0x117b5a3c0>)","((10, 3), <game.Grid object at 0x117adec10>)",East,"[((12, 3), <game.Grid object at 0x117bd4830>), ((10, 3), <game.Grid object at 0x117bd48a0>)]",405,405,3274,28,30,58
3275,"((11, 3), <game.Grid object at 0x117b5a510>)","((10, 3), <game.Grid object at 0x117adecf0>)",East,"[((12, 3), <game.Grid object at 0x117bd4910>), ((10, 3), <game.Grid object at 0x117bd4980>)]",405,405,3275,28,30,58
3276,"((7, 5), <game.Grid object at 0x117b5a5f0>)","((6, 5), <game.Grid object at 0x117aded60>)",East,"[((7, 4), <game.Grid object at 0x117bd49f0>), ((8, 5), <game.Grid object at 0x117bd4a60>), ((6, 5), <game.Grid object at 0x117bd4ad0>)]",405,404,3276,22,36,58
3277,"((8, 5), <game.Grid object at 0x117bd4a60>)","((7, 5), <game.Grid object at 0x117b5a5f0>)",East,"[((9, 5), <game.Grid object at 0x117bd4b40>), ((7, 5), <game.Grid object at 0x117bd4bb0>)]",404,403,3277,23,35,58
3278,"((10, 5), <game.Grid object at 0x117b5a6d0>)","((9, 5), <game.Grid object at 0x117adee40>)",East,"[((10, 4), <game.Grid object at 0x117bd4c20>), ((11, 5), <game.Grid object at 0x117bd4c90>), ((9, 5), <game.Grid object at 0x117bd4d00>)]",403,403,3278,25,33,58
3279,"((13, 5), <game.Grid object at 0x117b5a7b0>)","((12, 5), <game.Grid object at 0x117adf000>)",East,"[((13, 4), <game.Grid object at 0x117bd4d70>), ((14, 5), <game.Grid object at 0x117bd4de0>), ((12, 5), <game.Grid object at 0x117bd4e50>)]",403,405,3279,28,30,58
3280,"((13, 5), <game.Grid object at 0x117b5a890>)","((12, 5), <game.Grid object at 0x117adf0e0>)",East,"[((13, 4), <game.Grid object at 0x117bd4ec0>), ((14, 5), <game.Grid object at 0x117bd4f30>), ((12, 5), <game.Grid object at 0x117bd4fa0>)]",405,407,3280,28,30,58
3281,"((7, 5), <game.Grid object at 0x117b5a970>)","((6, 5), <game.Grid object at 0x117adf1c0>)",East,"[((7, 4), <game.Grid object at 0x117bd5010>), ((8, 5), <game.Grid object at 0x117bd5080>), ((6, 5), <game.Grid object at 0x117bd50f0>)]",407,406,3281,22,36,58
3282,"((8, 5), <game.Grid object at 0x117bd5080>)","((7, 5), <game.Grid object at 0x117b5a970>)",East,"[((9, 5), <game.Grid object at 0x117bd5160>), ((7, 5), <game.Grid object at 0x117bd51d0>)]",406,405,3282,23,35,58
3283,"((7, 5), <game.Grid object at 0x117b5aa50>)","((6, 5), <game.Grid object at 0x117adf540>)",East,"[((7, 4), <game.Grid object at 0x117bd5240>), ((8, 5), <game.Grid object at 0x117bd52b0>), ((6, 5), <game.Grid object at 0x117bd5320>)]",405,404,3283,22,36,58
3284,"((8, 5), <game.Grid object at 0x117bd52b0>)","((7, 5), <game.Grid object at 0x117b5aa50>)",East,"[((9, 5), <game.Grid object at 0x117bd5390>), ((7, 5), <game.Grid object at 0x117bd5400>)]",404,403,3284,23,35,58
3285,"((7, 5), <game.Grid object at 0x117b5ab30>)","((6, 5), <game.Grid object at 0x117adf620>)",East,"[((7, 4), <game.Grid object at 0x117bd5470>), ((8, 5), <game.Grid object at 0x117bd54e0>), ((6, 5), <game.Grid object at 0x117bd5550>)]",403,402,3285,22,36,58
3286,"((8, 5), <game.Grid object at 0x117bd54e0>)","((7, 5), <game.Grid object at 0x117b5ab30>)",East,"[((9, 5), <game.Grid object at 0x117bd55c0>), ((7, 5), <game.Grid object at 0x117bd5630>)]",402,401,3286,23,35,58
3287,"((13, 3), <game.Grid object at 0x117b5ac80>)","((13, 4), <game.Grid object at 0x117adf700>)",South,"[((13, 4), <game.Grid object at 0x117bd56a0>), ((14, 3), <game.Grid object at 0x117bd5710>), ((12, 3), <game.Grid object at 0x117bd5780>)]",401,402,3287,30,28,58
3288,"((13, 3), <game.Grid object at 0x117b5ad60>)","((13, 4), <game.Grid object at 0x117adf850>)",South,"[((13, 4), <game.Grid object at 0x117bd57f0>), ((14, 3), <game.Grid object at 0x117bd5860>), ((12, 3), <game.Grid object at 0x117bd58d0>)]",402,403,3288,30,28,58
3289,"((13, 3), <game.Grid object at 0x117b5ae40>)","((13, 4), <game.Grid object at 0x117adf9a0>)",South,"[((13, 4), <game.Grid object at 0x117bd5940>), ((14, 3), <game.Grid object at 0x117bd59b0>), ((12, 3), <game.Grid object at 0x117bd5a20>)]",403,404,3289,30,28,58
3290,"((13, 3), <game.Grid object at 0x117b5af20>)","((13, 4), <game.Grid object at 0x117adfaf0>)",South,"[((13, 4), <game.Grid object at 0x117bd5a90>), ((14, 3), <game.Grid object at 0x117bd5b00>), ((12, 3), <game.Grid object at 0x117bd5b70>)]",404,405,3290,30,28,58
3291,"((13, 3), <game.Grid object at 0x117b5b000>)","((13, 4), <game.Grid object at 0x117adfc40>)",South,"[((13, 4), <game.Grid object at 0x117bd5be0>), ((14, 3), <game.Grid object at 0x117bd5c50>), ((12, 3), <game.Grid object at 0x117bd5cc0>)]",405,406,3291,30,28,58
3292,"((15, 3), <game.Grid object at 0x117b5b4d0>)","((14, 3), <game.Grid object at 0x117b58910>)",East,"[((16, 3), <game.Grid object at 0x117bd5d30>), ((14, 3), <game.Grid object at 0x117bd5da0>)]",406,406,3292,32,26,58
3293,"((15, 3), <game.Grid object at 0x117b5b5b0>)","((14, 3), <game.Grid object at 0x117b58a60>)",East,"[((16, 3), <game.Grid object at 0x117bd5e10>), ((14, 3), <game.Grid object at 0x117bd5e80>)]",406,406,3293,32,26,58
3294,"((13, 3), <game.Grid object at 0x117b5ba80>)","((13, 4), <game.Grid object at 0x117b59320>)",South,"[((13, 4), <game.Grid object at 0x117bd5ef0>), ((14, 3), <game.Grid object at 0x117bd5f60>), ((12, 3), <game.Grid object at 0x117bd5fd0>)]",406,407,3294,30,28,58
3295,"((13, 3), <game.Grid object at 0x117b5bb60>)","((13, 4), <game.Grid object at 0x117b59470>)",South,"[((13, 4), <game.Grid object at 0x117bd6040>), ((14, 3), <game.Grid object at 0x117bd60b0>), ((12, 3), <game.Grid object at 0x117bd6120>)]",407,408,3295,30,28,58
3296,"((7, 3), <game.Grid object at 0x117bd40c0>)","((6, 3), <game.Grid object at 0x117b59780>)",East,"[((7, 4), <game.Grid object at 0x117bd6190>), ((8, 3), <game.Grid object at 0x117bd6200>), ((6, 3), <game.Grid object at 0x117bd6270>)]",408,408,3296,24,34,58
3297,"((8, 3), <game.Grid object at 0x117bd6200>)","((7, 3), <game.Grid object at 0x117bd40c0>)",East,"[((9, 3), <game.Grid object at 0x117bd62e0>), ((7, 3), <game.Grid object at 0x117bd6350>)]",408,407,3297,25,33,58
3298,"((5, 5), <game.Grid object at 0x117bd44b0>)","((4, 5), <game.Grid object at 0x117b59a90>)",East,"[((6, 5), <game.Grid object at 0x117bd63c0>), ((4, 5), <game.Grid object at 0x117bd6430>)]",407,406,3298,20,38,58
3299,"((6, 5), <game.Grid object at 0x117bd63c0>)","((5, 5), <game.Grid object at 0x117bd44b0>)",East,"[((7, 5), <game.Grid object at 0x117bd64a0>), ((5, 5), <game.Grid object at 0x117bd6510>)]",406,405,3299,21,37,58
3300,"((9, 3), <game.Grid object at 0x117bd4590>)","((8, 3), <game.Grid object at 0x117b59be0>)",East,"[((10, 3), <game.Grid object at 0x117bd6580>), ((8, 3), <game.Grid object at 0x117bd65f0>)]",405,405,3300,26,32,58
3301,"((12, 3), <game.Grid object at 0x117bd4750>)","((11, 3), <game.Grid object at 0x117b5a270>)",East,"[((13, 3), <game.Grid object at 0x117bd6660>), ((11, 3), <game.Grid object at 0x117bd66d0>)]",405,405,3301,29,29,58
3302,"((12, 3), <game.Grid object at 0x117bd4830>)","((11, 3), <game.Grid object at 0x117b5a3c0>)",East,"[((13, 3), <game.Grid object at 0x117bd6740>), ((11, 3), <game.Grid object at 0x117bd67b0>)]",405,405,3302,29,29,58
3303,"((12, 3), <game.Grid object at 0x117bd4910>)","((11, 3), <game.Grid object at 0x117b5a510>)",East,"[((13, 3), <game.Grid object at 0x117bd6820>), ((11, 3), <game.Grid object at 0x117bd6890>)]",405,405,3303,29,29,58
3304,"((11, 5), <game.Grid object at 0x117bd4c90>)","((10, 5), <game.Grid object at 0x117b5a6d0>)",East,"[((12, 5), <game.Grid object at 0x117bd6900>), ((10, 5), <game.Grid object at 0x117bd6970>)]",405,405,3304,26,32,58
3305,"((13, 4), <game.Grid object at 0x117bd4d70>)","((13, 5), <game.Grid object at 0x117b5a7b0>)",South,"[((13, 5), <game.Grid object at 0x117bd69e0>), ((13, 3), <game.Grid object at 0x117bd6a50>)]",405,405,3305,29,29,58
3306,"((13, 4), <game.Grid object at 0x117bd4ec0>)","((13, 5), <game.Grid object at 0x117b5a890>)",South,"[((13, 5), <game.Grid object at 0x117bd6ac0>), ((13, 3), <game.Grid object at 0x117bd6b30>)]",405,405,3306,29,29,58
3307,"((14, 3), <game.Grid object at 0x117bd5710>)","((13, 3), <game.Grid object at 0x117b5ac80>)",East,"[((15, 3), <game.Grid object at 0x117bd6ba0>), ((13, 3), <game.Grid object at 0x117bd6c10>)]",405,405,3307,31,27,58
3308,"((14, 3), <game.Grid object at 0x117bd5860>)","((13, 3), <game.Grid object at 0x117b5ad60>)",East,"[((15, 3), <game.Grid object at 0x117bd6c80>), ((13, 3), <game.Grid object at 0x117bd6cf0>)]",405,405,3308,31,27,58
3309,"((14, 3), <game.Grid object at 0x117bd59b0>)","((13, 3), <game.Grid object at 0x117b5ae40>)",East,"[((15, 3), <game.Grid object at 0x117bd6d60>), ((13, 3), <game.Grid object at 0x117bd6dd0>)]",405,405,3309,31,27,58
3310,"((14, 3), <game.Grid object at 0x117bd5b00>)","((13, 3), <game.Grid object at 0x117b5af20>)",East,"[((15, 3), <game.Grid object at 0x117bd6e40>), ((13, 3), <game.Grid object at 0x117bd6eb0>)]",405,405,3310,31,27,58
3311,"((14, 3), <game.Grid object at 0x117bd5c50>)","((13, 3), <game.Grid object at 0x117b5b000>)",East,"[((15, 3), <game.Grid object at 0x117bd6f20>), ((13, 3), <game.Grid object at 0x117bd6f90>)]",405,405,3311,31,27,58
3312,"((16, 3), <game.Grid object at 0x117bd5d30>)","((15, 3), <game.Grid object at 0x117b5b4d0>)",East,"[((16, 4), <game.Grid object at 0x117bd7000>), ((15, 3), <game.Grid object at 0x117bd7070>)]",405,405,3312,33,25,58
3313,"((16, 3), <game.Grid object at 0x117bd5e10>)","((15, 3), <game.Grid object at 0x117b5b5b0>)",East,"[((16, 4), <game.Grid object at 0x117bd70e0>), ((15, 3), <game.Grid object at 0x117bd7150>)]",405,405,3313,33,25,58
3314,"((14, 3), <game.Grid object at 0x117bd5f60>)","((13, 3), <game.Grid object at 0x117b5ba80>)",East,"[((15, 3), <game.Grid object at 0x117bd71c0>), ((13, 3), <game.Grid object at 0x117bd7230>)]",405,405,3314,31,27,58
3315,"((14, 3), <game.Grid object at 0x117bd60b0>)","((13, 3), <game.Grid object at 0x117b5bb60>)",East,"[((15, 3), <game.Grid object at 0x117bd72a0>), ((13, 3), <game.Grid object at 0x117bd7310>)]",405,405,3315,31,27,58
3316,"((10, 3), <game.Grid object at 0x117bd6580>)","((9, 3), <game.Grid object at 0x117bd4590>)",East,"[((10, 4), <game.Grid object at 0x117bd7380>), ((11, 3), <game.Grid object at 0x117bd73f0>), ((9, 3), <game.Grid object at 0x117bd7460>)]",405,405,3316,27,31,58
3317,"((13, 3), <game.Grid object at 0x117bd6660>)","((12, 3), <game.Grid object at 0x117bd4750>)",East,"[((13, 4), <game.Grid object at 0x117bd74d0>), ((14, 3), <game.Grid object at 0x117bd7540>), ((12, 3), <game.Grid object at 0x117bd75b0>)]",405,405,3317,30,28,58
3318,"((13, 3), <game.Grid object at 0x117bd6740>)","((12, 3), <game.Grid object at 0x117bd4830>)",East,"[((13, 4), <game.Grid object at 0x117bd7620>), ((14, 3), <game.Grid object at 0x117bd7690>), ((12, 3), <game.Grid object at 0x117bd7700>)]",405,405,3318,30,28,58
3319,"((13, 3), <game.Grid object at 0x117bd6820>)","((12, 3), <game.Grid object at 0x117bd4910>)",East,"[((13, 4), <game.Grid object at 0x117bd7770>), ((14, 3), <game.Grid object at 0x117bd77e0>), ((12, 3), <game.Grid object at 0x117bd7850>)]",405,405,3319,30,28,58
3320,"((12, 5), <game.Grid object at 0x117bd6900>)","((11, 5), <game.Grid object at 0x117bd4c90>)",East,"[((13, 5), <game.Grid object at 0x117bd78c0>), ((11, 5), <game.Grid object at 0x117bd7930>)]",405,404,3320,27,31,58
3321,"((13, 3), <game.Grid object at 0x117bd6a50>)","((13, 4), <game.Grid object at 0x117bd4d70>)",South,"[((13, 4), <game.Grid object at 0x117bd79a0>), ((14, 3), <game.Grid object at 0x117bd7a10>), ((12, 3), <game.Grid object at 0x117bd7a80>)]",404,405,3321,30,28,58
3322,"((13, 3), <game.Grid object at 0x117bd6b30>)","((13, 4), <game.Grid object at 0x117bd4ec0>)",South,"[((13, 4), <game.Grid object at 0x117bd7af0>), ((14, 3), <game.Grid object at 0x117bd7b60>), ((12, 3), <game.Grid object at 0x117bd7bd0>)]",405,406,3322,30,28,58
3323,"((15, 3), <game.Grid object at 0x117bd6ba0>)","((14, 3), <game.Grid object at 0x117bd5710>)",East,"[((16, 3), <game.Grid object at 0x117bd7c40>), ((14, 3), <game.Grid object at 0x117bd7cb0>)]",406,406,3323,32,26,58
3324,"((15, 3), <game.Grid object at 0x117bd6c80>)","((14, 3), <game.Grid object at 0x117bd5860>)",East,"[((16, 3), <game.Grid object at 0x117bd7d20>), ((14, 3), <game.Grid object at 0x117bd7d90>)]",406,406,3324,32,26,58
3325,"((15, 3), <game.Grid object at 0x117bd6d60>)","((14, 3), <game.Grid object at 0x117bd59b0>)",East,"[((16, 3), <game.Grid object at 0x117bd7e00>), ((14, 3), <game.Grid object at 0x117bd7e70>)]",406,406,3325,32,26,58
3326,"((15, 3), <game.Grid object at 0x117bd6e40>)","((14, 3), <game.Grid object at 0x117bd5b00>)",East,"[((16, 3), <game.Grid object at 0x117bd7ee0>), ((14, 3), <game.Grid object at 0x117bd7f50>)]",406,406,3326,32,26,58
3327,"((15, 3), <game.Grid object at 0x117bd6f20>)","((14, 3), <game.Grid object at 0x117bd5c50>)",East,"[((16, 3), <game.Grid object at 0x117c54050>), ((14, 3), <game.Grid object at 0x117c540c0>)]",406,406,3327,32,26,58
3328,"((16, 4), <game.Grid object at 0x117bd7000>)","((16, 3), <game.Grid object at 0x117bd5d30>)",North,"[((16, 5), <game.Grid object at 0x117c54130>), ((16, 3), <game.Grid object at 0x117c541a0>)]",406,406,3328,34,24,58
3329,"((16, 4), <game.Grid object at 0x117bd70e0>)","((16, 3), <game.Grid object at 0x117bd5e10>)",North,"[((16, 5), <game.Grid object at 0x117c54210>), ((16, 3), <game.Grid object at 0x117c54280>)]",406,406,3329,34,24,58
3330,"((15, 3), <game.Grid object at 0x117bd71c0>)","((14, 3), <game.Grid object at 0x117bd5f60>)",East,"[((16, 3), <game.Grid object at 0x117c542f0>), ((14, 3), <game.Grid object at 0x117c54360>)]",406,406,3330,32,26,58
3331,"((15, 3), <game.Grid object at 0x117bd72a0>)","((14, 3), <game.Grid object at 0x117bd60b0>)",East,"[((16, 3), <game.Grid object at 0x117c543d0>), ((14, 3), <game.Grid object at 0x117c54440>)]",406,406,3331,32,26,58
3332,"((11, 3), <game.Grid object at 0x117bd73f0>)","((10, 3), <game.Grid object at 0x117bd6580>)",East,"[((12, 3), <game.Grid object at 0x117c544b0>), ((10, 3), <game.Grid object at 0x117c54520>)]",406,406,3332,28,30,58
3333,"((14, 3), <game.Grid object at 0x117bd7540>)","((13, 3), <game.Grid object at 0x117bd6660>)",East,"[((15, 3), <game.Grid object at 0x117c54590>), ((13, 3), <game.Grid object at 0x117c54600>)]",406,406,3333,31,27,58
3334,"((14, 3), <game.Grid object at 0x117bd7690>)","((13, 3), <game.Grid object at 0x117bd6740>)",East,"[((15, 3), <game.Grid object at 0x117c54670>), ((13, 3), <game.Grid object at 0x117c546e0>)]",406,406,3334,31,27,58
3335,"((14, 3), <game.Grid object at 0x117bd77e0>)","((13, 3), <game.Grid object at 0x117bd6820>)",East,"[((15, 3), <game.Grid object at 0x117c54750>), ((13, 3), <game.Grid object at 0x117c547c0>)]",406,406,3335,31,27,58
3336,"((14, 3), <game.Grid object at 0x117bd7a10>)","((13, 3), <game.Grid object at 0x117bd6a50>)",East,"[((15, 3), <game.Grid object at 0x117c54830>), ((13, 3), <game.Grid object at 0x117c548a0>)]",406,406,3336,31,27,58
3337,"((14, 3), <game.Grid object at 0x117bd7b60>)","((13, 3), <game.Grid object at 0x117bd6b30>)",East,"[((15, 3), <game.Grid object at 0x117c54910>), ((13, 3), <game.Grid object at 0x117c54980>)]",406,406,3337,31,27,58
3338,"((16, 3), <game.Grid object at 0x117bd7c40>)","((15, 3), <game.Grid object at 0x117bd6ba0>)",East,"[((16, 4), <game.Grid object at 0x117c549f0>), ((15, 3), <game.Grid object at 0x117c54a60>)]",406,406,3338,33,25,58
3339,"((16, 3), <game.Grid object at 0x117bd7d20>)","((15, 3), <game.Grid object at 0x117bd6c80>)",East,"[((16, 4), <game.Grid object at 0x117c54ad0>), ((15, 3), <game.Grid object at 0x117c54b40>)]",406,406,3339,33,25,58
3340,"((16, 3), <game.Grid object at 0x117bd7e00>)","((15, 3), <game.Grid object at 0x117bd6d60>)",East,"[((16, 4), <game.Grid object at 0x117c54bb0>), ((15, 3), <game.Grid object at 0x117c54c20>)]",406,406,3340,33,25,58
3341,"((16, 3), <game.Grid object at 0x117bd7ee0>)","((15, 3), <game.Grid object at 0x117bd6e40>)",East,"[((16, 4), <game.Grid object at 0x117c54c90>), ((15, 3), <game.Grid object at 0x117c54d00>)]",406,406,3341,33,25,58
3342,"((16, 3), <game.Grid object at 0x117c54050>)","((15, 3), <game.Grid object at 0x117bd6f20>)",East,"[((16, 4), <game.Grid object at 0x117c54d70>), ((15, 3), <game.Grid object at 0x117c54de0>)]",406,406,3342,33,25,58
3343,"((16, 5), <game.Grid object at 0x117c54130>)","((16, 4), <game.Grid object at 0x117bd7000>)",North,"[((16, 4), <game.Grid object at 0x117c54e50>), ((17, 5), <game.Grid object at 0x117c54ec0>)]",406,406,3343,35,23,58
3344,"((16, 5), <game.Grid object at 0x117c54210>)","((16, 4), <game.Grid object at 0x117bd70e0>)",North,"[((16, 4), <game.Grid object at 0x117c54f30>), ((17, 5), <game.Grid object at 0x117c54fa0>)]",406,406,3344,35,23,58
3345,"((16, 3), <game.Grid object at 0x117c542f0>)","((15, 3), <game.Grid object at 0x117bd71c0>)",East,"[((16, 4), <game.Grid object at 0x117c55010>), ((15, 3), <game.Grid object at 0x117c55080>)]",406,406,3345,33,25,58
3346,"((16, 3), <game.Grid object at 0x117c543d0>)","((15, 3), <game.Grid object at 0x117bd72a0>)",East,"[((16, 4), <game.Grid object at 0x117c550f0>), ((15, 3), <game.Grid object at 0x117c55160>)]",406,406,3346,33,25,58
3347,"((12, 3), <game.Grid object at 0x117c544b0>)","((11, 3), <game.Grid object at 0x117bd73f0>)",East,"[((13, 3), <game.Grid object at 0x117c551d0>), ((11, 3), <game.Grid object at 0x117c55240>)]",406,406,3347,29,29,58
3348,"((15, 3), <game.Grid object at 0x117c54590>)","((14, 3), <game.Grid object at 0x117bd7540>)",East,"[((16, 3), <game.Grid object at 0x117c552b0>), ((14, 3), <game.Grid object at 0x117c55320>)]",406,406,3348,32,26,58
3349,"((15, 3), <game.Grid object at 0x117c54670>)","((14, 3), <game.Grid object at 0x117bd7690>)",East,"[((16, 3), <game.Grid object at 0x117c55390>), ((14, 3), <game.Grid object at 0x117c55400>)]",406,406,3349,32,26,58
3350,"((15, 3), <game.Grid object at 0x117c54750>)","((14, 3), <game.Grid object at 0x117bd77e0>)",East,"[((16, 3), <game.Grid object at 0x117c55470>), ((14, 3), <game.Grid object at 0x117c554e0>)]",406,406,3350,32,26,58
3351,"((15, 3), <game.Grid object at 0x117c54830>)","((14, 3), <game.Grid object at 0x117bd7a10>)",East,"[((16, 3), <game.Grid object at 0x117c55550>), ((14, 3), <game.Grid object at 0x117c555c0>)]",406,406,3351,32,26,58
3352,"((15, 3), <game.Grid object at 0x117c54910>)","((14, 3), <game.Grid object at 0x117bd7b60>)",East,"[((16, 3), <game.Grid object at 0x117c55630>), ((14, 3), <game.Grid object at 0x117c556a0>)]",406,406,3352,32,26,58
3353,"((16, 4), <game.Grid object at 0x117c549f0>)","((16, 3), <game.Grid object at 0x117bd7c40>)",North,"[((16, 5), <game.Grid object at 0x117c55710>), ((16, 3), <game.Grid object at 0x117c55780>)]",406,406,3353,34,24,58
3354,"((16, 4), <game.Grid object at 0x117c54ad0>)","((16, 3), <game.Grid object at 0x117bd7d20>)",North,"[((16, 5), <game.Grid object at 0x117c557f0>), ((16, 3), <game.Grid object at 0x117c55860>)]",406,406,3354,34,24,58
3355,"((16, 4), <game.Grid object at 0x117c54bb0>)","((16, 3), <game.Grid object at 0x117bd7e00>)",North,"[((16, 5), <game.Grid object at 0x117c558d0>), ((16, 3), <game.Grid object at 0x117c55940>)]",406,406,3355,34,24,58
3356,"((16, 4), <game.Grid object at 0x117c54c90>)","((16, 3), <game.Grid object at 0x117bd7ee0>)",North,"[((16, 5), <game.Grid object at 0x117c559b0>), ((16, 3), <game.Grid object at 0x117c55a20>)]",406,406,3356,34,24,58
3357,"((16, 4), <game.Grid object at 0x117c54d70>)","((16, 3), <game.Grid object at 0x117c54050>)",North,"[((16, 5), <game.Grid object at 0x117c55a90>), ((16, 3), <game.Grid object at 0x117c55b00>)]",406,406,3357,34,24,58
3358,"((17, 5), <game.Grid object at 0x117c54ec0>)","((16, 5), <game.Grid object at 0x117c54130>)",East,"[((18, 5), <game.Grid object at 0x117c55b70>), ((16, 5), <game.Grid object at 0x117c55be0>)]",406,406,3358,36,22,58
3359,"((17, 5), <game.Grid object at 0x117c54fa0>)","((16, 5), <game.Grid object at 0x117c54210>)",East,"[((18, 5), <game.Grid object at 0x117c55c50>), ((16, 5), <game.Grid object at 0x117c55cc0>)]",406,406,3359,36,22,58
3360,"((16, 4), <game.Grid object at 0x117c55010>)","((16, 3), <game.Grid object at 0x117c542f0>)",North,"[((16, 5), <game.Grid object at 0x117c55d30>), ((16, 3), <game.Grid object at 0x117c55da0>)]",406,406,3360,34,24,58
3361,"((16, 4), <game.Grid object at 0x117c550f0>)","((16, 3), <game.Grid object at 0x117c543d0>)",North,"[((16, 5), <game.Grid object at 0x117c55e10>), ((16, 3), <game.Grid object at 0x117c55e80>)]",406,406,3361,34,24,58
3362,"((13, 3), <game.Grid object at 0x117c551d0>)","((12, 3), <game.Grid object at 0x117c544b0>)",East,"[((13, 4), <game.Grid object at 0x117c55ef0>), ((14, 3), <game.Grid object at 0x117c55f60>), ((12, 3), <game.Grid object at 0x117c55fd0>)]",406,406,3362,30,28,58
3363,"((16, 3), <game.Grid object at 0x117c552b0>)","((15, 3), <game.Grid object at 0x117c54590>)",East,"[((16, 4), <game.Grid object at 0x117c56040>), ((15, 3), <game.Grid object at 0x117c560b0>)]",406,406,3363,33,25,58
3364,"((16, 3), <game.Grid object at 0x117c55390>)","((15, 3), <game.Grid object at 0x117c54670>)",East,"[((16, 4), <game.Grid object at 0x117c56120>), ((15, 3), <game.Grid object at 0x117c56190>)]",406,406,3364,33,25,58
3365,"((16, 3), <game.Grid object at 0x117c55470>)","((15, 3), <game.Grid object at 0x117c54750>)",East,"[((16, 4), <game.Grid object at 0x117c56200>), ((15, 3), <game.Grid object at 0x117c56270>)]",406,406,3365,33,25,58
3366,"((16, 3), <game.Grid object at 0x117c55550>)","((15, 3), <game.Grid object at 0x117c54830>)",East,"[((16, 4), <game.Grid object at 0x117c562e0>), ((15, 3), <game.Grid object at 0x117c56350>)]",406,406,3366,33,25,58
3367,"((16, 3), <game.Grid object at 0x117c55630>)","((15, 3), <game.Grid object at 0x117c54910>)",East,"[((16, 4), <game.Grid object at 0x117c563c0>), ((15, 3), <game.Grid object at 0x117c56430>)]",406,406,3367,33,25,58
3368,"((16, 5), <game.Grid object at 0x117c55710>)","((16, 4), <game.Grid object at 0x117c549f0>)",North,"[((16, 4), <game.Grid object at 0x117c564a0>), ((17, 5), <game.Grid object at 0x117c56510>)]",406,406,3368,35,23,58
3369,"((16, 5), <game.Grid object at 0x117c557f0>)","((16, 4), <game.Grid object at 0x117c54ad0>)",North,"[((16, 4), <game.Grid object at 0x117c56580>), ((17, 5), <game.Grid object at 0x117c565f0>)]",406,406,3369,35,23,58
3370,"((16, 5), <game.Grid object at 0x117c558d0>)","((16, 4), <game.Grid object at 0x117c54bb0>)",North,"[((16, 4), <game.Grid object at 0x117c56660>), ((17, 5), <game.Grid object at 0x117c566d0>)]",406,406,3370,35,23,58
3371,"((16, 5), <game.Grid object at 0x117c559b0>)","((16, 4), <game.Grid object at 0x117c54c90>)",North,"[((16, 4), <game.Grid object at 0x117c56740>), ((17, 5), <game.Grid object at 0x117c567b0>)]",406,406,3371,35,23,58
3372,"((16, 5), <game.Grid object at 0x117c55a90>)","((16, 4), <game.Grid object at 0x117c54d70>)",North,"[((16, 4), <game.Grid object at 0x117c56820>), ((17, 5), <game.Grid object at 0x117c56890>)]",406,406,3372,35,23,58
3373,"((18, 5), <game.Grid object at 0x117c55b70>)","((17, 5), <game.Grid object at 0x117c54ec0>)",East,"[((18, 4), <game.Grid object at 0x117c56900>), ((17, 5), <game.Grid object at 0x117c56970>)]",406,406,3373,37,21,58
3374,"((18, 5), <game.Grid object at 0x117c55c50>)","((17, 5), <game.Grid object at 0x117c54fa0>)",East,"[((18, 4), <game.Grid object at 0x117c569e0>), ((17, 5), <game.Grid object at 0x117c56a50>)]",406,406,3374,37,21,58
3375,"((16, 5), <game.Grid object at 0x117c55d30>)","((16, 4), <game.Grid object at 0x117c55010>)",North,"[((16, 4), <game.Grid object at 0x117c56ac0>), ((17, 5), <game.Grid object at 0x117c56b30>)]",406,406,3375,35,23,58
3376,"((16, 5), <game.Grid object at 0x117c55e10>)","((16, 4), <game.Grid object at 0x117c550f0>)",North,"[((16, 4), <game.Grid object at 0x117c56ba0>), ((17, 5), <game.Grid object at 0x117c56c10>)]",406,406,3376,35,23,58
3377,"((14, 3), <game.Grid object at 0x117c55f60>)","((13, 3), <game.Grid object at 0x117c551d0>)",East,"[((15, 3), <game.Grid object at 0x117c56c80>), ((13, 3), <game.Grid object at 0x117c56cf0>)]",406,406,3377,31,27,58
3378,"((16, 4), <game.Grid object at 0x117c56040>)","((16, 3), <game.Grid object at 0x117c552b0>)",North,"[((16, 5), <game.Grid object at 0x117c56d60>), ((16, 3), <game.Grid object at 0x117c56dd0>)]",406,406,3378,34,24,58
3379,"((16, 4), <game.Grid object at 0x117c56120>)","((16, 3), <game.Grid object at 0x117c55390>)",North,"[((16, 5), <game.Grid object at 0x117c56e40>), ((16, 3), <game.Grid object at 0x117c56eb0>)]",406,406,3379,34,24,58
3380,"((16, 4), <game.Grid object at 0x117c56200>)","((16, 3), <game.Grid object at 0x117c55470>)",North,"[((16, 5), <game.Grid object at 0x117c56f20>), ((16, 3), <game.Grid object at 0x117c56f90>)]",406,406,3380,34,24,58
3381,"((16, 4), <game.Grid object at 0x117c562e0>)","((16, 3), <game.Grid object at 0x117c55550>)",North,"[((16, 5), <game.Grid object at 0x117c57000>), ((16, 3), <game.Grid object at 0x117c57070>)]",406,406,3381,34,24,58
3382,"((16, 4), <game.Grid object at 0x117c563c0>)","((16, 3), <game.Grid object at 0x117c55630>)",North,"[((16, 5), <game.Grid object at 0x117c570e0>), ((16, 3), <game.Grid object at 0x117c57150>)]",406,406,3382,34,24,58
3383,"((17, 5), <game.Grid object at 0x117c56510>)","((16, 5), <game.Grid object at 0x117c55710>)",East,"[((18, 5), <game.Grid object at 0x117c571c0>), ((16, 5), <game.Grid object at 0x117c57230>)]",406,406,3383,36,22,58
3384,"((17, 5), <game.Grid object at 0x117c565f0>)","((16, 5), <game.Grid object at 0x117c557f0>)",East,"[((18, 5), <game.Grid object at 0x117c572a0>), ((16, 5), <game.Grid object at 0x117c57310>)]",406,406,3384,36,22,58
3385,"((17, 5), <game.Grid object at 0x117c566d0>)","((16, 5), <game.Grid object at 0x117c558d0>)",East,"[((18, 5), <game.Grid object at 0x117c57380>), ((16, 5), <game.Grid object at 0x117c573f0>)]",406,406,3385,36,22,58
3386,"((17, 5), <game.Grid object at 0x117c567b0>)","((16, 5), <game.Grid object at 0x117c559b0>)",East,"[((18, 5), <game.Grid object at 0x117c57460>), ((16, 5), <game.Grid object at 0x117c574d0>)]",406,406,3386,36,22,58
3387,"((17, 5), <game.Grid object at 0x117c56890>)","((16, 5), <game.Grid object at 0x117c55a90>)",East,"[((18, 5), <game.Grid object at 0x117c57540>), ((16, 5), <game.Grid object at 0x117c575b0>)]",406,406,3387,36,22,58
3388,"((18, 4), <game.Grid object at 0x117c569e0>)","((18, 5), <game.Grid object at 0x117c55c50>)",South,"[((18, 5), <game.Grid object at 0x117c57620>), ((18, 3), <game.Grid object at 0x117c57690>)]",406,406,3388,38,20,58
3389,"((17, 5), <game.Grid object at 0x117c56b30>)","((16, 5), <game.Grid object at 0x117c55d30>)",East,"[((18, 5), <game.Grid object at 0x117c57700>), ((16, 5), <game.Grid object at 0x117c57770>)]",406,406,3389,36,22,58
3390,"((17, 5), <game.Grid object at 0x117c56c10>)","((16, 5), <game.Grid object at 0x117c55e10>)",East,"[((18, 5), <game.Grid object at 0x117c577e0>), ((16, 5), <game.Grid object at 0x117c57850>)]",406,406,3390,36,22,58
3391,"((15, 3), <game.Grid object at 0x117c56c80>)","((14, 3), <game.Grid object at 0x117c55f60>)",East,"[((16, 3), <game.Grid object at 0x117c578c0>), ((14, 3), <game.Grid object at 0x117c57930>)]",406,406,3391,32,26,58
3392,"((16, 5), <game.Grid object at 0x117c56d60>)","((16, 4), <game.Grid object at 0x117c56040>)",North,"[((16, 4), <game.Grid object at 0x117c579a0>), ((17, 5), <game.Grid object at 0x117c57a10>)]",406,406,3392,35,23,58
3393,"((16, 5), <game.Grid object at 0x117c56e40>)","((16, 4), <game.Grid object at 0x117c56120>)",North,"[((16, 4), <game.Grid object at 0x117c57a80>), ((17, 5), <game.Grid object at 0x117c57af0>)]",406,406,3393,35,23,58
3394,"((16, 5), <game.Grid object at 0x117c56f20>)","((16, 4), <game.Grid object at 0x117c56200>)",North,"[((16, 4), <game.Grid object at 0x117c57b60>), ((17, 5), <game.Grid object at 0x117c57bd0>)]",406,406,3394,35,23,58
3395,"((16, 5), <game.Grid object at 0x117c57000>)","((16, 4), <game.Grid object at 0x117c562e0>)",North,"[((16, 4), <game.Grid object at 0x117c57c40>), ((17, 5), <game.Grid object at 0x117c57cb0>)]",406,406,3395,35,23,58
3396,"((16, 5), <game.Grid object at 0x117c570e0>)","((16, 4), <game.Grid object at 0x117c563c0>)",North,"[((16, 4), <game.Grid object at 0x117c57d20>), ((17, 5), <game.Grid object at 0x117c57d90>)]",406,406,3396,35,23,58
3397,"((18, 5), <game.Grid object at 0x117c571c0>)","((17, 5), <game.Grid object at 0x117c56510>)",East,"[((18, 4), <game.Grid object at 0x117c57e00>), ((17, 5), <game.Grid object at 0x117c57e70>)]",406,406,3397,37,21,58
3398,"((18, 5), <game.Grid object at 0x117c572a0>)","((17, 5), <game.Grid object at 0x117c565f0>)",East,"[((18, 4), <game.Grid object at 0x117c57ee0>), ((17, 5), <game.Grid object at 0x117c57f50>)]",406,406,3398,37,21,58
3399,"((18, 5), <game.Grid object at 0x117c57380>)","((17, 5), <game.Grid object at 0x117c566d0>)",East,"[((18, 4), <game.Grid object at 0x117cd8050>), ((17, 5), <game.Grid object at 0x117cd80c0>)]",406,406,3399,37,21,58
3400,"((18, 5), <game.Grid object at 0x117c57460>)","((17, 5), <game.Grid object at 0x117c567b0>)",East,"[((18, 4), <game.Grid object at 0x117cd8130>), ((17, 5), <game.Grid object at 0x117cd81a0>)]",406,406,3400,37,21,58
3401,"((18, 5), <game.Grid object at 0x117c57540>)","((17, 5), <game.Grid object at 0x117c56890>)",East,"[((18, 4), <game.Grid object at 0x117cd8210>), ((17, 5), <game.Grid object at 0x117cd8280>)]",406,406,3401,37,21,58
3402,"((18, 3), <game.Grid object at 0x117c57690>)","((18, 4), <game.Grid object at 0x117c569e0>)",South,"[((18, 4), <game.Grid object at 0x117cd82f0>), ((18, 2), <game.Grid object at 0x117cd8360>)]",406,406,3402,39,19,58
3403,"((18, 5), <game.Grid object at 0x117c57700>)","((17, 5), <game.Grid object at 0x117c56b30>)",East,"[((18, 4), <game.Grid object at 0x117cd83d0>), ((17, 5), <game.Grid object at 0x117cd8440>)]",406,406,3403,37,21,58
3404,"((18, 5), <game.Grid object at 0x117c577e0>)","((17, 5), <game.Grid object at 0x117c56c10>)",East,"[((18, 4), <game.Grid object at 0x117cd84b0>), ((17, 5), <game.Grid object at 0x117cd8520>)]",406,406,3404,37,21,58
3405,"((16, 3), <game.Grid object at 0x117c578c0>)","((15, 3), <game.Grid object at 0x117c56c80>)",East,"[((16, 4), <game.Grid object at 0x117cd8590>), ((15, 3), <game.Grid object at 0x117cd8600>)]",406,406,3405,33,25,58
3406,"((17, 5), <game.Grid object at 0x117c57a10>)","((16, 5), <game.Grid object at 0x117c56d60>)",East,"[((18, 5), <game.Grid object at 0x117cd8670>), ((16, 5), <game.Grid object at 0x117cd86e0>)]",406,406,3406,36,22,58
3407,"((17, 5), <game.Grid object at 0x117c57af0>)","((16, 5), <game.Grid object at 0x117c56e40>)",East,"[((18, 5), <game.Grid object at 0x117cd8750>), ((16, 5), <game.Grid object at 0x117cd87c0>)]",406,406,3407,36,22,58
3408,"((17, 5), <game.Grid object at 0x117c57bd0>)","((16, 5), <game.Grid object at 0x117c56f20>)",East,"[((18, 5), <game.Grid object at 0x117cd8830>), ((16, 5), <game.Grid object at 0x117cd88a0>)]",406,406,3408,36,22,58
3409,"((17, 5), <game.Grid object at 0x117c57cb0>)","((16, 5), <game.Grid object at 0x117c57000>)",East,"[((18, 5), <game.Grid object at 0x117cd8910>), ((16, 5), <game.Grid object at 0x117cd8980>)]",406,406,3409,36,22,58
3410,"((17, 5), <game.Grid object at 0x117c57d90>)","((16, 5), <game.Grid object at 0x117c570e0>)",East,"[((18, 5), <game.Grid object at 0x117cd89f0>), ((16, 5), <game.Grid object at 0x117cd8a60>)]",406,406,3410,36,22,58
3411,"((18, 4), <game.Grid object at 0x117cd8050>)","((18, 5), <game.Grid object at 0x117c57380>)",South,"[((18, 5), <game.Grid object at 0x117cd8ad0>), ((18, 3), <game.Grid object at 0x117cd8b40>)]",406,406,3411,38,20,58
3412,"((18, 4), <game.Grid object at 0x117cd8210>)","((18, 5), <game.Grid object at 0x117c57540>)",South,"[((18, 5), <game.Grid object at 0x117cd8bb0>), ((18, 3), <game.Grid object at 0x117cd8c20>)]",406,406,3412,38,20,58
3413,"((18, 2), <game.Grid object at 0x117cd8360>)","((18, 3), <game.Grid object at 0x117c57690>)",South,"[((18, 3), <game.Grid object at 0x117cd8c90>), ((18, 1), <game.Grid object at 0x117cd8d00>)]",406,406,3413,40,18,58
3414,"((18, 4), <game.Grid object at 0x117cd84b0>)","((18, 5), <game.Grid object at 0x117c577e0>)",South,"[((18, 5), <game.Grid object at 0x117cd8d70>), ((18, 3), <game.Grid object at 0x117cd8de0>)]",406,406,3414,38,20,58
3415,"((16, 4), <game.Grid object at 0x117cd8590>)","((16, 3), <game.Grid object at 0x117c578c0>)",North,"[((16, 5), <game.Grid object at 0x117cd8e50>), ((16, 3), <game.Grid object at 0x117cd8ec0>)]",406,406,3415,34,24,58
3416,"((18, 5), <game.Grid object at 0x117cd8670>)","((17, 5), <game.Grid object at 0x117c57a10>)",East,"[((18, 4), <game.Grid object at 0x117cd8f30>), ((17, 5), <game.Grid object at 0x117cd8fa0>)]",406,406,3416,37,21,58
3417,"((18, 5), <game.Grid object at 0x117cd8750>)","((17, 5), <game.Grid object at 0x117c57af0>)",East,"[((18, 4), <game.Grid object at 0x117cd9010>), ((17, 5), <game.Grid object at 0x117cd9080>)]",406,406,3417,37,21,58
3418,"((18, 5), <game.Grid object at 0x117cd8830>)","((17, 5), <game.Grid object at 0x117c57bd0>)",East,"[((18, 4), <game.Grid object at 0x117cd90f0>), ((17, 5), <game.Grid object at 0x117cd9160>)]",406,406,3418,37,21,58
3419,"((18, 5), <game.Grid object at 0x117cd8910>)","((17, 5), <game.Grid object at 0x117c57cb0>)",East,"[((18, 4), <game.Grid object at 0x117cd91d0>), ((17, 5), <game.Grid object at 0x117cd9240>)]",406,406,3419,37,21,58
3420,"((18, 5), <game.Grid object at 0x117cd89f0>)","((17, 5), <game.Grid object at 0x117c57d90>)",East,"[((18, 4), <game.Grid object at 0x117cd92b0>), ((17, 5), <game.Grid object at 0x117cd9320>)]",406,406,3420,37,21,58
3421,"((18, 3), <game.Grid object at 0x117cd8b40>)","((18, 4), <game.Grid object at 0x117cd8050>)",South,"[((18, 4), <game.Grid object at 0x117cd9390>), ((18, 2), <game.Grid object at 0x117cd9400>)]",406,406,3421,39,19,58
3422,"((18, 3), <game.Grid object at 0x117cd8c20>)","((18, 4), <game.Grid object at 0x117cd8210>)",South,"[((18, 4), <game.Grid object at 0x117cd9470>), ((18, 2), <game.Grid object at 0x117cd94e0>)]",406,406,3422,39,19,58
3423,"((18, 1), <game.Grid object at 0x117cd8d00>)","((18, 2), <game.Grid object at 0x117cd8360>)",South,"[((18, 2), <game.Grid object at 0x117cd9550>), ((17, 1), <game.Grid object at 0x117cd95c0>)]",406,406,3423,41,17,58
3424,"((18, 3), <game.Grid object at 0x117cd8de0>)","((18, 4), <game.Grid object at 0x117cd84b0>)",South,"[((18, 4), <game.Grid object at 0x117cd9630>), ((18, 2), <game.Grid object at 0x117cd96a0>)]",406,406,3424,39,19,58
3425,"((16, 5), <game.Grid object at 0x117cd8e50>)","((16, 4), <game.Grid object at 0x117cd8590>)",North,"[((16, 4), <game.Grid object at 0x117cd9710>), ((17, 5), <game.Grid object at 0x117cd9780>)]",406,406,3425,35,23,58
3426,"((18, 4), <game.Grid object at 0x117cd90f0>)","((18, 5), <game.Grid object at 0x117cd8830>)",South,"[((18, 5), <game.Grid object at 0x117cd97f0>), ((18, 3), <game.Grid object at 0x117cd9860>)]",406,406,3426,38,20,58
3427,"((18, 4), <game.Grid object at 0x117cd92b0>)","((18, 5), <game.Grid object at 0x117cd89f0>)",South,"[((18, 5), <game.Grid object at 0x117cd98d0>), ((18, 3), <game.Grid object at 0x117cd9940>)]",406,406,3427,38,20,58
3428,"((18, 2), <game.Grid object at 0x117cd94e0>)","((18, 3), <game.Grid object at 0x117cd8c20>)",South,"[((18, 3), <game.Grid object at 0x117cd99b0>), ((18, 1), <game.Grid object at 0x117cd9a20>)]",406,406,3428,40,18,58
3429,"((17, 1), <game.Grid object at 0x117cd95c0>)","((18, 1), <game.Grid object at 0x117cd8d00>)",West,"[((18, 1), <game.Grid object at 0x117cd9a90>), ((16, 1), <game.Grid object at 0x117cd9b00>)]",406,406,3429,42,16,58
3430,"((18, 2), <game.Grid object at 0x117cd96a0>)","((18, 3), <game.Grid object at 0x117cd8de0>)",South,"[((18, 3), <game.Grid object at 0x117cd9b70>), ((18, 1), <game.Grid object at 0x117cd9be0>)]",406,406,3430,40,18,58
3431,"((17, 5), <game.Grid object at 0x117cd9780>)","((16, 5), <game.Grid object at 0x117cd8e50>)",East,"[((18, 5), <game.Grid object at 0x117cd9c50>), ((16, 5), <game.Grid object at 0x117cd9cc0>)]",406,406,3431,36,22,58
3432,"((18, 3), <game.Grid object at 0x117cd9860>)","((18, 4), <game.Grid object at 0x117cd90f0>)",South,"[((18, 4), <game.Grid object at 0x117cd9d30>), ((18, 2), <game.Grid object at 0x117cd9da0>)]",406,406,3432,39,19,58
3433,"((18, 3), <game.Grid object at 0x117cd9940>)","((18, 4), <game.Grid object at 0x117cd92b0>)",South,"[((18, 4), <game.Grid object at 0x117cd9e10>), ((18, 2), <game.Grid object at 0x117cd9e80>)]",406,406,3433,39,19,58
3434,"((18, 1), <game.Grid object at 0x117cd9be0>)","((18, 2), <game.Grid object at 0x117cd96a0>)",South,"[((18, 2), <game.Grid object at 0x117cd9ef0>), ((17, 1), <game.Grid object at 0x117cd9f60>)]",406,406,3434,41,17,58
3435,"((18, 5), <game.Grid object at 0x117cd9c50>)","((17, 5), <game.Grid object at 0x117cd9780>)",East,"[((18, 4), <game.Grid object at 0x117cd9fd0>), ((17, 5), <game.Grid object at 0x117cda040>)]",406,406,3435,37,21,58
3436,"((18, 2), <game.Grid object at 0x117cd9e80>)","((18, 3), <game.Grid object at 0x117cd9940>)",South,"[((18, 3), <game.Grid object at 0x117cda0b0>), ((18, 1), <game.Grid object at 0x117cda120>)]",406,406,3436,40,18,58
3437,"((17, 1), <game.Grid object at 0x117cd9f60>)","((18, 1), <game.Grid object at 0x117cd9be0>)",West,"[((18, 1), <game.Grid object at 0x117cda190>), ((16, 1), <game.Grid object at 0x117cda200>)]",406,406,3437,42,16,58
3438,"((18, 1), <game.Grid object at 0x117cda120>)","((18, 2), <game.Grid object at 0x117cd9e80>)",South,"[((18, 2), <game.Grid object at 0x117cda270>), ((17, 1), <game.Grid object at 0x117cda2e0>)]",406,406,3438,41,17,58
3439,"((17, 1), <game.Grid object at 0x117cda2e0>)","((18, 1), <game.Grid object at 0x117cda120>)",West,"[((18, 1), <game.Grid object at 0x117cda350>), ((16, 1), <game.Grid object at 0x117cda3c0>)]",406,406,3439,42,16,58
3440,"((18, 1), <game.Grid object at 0x1177e6c10>)","((18, 2), <game.Grid object at 0x117271f60>)",South,"[((18, 2), <game.Grid object at 0x117cda430>), ((17, 1), <game.Grid object at 0x117cda4a0>)]",406,406,3440,35,24,59
3441,"((18, 1), <game.Grid object at 0x1177e6cf0>)","((18, 2), <game.Grid object at 0x117272040>)",South,"[((18, 2), <game.Grid object at 0x117cda510>), ((17, 1), <game.Grid object at 0x117cda580>)]",406,406,3441,35,24,59
3442,"((18, 1), <game.Grid object at 0x1177e6dd0>)","((18, 2), <game.Grid object at 0x117272120>)",South,"[((18, 2), <game.Grid object at 0x117cda5f0>), ((17, 1), <game.Grid object at 0x117cda660>)]",406,406,3442,35,24,59
3443,"((18, 1), <game.Grid object at 0x1177e6eb0>)","((18, 2), <game.Grid object at 0x117272200>)",South,"[((18, 2), <game.Grid object at 0x117cda6d0>), ((17, 1), <game.Grid object at 0x117cda740>)]",406,406,3443,35,24,59
3444,"((18, 1), <game.Grid object at 0x1177e6f90>)","((18, 2), <game.Grid object at 0x1172722e0>)",South,"[((18, 2), <game.Grid object at 0x117cda7b0>), ((17, 1), <game.Grid object at 0x117cda820>)]",406,406,3444,35,24,59
3445,"((18, 1), <game.Grid object at 0x1177e7070>)","((18, 2), <game.Grid object at 0x1172723c0>)",South,"[((18, 2), <game.Grid object at 0x117cda890>), ((17, 1), <game.Grid object at 0x117cda900>)]",406,406,3445,35,24,59
3446,"((18, 1), <game.Grid object at 0x1177e7150>)","((18, 2), <game.Grid object at 0x1172724a0>)",South,"[((18, 2), <game.Grid object at 0x117cda970>), ((17, 1), <game.Grid object at 0x117cda9e0>)]",406,406,3446,35,24,59
3447,"((15, 1), <game.Grid object at 0x1177e7230>)","((16, 1), <game.Grid object at 0x117272580>)",West,"[((16, 1), <game.Grid object at 0x117cdaa50>), ((14, 1), <game.Grid object at 0x117cdaac0>)]",406,406,3447,38,21,59
3448,"((18, 2), <game.Grid object at 0x1177e7310>)","((18, 3), <game.Grid object at 0x117272660>)",South,"[((18, 3), <game.Grid object at 0x117cdab30>), ((18, 1), <game.Grid object at 0x117cdaba0>)]",406,406,3448,36,23,59
3449,"((18, 2), <game.Grid object at 0x1177e73f0>)","((18, 3), <game.Grid object at 0x117272740>)",South,"[((18, 3), <game.Grid object at 0x117cdac10>), ((18, 1), <game.Grid object at 0x117cdac80>)]",406,406,3449,36,23,59
3450,"((18, 2), <game.Grid object at 0x1177e74d0>)","((18, 3), <game.Grid object at 0x117272820>)",South,"[((18, 3), <game.Grid object at 0x117cdacf0>), ((18, 1), <game.Grid object at 0x117cdad60>)]",406,406,3450,36,23,59
3451,"((18, 2), <game.Grid object at 0x1177e75b0>)","((18, 3), <game.Grid object at 0x117272900>)",South,"[((18, 3), <game.Grid object at 0x117cdadd0>), ((18, 1), <game.Grid object at 0x117cdae40>)]",406,406,3451,36,23,59
3452,"((18, 2), <game.Grid object at 0x1177e7690>)","((18, 3), <game.Grid object at 0x1172729e0>)",South,"[((18, 3), <game.Grid object at 0x117cdaeb0>), ((18, 1), <game.Grid object at 0x117cdaf20>)]",406,406,3452,36,23,59
3453,"((18, 2), <game.Grid object at 0x1177e7770>)","((18, 3), <game.Grid object at 0x117272ac0>)",South,"[((18, 3), <game.Grid object at 0x117cdaf90>), ((18, 1), <game.Grid object at 0x117cdb000>)]",406,406,3453,36,23,59
3454,"((18, 2), <game.Grid object at 0x1177e7850>)","((18, 3), <game.Grid object at 0x117272ba0>)",South,"[((18, 3), <game.Grid object at 0x117cdb070>), ((18, 1), <game.Grid object at 0x117cdb0e0>)]",406,406,3454,36,23,59
3455,"((18, 2), <game.Grid object at 0x1177e7930>)","((18, 3), <game.Grid object at 0x117272c80>)",South,"[((18, 3), <game.Grid object at 0x117cdb150>), ((18, 1), <game.Grid object at 0x117cdb1c0>)]",406,406,3455,36,23,59
3456,"((16, 1), <game.Grid object at 0x1177e7a10>)","((17, 1), <game.Grid object at 0x117272d60>)",West,"[((17, 1), <game.Grid object at 0x117cdb230>), ((15, 1), <game.Grid object at 0x117cdb2a0>)]",406,406,3456,39,20,59
3457,"((18, 2), <game.Grid object at 0x1177e7af0>)","((18, 3), <game.Grid object at 0x117272e40>)",South,"[((18, 3), <game.Grid object at 0x117cdb310>), ((18, 1), <game.Grid object at 0x117cdb380>)]",406,406,3457,36,23,59
3458,"((18, 2), <game.Grid object at 0x1177e7bd0>)","((18, 3), <game.Grid object at 0x117272f20>)",South,"[((18, 3), <game.Grid object at 0x117cdb3f0>), ((18, 1), <game.Grid object at 0x117cdb460>)]",406,406,3458,36,23,59
3459,"((16, 1), <game.Grid object at 0x1177e7cb0>)","((17, 1), <game.Grid object at 0x117273000>)",West,"[((17, 1), <game.Grid object at 0x117cdb4d0>), ((15, 1), <game.Grid object at 0x117cdb540>)]",406,406,3459,39,20,59
3460,"((18, 2), <game.Grid object at 0x1177e7d90>)","((18, 3), <game.Grid object at 0x1172730e0>)",South,"[((18, 3), <game.Grid object at 0x117cdb5b0>), ((18, 1), <game.Grid object at 0x117cdb620>)]",406,406,3460,36,23,59
3461,"((18, 2), <game.Grid object at 0x1177e7e70>)","((18, 3), <game.Grid object at 0x1172731c0>)",South,"[((18, 3), <game.Grid object at 0x117cdb690>), ((18, 1), <game.Grid object at 0x117cdb700>)]",406,406,3461,36,23,59
3462,"((18, 2), <game.Grid object at 0x1177e7f50>)","((18, 3), <game.Grid object at 0x1172732a0>)",South,"[((18, 3), <game.Grid object at 0x117cdb770>), ((18, 1), <game.Grid object at 0x117cdb7e0>)]",406,406,3462,36,23,59
3463,"((16, 1), <game.Grid object at 0x11786c0c0>)","((17, 1), <game.Grid object at 0x117273380>)",West,"[((17, 1), <game.Grid object at 0x117cdb850>), ((15, 1), <game.Grid object at 0x117cdb8c0>)]",406,406,3463,39,20,59
3464,"((18, 3), <game.Grid object at 0x11786c1a0>)","((18, 4), <game.Grid object at 0x117760bb0>)",South,"[((18, 4), <game.Grid object at 0x117cdb930>), ((18, 2), <game.Grid object at 0x117cdb9a0>)]",406,406,3464,37,22,59
3465,"((18, 3), <game.Grid object at 0x11786c280>)","((18, 4), <game.Grid object at 0x117761470>)",South,"[((18, 4), <game.Grid object at 0x117cdba10>), ((18, 2), <game.Grid object at 0x117cdba80>)]",406,406,3465,37,22,59
3466,"((18, 3), <game.Grid object at 0x11786c360>)","((18, 4), <game.Grid object at 0x117763310>)",South,"[((18, 4), <game.Grid object at 0x117cdbaf0>), ((18, 2), <game.Grid object at 0x117cdbb60>)]",406,406,3466,37,22,59
3467,"((18, 3), <game.Grid object at 0x11786c440>)","((18, 4), <game.Grid object at 0x1177633f0>)",South,"[((18, 4), <game.Grid object at 0x117cdbbd0>), ((18, 2), <game.Grid object at 0x117cdbc40>)]",406,406,3467,37,22,59
3468,"((18, 3), <game.Grid object at 0x11786c520>)","((18, 4), <game.Grid object at 0x117763a10>)",South,"[((18, 4), <game.Grid object at 0x117cdbcb0>), ((18, 2), <game.Grid object at 0x117cdbd20>)]",406,406,3468,37,22,59
3469,"((18, 3), <game.Grid object at 0x11786c600>)","((18, 4), <game.Grid object at 0x117763e70>)",South,"[((18, 4), <game.Grid object at 0x117cdbd90>), ((18, 2), <game.Grid object at 0x117cdbe00>)]",406,406,3469,37,22,59
3470,"((17, 1), <game.Grid object at 0x11786c6e0>)","((18, 1), <game.Grid object at 0x1177e49f0>)",West,"[((18, 1), <game.Grid object at 0x117cdbe70>), ((16, 1), <game.Grid object at 0x117cdbee0>)]",406,406,3470,40,19,59
3471,"((18, 3), <game.Grid object at 0x11786c7c0>)","((18, 4), <game.Grid object at 0x1177e5240>)",South,"[((18, 4), <game.Grid object at 0x117cdbf50>), ((18, 2), <game.Grid object at 0x117d50050>)]",406,406,3471,37,22,59
3472,"((17, 1), <game.Grid object at 0x11786c8a0>)","((18, 1), <game.Grid object at 0x1177e5e10>)",West,"[((18, 1), <game.Grid object at 0x117d500c0>), ((16, 1), <game.Grid object at 0x117d50130>)]",406,406,3472,40,19,59
3473,"((17, 1), <game.Grid object at 0x11786c980>)","((18, 1), <game.Grid object at 0x1177e6510>)",West,"[((18, 1), <game.Grid object at 0x117d501a0>), ((16, 1), <game.Grid object at 0x117d50210>)]",406,406,3473,40,19,59
3474,"((15, 1), <game.Grid object at 0x11786ca60>)","((16, 1), <game.Grid object at 0x1177e67b0>)",West,"[((16, 1), <game.Grid object at 0x117d50280>), ((14, 1), <game.Grid object at 0x117d502f0>)]",406,406,3474,42,17,59
3475,"((18, 4), <game.Grid object at 0x117cd8130>)","((18, 5), <game.Grid object at 0x117c57460>)",South,"[((18, 5), <game.Grid object at 0x117d50360>), ((18, 3), <game.Grid object at 0x117d503d0>)]",406,406,3475,38,21,59
3476,"((18, 4), <game.Grid object at 0x117cd8f30>)","((18, 5), <game.Grid object at 0x117cd8670>)",South,"[((18, 5), <game.Grid object at 0x117d50440>), ((18, 3), <game.Grid object at 0x117d504b0>)]",406,406,3476,38,21,59
3477,"((18, 4), <game.Grid object at 0x117cd9010>)","((18, 5), <game.Grid object at 0x117cd8750>)",South,"[((18, 5), <game.Grid object at 0x117d50520>), ((18, 3), <game.Grid object at 0x117d50590>)]",406,406,3477,38,21,59
3478,"((18, 1), <game.Grid object at 0x117cd9a20>)","((18, 2), <game.Grid object at 0x117cd94e0>)",South,"[((18, 2), <game.Grid object at 0x117d50600>), ((17, 1), <game.Grid object at 0x117d50670>)]",406,406,3478,41,18,59
3479,"((16, 1), <game.Grid object at 0x117cd9b00>)","((17, 1), <game.Grid object at 0x117cd95c0>)",West,"[((17, 1), <game.Grid object at 0x117d506e0>), ((15, 1), <game.Grid object at 0x117d50750>)]",406,406,3479,43,16,59
3480,"((16, 1), <game.Grid object at 0x117cda3c0>)","((17, 1), <game.Grid object at 0x117cda2e0>)",West,"[((17, 1), <game.Grid object at 0x117d507c0>), ((15, 1), <game.Grid object at 0x117d50830>)]",406,406,3480,43,16,59
3481,"((1, 5), <game.Grid object at 0x11786cb40>)","((2, 5), <game.Grid object at 0x117273460>)",West,"[((1, 4), <game.Grid object at 0x117d508a0>), ((2, 5), <game.Grid object at 0x117d50910>)]",406,407,3481,18,42,60
3482,"((8, 1), <game.Grid object at 0x11786cc20>)","((9, 1), <game.Grid object at 0x117273540>)",West,"[((9, 1), <game.Grid object at 0x117d50980>), ((7, 1), <game.Grid object at 0x117d509f0>)]",407,407,3482,25,35,60
3483,"((2, 5), <game.Grid object at 0x11786cd00>)","((3, 5), <game.Grid object at 0x117273930>)",West,"[((3, 5), <game.Grid object at 0x117d50a60>), ((1, 5), <game.Grid object at 0x117d50ad0>)]",407,407,3483,19,41,60
3484,"((2, 5), <game.Grid object at 0x11786cde0>)","((3, 5), <game.Grid object at 0x117273a80>)",West,"[((3, 5), <game.Grid object at 0x117d50b40>), ((1, 5), <game.Grid object at 0x117d50bb0>)]",407,407,3484,19,41,60
3485,"((2, 5), <game.Grid object at 0x11786cec0>)","((3, 5), <game.Grid object at 0x117273bd0>)",West,"[((3, 5), <game.Grid object at 0x117d50c20>), ((1, 5), <game.Grid object at 0x117d50c90>)]",407,407,3485,19,41,60
3486,"((1, 4), <game.Grid object at 0x11786cf30>)","((1, 3), <game.Grid object at 0x117273cb0>)",North,"[((1, 5), <game.Grid object at 0x117d50d00>), ((1, 3), <game.Grid object at 0x117d50d70>)]",407,408,3486,19,41,60
3487,"((2, 5), <game.Grid object at 0x11786d080>)","((3, 5), <game.Grid object at 0x117273e00>)",West,"[((3, 5), <game.Grid object at 0x117d50de0>), ((1, 5), <game.Grid object at 0x117d50e50>)]",408,408,3487,19,41,60
3488,"((9, 1), <game.Grid object at 0x11786d160>)","((10, 1), <game.Grid object at 0x117273ee0>)",West,"[((10, 1), <game.Grid object at 0x117d50ec0>), ((8, 1), <game.Grid object at 0x117d50f30>)]",408,408,3488,26,34,60
3489,"((9, 1), <game.Grid object at 0x11786d240>)","((10, 1), <game.Grid object at 0x1172f4050>)",West,"[((10, 1), <game.Grid object at 0x117d50fa0>), ((8, 1), <game.Grid object at 0x117d51010>)]",408,408,3489,26,34,60
3490,"((3, 5), <game.Grid object at 0x11786d390>)","((4, 5), <game.Grid object at 0x1172f4130>)",West,"[((4, 5), <game.Grid object at 0x117d51080>), ((2, 5), <game.Grid object at 0x117d510f0>)]",408,408,3490,20,40,60
3491,"((3, 5), <game.Grid object at 0x11786d4e0>)","((4, 5), <game.Grid object at 0x1172f41a0>)",West,"[((4, 5), <game.Grid object at 0x117d51160>), ((2, 5), <game.Grid object at 0x117d511d0>)]",408,408,3491,20,40,60
3492,"((1, 3), <game.Grid object at 0x11786d5c0>)","((2, 3), <game.Grid object at 0x1172f42f0>)",West,"[((1, 4), <game.Grid object at 0x117d51240>), ((2, 3), <game.Grid object at 0x117d512b0>)]",408,408,3492,20,40,60
3493,"((1, 3), <game.Grid object at 0x11786d6a0>)","((2, 3), <game.Grid object at 0x1172f43d0>)",West,"[((1, 4), <game.Grid object at 0x117d51320>), ((2, 3), <game.Grid object at 0x117d51390>)]",408,408,3493,20,40,60
3494,"((1, 5), <game.Grid object at 0x11786d780>)","((2, 5), <game.Grid object at 0x1172f44b0>)",West,"[((1, 4), <game.Grid object at 0x117d51400>), ((2, 5), <game.Grid object at 0x117d51470>)]",408,409,3494,18,42,60
3495,"((3, 5), <game.Grid object at 0x11786d8d0>)","((4, 5), <game.Grid object at 0x1172f4590>)",West,"[((4, 5), <game.Grid object at 0x117d514e0>), ((2, 5), <game.Grid object at 0x117d51550>)]",409,409,3495,20,40,60
3496,"((3, 5), <game.Grid object at 0x11786da20>)","((4, 5), <game.Grid object at 0x1172f4600>)",West,"[((4, 5), <game.Grid object at 0x117d515c0>), ((2, 5), <game.Grid object at 0x117d51630>)]",409,409,3496,20,40,60
3497,"((1, 3), <game.Grid object at 0x11786db00>)","((2, 3), <game.Grid object at 0x1172f4750>)",West,"[((1, 4), <game.Grid object at 0x117d516a0>), ((2, 3), <game.Grid object at 0x117d51710>)]",409,409,3497,20,40,60
3498,"((10, 1), <game.Grid object at 0x11786dbe0>)","((11, 1), <game.Grid object at 0x1172f4830>)",West,"[((11, 1), <game.Grid object at 0x117d51780>), ((9, 1), <game.Grid object at 0x117d517f0>)]",409,409,3498,27,33,60
3499,"((10, 1), <game.Grid object at 0x11786dcc0>)","((11, 1), <game.Grid object at 0x1172f4910>)",West,"[((11, 1), <game.Grid object at 0x117d51860>), ((9, 1), <game.Grid object at 0x117d518d0>)]",409,409,3499,27,33,60
3500,"((10, 1), <game.Grid object at 0x11786dda0>)","((11, 1), <game.Grid object at 0x1172f49f0>)",West,"[((11, 1), <game.Grid object at 0x117d51940>), ((9, 1), <game.Grid object at 0x117d519b0>)]",409,409,3500,27,33,60
3501,"((2, 5), <game.Grid object at 0x11786de80>)","((3, 5), <game.Grid object at 0x1172f4b40>)",West,"[((3, 5), <game.Grid object at 0x117d51a20>), ((1, 5), <game.Grid object at 0x117d51a90>)]",409,409,3501,19,41,60
3502,"((2, 5), <game.Grid object at 0x11786df60>)","((3, 5), <game.Grid object at 0x1172f4c90>)",West,"[((3, 5), <game.Grid object at 0x117d51b00>), ((1, 5), <game.Grid object at 0x117d51b70>)]",409,409,3502,19,41,60
3503,"((3, 5), <game.Grid object at 0x11786e0b0>)","((4, 5), <game.Grid object at 0x1172f4d70>)",West,"[((4, 5), <game.Grid object at 0x117d51be0>), ((2, 5), <game.Grid object at 0x117d51c50>)]",409,409,3503,20,40,60
3504,"((2, 3), <game.Grid object at 0x11786e190>)","((3, 3), <game.Grid object at 0x1172f4ec0>)",West,"[((3, 3), <game.Grid object at 0x117d51cc0>), ((1, 3), <game.Grid object at 0x117d51d30>)]",409,409,3504,21,39,60
3505,"((4, 5), <game.Grid object at 0x11786e270>)","((5, 5), <game.Grid object at 0x1172f4fa0>)",West,"[((4, 4), <game.Grid object at 0x117d51da0>), ((5, 5), <game.Grid object at 0x117d51e10>), ((3, 5), <game.Grid object at 0x117d51e80>)]",409,409,3505,21,39,60
3506,"((4, 5), <game.Grid object at 0x11786e2e0>)","((4, 4), <game.Grid object at 0x1172f5010>)",North,"[((4, 4), <game.Grid object at 0x117d51ef0>), ((5, 5), <game.Grid object at 0x117d51f60>), ((3, 5), <game.Grid object at 0x117d51fd0>)]",409,410,3506,21,39,60
3507,"((2, 3), <game.Grid object at 0x11786e430>)","((3, 3), <game.Grid object at 0x1172f50f0>)",West,"[((3, 3), <game.Grid object at 0x117d52040>), ((1, 3), <game.Grid object at 0x117d520b0>)]",410,410,3507,21,39,60
3508,"((11, 1), <game.Grid object at 0x11786e510>)","((12, 1), <game.Grid object at 0x1172f51d0>)",West,"[((12, 1), <game.Grid object at 0x117d52120>), ((10, 1), <game.Grid object at 0x117d52190>)]",410,410,3508,28,32,60
3509,"((11, 1), <game.Grid object at 0x11786e5f0>)","((12, 1), <game.Grid object at 0x1172f52b0>)",West,"[((12, 1), <game.Grid object at 0x117d52200>), ((10, 1), <game.Grid object at 0x117d52270>)]",410,410,3509,28,32,60
3510,"((11, 1), <game.Grid object at 0x11786e6d0>)","((12, 1), <game.Grid object at 0x1172f5390>)",West,"[((12, 1), <game.Grid object at 0x117d522e0>), ((10, 1), <game.Grid object at 0x117d52350>)]",410,410,3510,28,32,60
3511,"((3, 5), <game.Grid object at 0x11786e820>)","((4, 5), <game.Grid object at 0x1172f5470>)",West,"[((4, 5), <game.Grid object at 0x117d523c0>), ((2, 5), <game.Grid object at 0x117d52430>)]",410,410,3511,20,40,60
3512,"((12, 1), <game.Grid object at 0x11786e900>)","((13, 1), <game.Grid object at 0x1172f5550>)",West,"[((13, 1), <game.Grid object at 0x117d524a0>), ((11, 1), <game.Grid object at 0x117d52510>)]",410,410,3512,29,31,60
3513,"((12, 1), <game.Grid object at 0x11786e9e0>)","((13, 1), <game.Grid object at 0x1172f5630>)",West,"[((13, 1), <game.Grid object at 0x117d52580>), ((11, 1), <game.Grid object at 0x117d525f0>)]",410,410,3513,29,31,60
3514,"((12, 1), <game.Grid object at 0x11786eac0>)","((13, 1), <game.Grid object at 0x1172f5710>)",West,"[((13, 1), <game.Grid object at 0x117d52660>), ((11, 1), <game.Grid object at 0x117d526d0>)]",410,410,3514,29,31,60
3515,"((4, 5), <game.Grid object at 0x11786ed60>)","((5, 5), <game.Grid object at 0x1172f59b0>)",West,"[((4, 4), <game.Grid object at 0x117d52740>), ((5, 5), <game.Grid object at 0x117d527b0>), ((3, 5), <game.Grid object at 0x117d52820>)]",410,411,3515,21,39,60
3516,"((1, 3), <game.Grid object at 0x11786ee40>)","((2, 3), <game.Grid object at 0x1172f5a90>)",West,"[((1, 4), <game.Grid object at 0x117d52890>), ((2, 3), <game.Grid object at 0x117d52900>)]",411,411,3516,20,40,60
3517,"((13, 1), <game.Grid object at 0x11786ef20>)","((14, 1), <game.Grid object at 0x1172f5b70>)",West,"[((14, 1), <game.Grid object at 0x117d52970>), ((12, 1), <game.Grid object at 0x117d529e0>)]",411,411,3517,30,30,60
3518,"((13, 1), <game.Grid object at 0x11786f000>)","((14, 1), <game.Grid object at 0x1172f5c50>)",West,"[((14, 1), <game.Grid object at 0x117d52a50>), ((12, 1), <game.Grid object at 0x117d52ac0>)]",411,411,3518,30,30,60
3519,"((13, 1), <game.Grid object at 0x11786f0e0>)","((14, 1), <game.Grid object at 0x1172f5d30>)",West,"[((14, 1), <game.Grid object at 0x117d52b30>), ((12, 1), <game.Grid object at 0x117d52ba0>)]",411,411,3519,30,30,60
3520,"((13, 1), <game.Grid object at 0x11786f1c0>)","((14, 1), <game.Grid object at 0x1172f5e10>)",West,"[((14, 1), <game.Grid object at 0x117d52c10>), ((12, 1), <game.Grid object at 0x117d52c80>)]",411,411,3520,30,30,60
3521,"((2, 3), <game.Grid object at 0x11786f2a0>)","((3, 3), <game.Grid object at 0x1172f5f60>)",West,"[((3, 3), <game.Grid object at 0x117d52cf0>), ((1, 3), <game.Grid object at 0x117d52d60>)]",411,411,3521,21,39,60
3522,"((14, 1), <game.Grid object at 0x11786f380>)","((15, 1), <game.Grid object at 0x1172f6120>)",West,"[((15, 1), <game.Grid object at 0x117d52dd0>), ((13, 1), <game.Grid object at 0x117d52e40>)]",411,411,3522,31,29,60
3523,"((14, 1), <game.Grid object at 0x11786f460>)","((15, 1), <game.Grid object at 0x1172f6200>)",West,"[((15, 1), <game.Grid object at 0x117d52eb0>), ((13, 1), <game.Grid object at 0x117d52f20>)]",411,411,3523,31,29,60
3524,"((14, 1), <game.Grid object at 0x11786f540>)","((15, 1), <game.Grid object at 0x1172f62e0>)",West,"[((15, 1), <game.Grid object at 0x117d52f90>), ((13, 1), <game.Grid object at 0x117d53000>)]",411,411,3524,31,29,60
3525,"((15, 1), <game.Grid object at 0x11786f8c0>)","((16, 1), <game.Grid object at 0x1172f6890>)",West,"[((16, 1), <game.Grid object at 0x117d53070>), ((14, 1), <game.Grid object at 0x117d530e0>)]",411,411,3525,32,28,60
3526,"((6, 5), <game.Grid object at 0x11786fa10>)","((7, 5), <game.Grid object at 0x1172f6970>)",West,"[((7, 5), <game.Grid object at 0x117d53150>), ((5, 5), <game.Grid object at 0x117d531c0>)]",411,411,3526,23,37,60
3527,"((15, 1), <game.Grid object at 0x11786faf0>)","((16, 1), <game.Grid object at 0x1172f6a50>)",West,"[((16, 1), <game.Grid object at 0x117d53230>), ((14, 1), <game.Grid object at 0x117d532a0>)]",411,411,3527,32,28,60
3528,"((15, 1), <game.Grid object at 0x11786fbd0>)","((16, 1), <game.Grid object at 0x1172f6b30>)",West,"[((16, 1), <game.Grid object at 0x117d53310>), ((14, 1), <game.Grid object at 0x117d53380>)]",411,411,3528,32,28,60
3529,"((15, 1), <game.Grid object at 0x11786fcb0>)","((16, 1), <game.Grid object at 0x1172f6c10>)",West,"[((16, 1), <game.Grid object at 0x117d533f0>), ((14, 1), <game.Grid object at 0x117d53460>)]",411,411,3529,32,28,60
3530,"((15, 1), <game.Grid object at 0x11786fd90>)","((16, 1), <game.Grid object at 0x1172f6cf0>)",West,"[((16, 1), <game.Grid object at 0x117d534d0>), ((14, 1), <game.Grid object at 0x117d53540>)]",411,411,3530,32,28,60
3531,"((2, 5), <game.Grid object at 0x11786fe70>)","((3, 5), <game.Grid object at 0x1172f6e40>)",West,"[((3, 5), <game.Grid object at 0x117d535b0>), ((1, 5), <game.Grid object at 0x117d53620>)]",411,411,3531,19,41,60
3532,"((3, 5), <game.Grid object at 0x1178e8130>)","((4, 5), <game.Grid object at 0x1172f6f90>)",West,"[((4, 5), <game.Grid object at 0x117d53690>), ((2, 5), <game.Grid object at 0x117d53700>)]",411,411,3532,20,40,60
3533,"((1, 3), <game.Grid object at 0x1178e8210>)","((2, 3), <game.Grid object at 0x1172f70e0>)",West,"[((1, 4), <game.Grid object at 0x117d53770>), ((2, 3), <game.Grid object at 0x117d537e0>)]",411,411,3533,20,40,60
3534,"((2, 5), <game.Grid object at 0x1178e82f0>)","((3, 5), <game.Grid object at 0x1172f7230>)",West,"[((3, 5), <game.Grid object at 0x117d53850>), ((1, 5), <game.Grid object at 0x117d538c0>)]",411,411,3534,19,41,60
3535,"((9, 5), <game.Grid object at 0x1178e8440>)","((10, 5), <game.Grid object at 0x1172f7380>)",West,"[((10, 5), <game.Grid object at 0x117d53930>), ((8, 5), <game.Grid object at 0x117d539a0>)]",411,411,3535,26,34,60
3536,"((7, 5), <game.Grid object at 0x1178e8520>)","((8, 5), <game.Grid object at 0x1172f75b0>)",West,"[((7, 4), <game.Grid object at 0x117d53a10>), ((8, 5), <game.Grid object at 0x117d53a80>), ((6, 5), <game.Grid object at 0x117d53af0>)]",411,412,3536,24,36,60
3537,"((3, 5), <game.Grid object at 0x1178e8670>)","((4, 5), <game.Grid object at 0x1172f7620>)",West,"[((4, 5), <game.Grid object at 0x117d53b60>), ((2, 5), <game.Grid object at 0x117d53bd0>)]",412,412,3537,20,40,60
3538,"((1, 3), <game.Grid object at 0x1178e8750>)","((2, 3), <game.Grid object at 0x1172f7770>)",West,"[((1, 4), <game.Grid object at 0x117d53c40>), ((2, 3), <game.Grid object at 0x117d53cb0>)]",412,412,3538,20,40,60
3539,"((3, 5), <game.Grid object at 0x1178e88a0>)","((4, 5), <game.Grid object at 0x1172f77e0>)",West,"[((4, 5), <game.Grid object at 0x117d53d20>), ((2, 5), <game.Grid object at 0x117d53d90>)]",412,412,3539,20,40,60
3540,"((1, 3), <game.Grid object at 0x1178e8980>)","((2, 3), <game.Grid object at 0x1172f7930>)",West,"[((1, 4), <game.Grid object at 0x117d53e00>), ((2, 3), <game.Grid object at 0x117d53e70>)]",412,412,3540,20,40,60
3541,"((9, 5), <game.Grid object at 0x1178e8bb0>)","((10, 5), <game.Grid object at 0x1172f7bd0>)",West,"[((10, 5), <game.Grid object at 0x117d53ee0>), ((8, 5), <game.Grid object at 0x117d53f50>)]",412,412,3541,26,34,60
3542,"((9, 5), <game.Grid object at 0x1178e8d00>)","((10, 5), <game.Grid object at 0x1172f7e00>)",West,"[((10, 5), <game.Grid object at 0x117dd0050>), ((8, 5), <game.Grid object at 0x117dd00c0>)]",412,412,3542,26,34,60
3543,"((7, 5), <game.Grid object at 0x1178e8de0>)","((8, 5), <game.Grid object at 0x11736c050>)",West,"[((7, 4), <game.Grid object at 0x117dd0130>), ((8, 5), <game.Grid object at 0x117dd01a0>), ((6, 5), <game.Grid object at 0x117dd0210>)]",412,412,3543,24,36,60
3544,"((16, 1), <game.Grid object at 0x1178e8ec0>)","((17, 1), <game.Grid object at 0x11736c2f0>)",West,"[((17, 1), <game.Grid object at 0x117dd0280>), ((15, 1), <game.Grid object at 0x117dd02f0>)]",412,412,3544,33,27,60
3545,"((16, 1), <game.Grid object at 0x1178e8fa0>)","((17, 1), <game.Grid object at 0x11736c3d0>)",West,"[((17, 1), <game.Grid object at 0x117dd0360>), ((15, 1), <game.Grid object at 0x117dd03d0>)]",412,412,3545,33,27,60
3546,"((16, 1), <game.Grid object at 0x1178e9080>)","((17, 1), <game.Grid object at 0x11736c4b0>)",West,"[((17, 1), <game.Grid object at 0x117dd0440>), ((15, 1), <game.Grid object at 0x117dd04b0>)]",412,412,3546,33,27,60
3547,"((16, 1), <game.Grid object at 0x1178e9160>)","((17, 1), <game.Grid object at 0x11736c590>)",West,"[((17, 1), <game.Grid object at 0x117dd0520>), ((15, 1), <game.Grid object at 0x117dd0590>)]",412,412,3547,33,27,60
3548,"((16, 1), <game.Grid object at 0x1178e9240>)","((17, 1), <game.Grid object at 0x11736c670>)",West,"[((17, 1), <game.Grid object at 0x117dd0600>), ((15, 1), <game.Grid object at 0x117dd0670>)]",412,412,3548,33,27,60
3549,"((16, 1), <game.Grid object at 0x1178e9320>)","((17, 1), <game.Grid object at 0x11736c750>)",West,"[((17, 1), <game.Grid object at 0x117dd06e0>), ((15, 1), <game.Grid object at 0x117dd0750>)]",412,412,3549,33,27,60
3550,"((16, 1), <game.Grid object at 0x1178e9400>)","((17, 1), <game.Grid object at 0x11736c830>)",West,"[((17, 1), <game.Grid object at 0x117dd07c0>), ((15, 1), <game.Grid object at 0x117dd0830>)]",412,412,3550,33,27,60
3551,"((4, 5), <game.Grid object at 0x1178e9470>)","((4, 4), <game.Grid object at 0x11736c8a0>)",North,"[((4, 4), <game.Grid object at 0x117dd08a0>), ((5, 5), <game.Grid object at 0x117dd0910>), ((3, 5), <game.Grid object at 0x117dd0980>)]",412,413,3551,21,39,60
3552,"((2, 3), <game.Grid object at 0x1178e95c0>)","((3, 3), <game.Grid object at 0x11736c980>)",West,"[((3, 3), <game.Grid object at 0x117dd09f0>), ((1, 3), <game.Grid object at 0x117dd0a60>)]",413,413,3552,21,39,60
3553,"((4, 5), <game.Grid object at 0x1178e9630>)","((4, 4), <game.Grid object at 0x11736c9f0>)",North,"[((4, 4), <game.Grid object at 0x117dd0ad0>), ((5, 5), <game.Grid object at 0x117dd0b40>), ((3, 5), <game.Grid object at 0x117dd0bb0>)]",413,414,3553,21,39,60
3554,"((2, 3), <game.Grid object at 0x1178e9780>)","((3, 3), <game.Grid object at 0x11736cad0>)",West,"[((3, 3), <game.Grid object at 0x117dd0c20>), ((1, 3), <game.Grid object at 0x117dd0c90>)]",414,414,3554,21,39,60
3555,"((3, 5), <game.Grid object at 0x1178e98d0>)","((4, 5), <game.Grid object at 0x11736cbb0>)",West,"[((4, 5), <game.Grid object at 0x117dd0d00>), ((2, 5), <game.Grid object at 0x117dd0d70>)]",414,414,3555,20,40,60
3556,"((3, 5), <game.Grid object at 0x1178e9a20>)","((4, 5), <game.Grid object at 0x11736cc90>)",West,"[((4, 5), <game.Grid object at 0x117dd0de0>), ((2, 5), <game.Grid object at 0x117dd0e50>)]",414,414,3556,20,40,60
3557,"((1, 5), <game.Grid object at 0x1178e9a90>)","((1, 4), <game.Grid object at 0x11736cd00>)",North,"[((1, 4), <game.Grid object at 0x117dd0ec0>), ((2, 5), <game.Grid object at 0x117dd0f30>)]",414,414,3557,18,42,60
3558,"((8, 5), <game.Grid object at 0x1178e9da0>)","((9, 5), <game.Grid object at 0x11736d160>)",West,"[((9, 5), <game.Grid object at 0x117dd0fa0>), ((7, 5), <game.Grid object at 0x117dd1010>)]",414,414,3558,25,35,60
3559,"((4, 5), <game.Grid object at 0x1178e9e10>)","((4, 4), <game.Grid object at 0x11736d1d0>)",North,"[((4, 4), <game.Grid object at 0x117dd1080>), ((5, 5), <game.Grid object at 0x117dd10f0>), ((3, 5), <game.Grid object at 0x117dd1160>)]",414,415,3559,21,39,60
3560,"((2, 3), <game.Grid object at 0x1178e9f60>)","((3, 3), <game.Grid object at 0x11736d2b0>)",West,"[((3, 3), <game.Grid object at 0x117dd11d0>), ((1, 3), <game.Grid object at 0x117dd1240>)]",415,415,3560,21,39,60
3561,"((4, 5), <game.Grid object at 0x1178e9fd0>)","((4, 4), <game.Grid object at 0x11736d320>)",North,"[((4, 4), <game.Grid object at 0x117dd12b0>), ((5, 5), <game.Grid object at 0x117dd1320>), ((3, 5), <game.Grid object at 0x117dd1390>)]",415,416,3561,21,39,60
3562,"((2, 3), <game.Grid object at 0x1178ea120>)","((3, 3), <game.Grid object at 0x11736d400>)",West,"[((3, 3), <game.Grid object at 0x117dd1400>), ((1, 3), <game.Grid object at 0x117dd1470>)]",416,416,3562,21,39,60
3563,"((9, 5), <game.Grid object at 0x1178ea270>)","((10, 5), <game.Grid object at 0x11736d5c0>)",West,"[((10, 5), <game.Grid object at 0x117dd14e0>), ((8, 5), <game.Grid object at 0x117dd1550>)]",416,416,3563,26,34,60
3564,"((10, 5), <game.Grid object at 0x1178ea4a0>)","((10, 4), <game.Grid object at 0x11736d8d0>)",North,"[((10, 4), <game.Grid object at 0x117dd15c0>), ((11, 5), <game.Grid object at 0x117dd1630>), ((9, 5), <game.Grid object at 0x117dd16a0>)]",416,416,3564,27,33,60
3565,"((4, 5), <game.Grid object at 0x1178ea890>)","((5, 5), <game.Grid object at 0x11736dcc0>)",West,"[((4, 4), <game.Grid object at 0x117dd1710>), ((5, 5), <game.Grid object at 0x117dd1780>), ((3, 5), <game.Grid object at 0x117dd17f0>)]",416,416,3565,21,39,60
3566,"((17, 1), <game.Grid object at 0x1178ea970>)","((18, 1), <game.Grid object at 0x11736dda0>)",West,"[((18, 1), <game.Grid object at 0x117dd1860>), ((16, 1), <game.Grid object at 0x117dd18d0>)]",416,416,3566,34,26,60
3567,"((7, 5), <game.Grid object at 0x1178eaa50>)","((8, 5), <game.Grid object at 0x11736de80>)",West,"[((7, 4), <game.Grid object at 0x117dd1940>), ((8, 5), <game.Grid object at 0x117dd19b0>), ((6, 5), <game.Grid object at 0x117dd1a20>)]",416,416,3567,24,36,60
3568,"((17, 1), <game.Grid object at 0x1178eab30>)","((18, 1), <game.Grid object at 0x11736df60>)",West,"[((18, 1), <game.Grid object at 0x117dd1a90>), ((16, 1), <game.Grid object at 0x117dd1b00>)]",416,416,3568,34,26,60
3569,"((17, 1), <game.Grid object at 0x1178eac10>)","((18, 1), <game.Grid object at 0x11736e040>)",West,"[((18, 1), <game.Grid object at 0x117dd1b70>), ((16, 1), <game.Grid object at 0x117dd1be0>)]",416,416,3569,34,26,60
3570,"((17, 1), <game.Grid object at 0x1178eacf0>)","((18, 1), <game.Grid object at 0x11736e120>)",West,"[((18, 1), <game.Grid object at 0x117dd1c50>), ((16, 1), <game.Grid object at 0x117dd1cc0>)]",416,416,3570,34,26,60
3571,"((10, 5), <game.Grid object at 0x1178eadd0>)","((11, 5), <game.Grid object at 0x11736e270>)",West,"[((10, 4), <game.Grid object at 0x117dd1d30>), ((11, 5), <game.Grid object at 0x117dd1da0>), ((9, 5), <game.Grid object at 0x117dd1e10>)]",416,417,3571,27,33,60
3572,"((17, 1), <game.Grid object at 0x1178eaeb0>)","((18, 1), <game.Grid object at 0x11736e350>)",West,"[((18, 1), <game.Grid object at 0x117dd1e80>), ((16, 1), <game.Grid object at 0x117dd1ef0>)]",417,417,3572,34,26,60
3573,"((4, 4), <game.Grid object at 0x1178eaf20>)","((4, 3), <game.Grid object at 0x11736e430>)",North,"[((4, 5), <game.Grid object at 0x117dd1f60>), ((4, 3), <game.Grid object at 0x117dd1fd0>)]",417,418,3573,22,38,60
3574,"((3, 3), <game.Grid object at 0x1178eb000>)","((4, 3), <game.Grid object at 0x11736e430>)",West,"[((4, 3), <game.Grid object at 0x117dd2040>), ((2, 3), <game.Grid object at 0x117dd20b0>)]",418,418,3574,22,38,60
3575,"((9, 5), <game.Grid object at 0x1178eb150>)","((10, 5), <game.Grid object at 0x11736e510>)",West,"[((10, 5), <game.Grid object at 0x117dd2120>), ((8, 5), <game.Grid object at 0x117dd2190>)]",418,418,3575,26,34,60
3576,"((10, 4), <game.Grid object at 0x1178eb1c0>)","((10, 3), <game.Grid object at 0x11736e5f0>)",North,"[((10, 5), <game.Grid object at 0x117dd2200>), ((10, 3), <game.Grid object at 0x117dd2270>)]",418,418,3576,28,32,60
3577,"((9, 3), <game.Grid object at 0x1178eb2a0>)","((10, 3), <game.Grid object at 0x11736e5f0>)",West,"[((10, 3), <game.Grid object at 0x117dd22e0>), ((8, 3), <game.Grid object at 0x117dd2350>)]",418,418,3577,28,32,60
3578,"((3, 3), <game.Grid object at 0x1178eb3f0>)","((4, 3), <game.Grid object at 0x11736e6d0>)",West,"[((4, 3), <game.Grid object at 0x117dd23c0>), ((2, 3), <game.Grid object at 0x117dd2430>)]",418,418,3578,22,38,60
3579,"((9, 3), <game.Grid object at 0x1178eb620>)","((10, 3), <game.Grid object at 0x11736e890>)",West,"[((10, 3), <game.Grid object at 0x117dd24a0>), ((8, 3), <game.Grid object at 0x117dd2510>)]",418,418,3579,28,32,60
3580,"((2, 5), <game.Grid object at 0x1178eb700>)","((3, 5), <game.Grid object at 0x11736e9e0>)",West,"[((3, 5), <game.Grid object at 0x117dd2580>), ((1, 5), <game.Grid object at 0x117dd25f0>)]",418,417,3580,19,41,60
3581,"((11, 5), <game.Grid object at 0x1178eb930>)","((12, 5), <game.Grid object at 0x11736edd0>)",West,"[((12, 5), <game.Grid object at 0x117dd2660>), ((10, 5), <game.Grid object at 0x117dd26d0>)]",417,417,3581,28,32,60
3582,"((11, 5), <game.Grid object at 0x1178ebd20>)","((12, 5), <game.Grid object at 0x11736f380>)",West,"[((12, 5), <game.Grid object at 0x117dd2740>), ((10, 5), <game.Grid object at 0x117dd27b0>)]",417,417,3582,28,32,60
3583,"((3, 3), <game.Grid object at 0x1178ebe70>)","((4, 3), <game.Grid object at 0x11736f460>)",West,"[((4, 3), <game.Grid object at 0x117dd2820>), ((2, 3), <game.Grid object at 0x117dd2890>)]",417,417,3583,22,38,60
3584,"((18, 1), <game.Grid object at 0x1178ebf50>)","((18, 2), <game.Grid object at 0x11736f690>)",South,"[((18, 2), <game.Grid object at 0x117dd2900>), ((17, 1), <game.Grid object at 0x117dd2970>)]",417,417,3584,35,25,60
3585,"((18, 1), <game.Grid object at 0x1179600c0>)","((18, 2), <game.Grid object at 0x11736fa10>)",South,"[((18, 2), <game.Grid object at 0x117dd29e0>), ((17, 1), <game.Grid object at 0x117dd2a50>)]",417,417,3585,35,25,60
3586,"((11, 5), <game.Grid object at 0x117960210>)","((12, 5), <game.Grid object at 0x11736fb60>)",West,"[((12, 5), <game.Grid object at 0x117dd2ac0>), ((10, 5), <game.Grid object at 0x117dd2b30>)]",417,417,3586,28,32,60
3587,"((18, 1), <game.Grid object at 0x117960590>)","((18, 2), <game.Grid object at 0x1173e80c0>)",South,"[((18, 2), <game.Grid object at 0x117dd2ba0>), ((17, 1), <game.Grid object at 0x117dd2c10>)]",417,417,3587,35,25,60
3588,"((9, 5), <game.Grid object at 0x1179606e0>)","((10, 5), <game.Grid object at 0x1173e81a0>)",West,"[((10, 5), <game.Grid object at 0x117dd2c80>), ((8, 5), <game.Grid object at 0x117dd2cf0>)]",417,417,3588,26,34,60
3589,"((9, 5), <game.Grid object at 0x117960830>)","((10, 5), <game.Grid object at 0x1173e8280>)",West,"[((10, 5), <game.Grid object at 0x117dd2d60>), ((8, 5), <game.Grid object at 0x117dd2dd0>)]",417,417,3589,26,34,60
3590,"((9, 5), <game.Grid object at 0x117960980>)","((10, 5), <game.Grid object at 0x1173e8360>)",West,"[((10, 5), <game.Grid object at 0x117dd2e40>), ((8, 5), <game.Grid object at 0x117dd2eb0>)]",417,417,3590,26,34,60
3591,"((18, 1), <game.Grid object at 0x117960a60>)","((18, 2), <game.Grid object at 0x1173e8440>)",South,"[((18, 2), <game.Grid object at 0x117dd2f20>), ((17, 1), <game.Grid object at 0x117dd2f90>)]",417,417,3591,35,25,60
3592,"((10, 5), <game.Grid object at 0x117960b40>)","((11, 5), <game.Grid object at 0x1173e8590>)",West,"[((10, 4), <game.Grid object at 0x117dd3000>), ((11, 5), <game.Grid object at 0x117dd3070>), ((9, 5), <game.Grid object at 0x117dd30e0>)]",417,417,3592,27,33,60
3593,"((10, 5), <game.Grid object at 0x117960c20>)","((11, 5), <game.Grid object at 0x1173e86e0>)",West,"[((10, 4), <game.Grid object at 0x117dd3150>), ((11, 5), <game.Grid object at 0x117dd31c0>), ((9, 5), <game.Grid object at 0x117dd3230>)]",417,417,3593,27,33,60
3594,"((10, 5), <game.Grid object at 0x117960d00>)","((11, 5), <game.Grid object at 0x1173e8830>)",West,"[((10, 4), <game.Grid object at 0x117dd32a0>), ((11, 5), <game.Grid object at 0x117dd3310>), ((9, 5), <game.Grid object at 0x117dd3380>)]",417,417,3594,27,33,60
3595,"((11, 5), <game.Grid object at 0x117960e50>)","((12, 5), <game.Grid object at 0x1173e8980>)",West,"[((12, 5), <game.Grid object at 0x117dd33f0>), ((10, 5), <game.Grid object at 0x117dd3460>)]",417,417,3595,28,32,60
3596,"((11, 5), <game.Grid object at 0x117960fa0>)","((12, 5), <game.Grid object at 0x1173e8ad0>)",West,"[((12, 5), <game.Grid object at 0x117dd34d0>), ((10, 5), <game.Grid object at 0x117dd3540>)]",417,417,3596,28,32,60
3597,"((11, 5), <game.Grid object at 0x1179610f0>)","((12, 5), <game.Grid object at 0x1173e8c20>)",West,"[((12, 5), <game.Grid object at 0x117dd35b0>), ((10, 5), <game.Grid object at 0x117dd3620>)]",417,417,3597,28,32,60
3598,"((10, 4), <game.Grid object at 0x117961160>)","((10, 3), <game.Grid object at 0x1173e8d00>)",North,"[((10, 5), <game.Grid object at 0x117dd3690>), ((10, 3), <game.Grid object at 0x117dd3700>)]",417,416,3598,28,32,60
3599,"((9, 3), <game.Grid object at 0x117961240>)","((10, 3), <game.Grid object at 0x1173e8d00>)",West,"[((10, 3), <game.Grid object at 0x117dd3770>), ((8, 3), <game.Grid object at 0x117dd37e0>)]",416,416,3599,28,32,60
3600,"((11, 5), <game.Grid object at 0x117961390>)","((12, 5), <game.Grid object at 0x1173e8e50>)",West,"[((12, 5), <game.Grid object at 0x117dd3850>), ((10, 5), <game.Grid object at 0x117dd38c0>)]",416,416,3600,28,32,60
3601,"((11, 5), <game.Grid object at 0x1179614e0>)","((12, 5), <game.Grid object at 0x1173e8fa0>)",West,"[((12, 5), <game.Grid object at 0x117dd3930>), ((10, 5), <game.Grid object at 0x117dd39a0>)]",416,416,3601,28,32,60
3602,"((10, 4), <game.Grid object at 0x117961550>)","((10, 3), <game.Grid object at 0x1173e9080>)",North,"[((10, 5), <game.Grid object at 0x117dd3a10>), ((10, 3), <game.Grid object at 0x117dd3a80>)]",416,415,3602,28,32,60
3603,"((9, 3), <game.Grid object at 0x117961630>)","((10, 3), <game.Grid object at 0x1173e9080>)",West,"[((10, 3), <game.Grid object at 0x117dd3af0>), ((8, 3), <game.Grid object at 0x117dd3b60>)]",415,415,3603,28,32,60
3604,"((11, 5), <game.Grid object at 0x117961780>)","((12, 5), <game.Grid object at 0x1173e91d0>)",West,"[((12, 5), <game.Grid object at 0x117dd3bd0>), ((10, 5), <game.Grid object at 0x117dd3c40>)]",415,415,3604,28,32,60
3605,"((10, 4), <game.Grid object at 0x1179617f0>)","((10, 3), <game.Grid object at 0x1173e92b0>)",North,"[((10, 5), <game.Grid object at 0x117dd3cb0>), ((10, 3), <game.Grid object at 0x117dd3d20>)]",415,414,3605,28,32,60
3606,"((9, 3), <game.Grid object at 0x1179618d0>)","((10, 3), <game.Grid object at 0x1173e92b0>)",West,"[((10, 3), <game.Grid object at 0x117dd3d90>), ((8, 3), <game.Grid object at 0x117dd3e00>)]",414,414,3606,28,32,60
3607,"((18, 1), <game.Grid object at 0x1179619b0>)","((18, 2), <game.Grid object at 0x1173e9390>)",South,"[((18, 2), <game.Grid object at 0x117dd3e70>), ((17, 1), <game.Grid object at 0x117dd3ee0>)]",414,414,3607,35,25,60
3608,"((18, 1), <game.Grid object at 0x117961a90>)","((18, 2), <game.Grid object at 0x1173e9470>)",South,"[((18, 2), <game.Grid object at 0x117dd3f50>), ((17, 1), <game.Grid object at 0x117e58050>)]",414,414,3608,35,25,60
3609,"((18, 1), <game.Grid object at 0x117961b70>)","((18, 2), <game.Grid object at 0x1173e9550>)",South,"[((18, 2), <game.Grid object at 0x117e580c0>), ((17, 1), <game.Grid object at 0x117e58130>)]",414,414,3609,35,25,60
3610,"((16, 1), <game.Grid object at 0x117961c50>)","((17, 1), <game.Grid object at 0x1173e9630>)",West,"[((17, 1), <game.Grid object at 0x117e581a0>), ((15, 1), <game.Grid object at 0x117e58210>)]",414,414,3610,37,23,60
3611,"((16, 1), <game.Grid object at 0x117961d30>)","((17, 1), <game.Grid object at 0x1173e9710>)",West,"[((17, 1), <game.Grid object at 0x117e58280>), ((15, 1), <game.Grid object at 0x117e582f0>)]",414,414,3611,37,23,60
3612,"((16, 1), <game.Grid object at 0x117961e10>)","((17, 1), <game.Grid object at 0x1173e97f0>)",West,"[((17, 1), <game.Grid object at 0x117e58360>), ((15, 1), <game.Grid object at 0x117e583d0>)]",414,414,3612,37,23,60
3613,"((16, 1), <game.Grid object at 0x117961ef0>)","((17, 1), <game.Grid object at 0x1173e98d0>)",West,"[((17, 1), <game.Grid object at 0x117e58440>), ((15, 1), <game.Grid object at 0x117e584b0>)]",414,414,3613,37,23,60
3614,"((2, 5), <game.Grid object at 0x117961fd0>)","((3, 5), <game.Grid object at 0x1173e9a20>)",West,"[((3, 5), <game.Grid object at 0x117e58520>), ((1, 5), <game.Grid object at 0x117e58590>)]",414,414,3614,19,41,60
3615,"((1, 3), <game.Grid object at 0x1179620b0>)","((2, 3), <game.Grid object at 0x1173e9b00>)",West,"[((1, 4), <game.Grid object at 0x117e58600>), ((2, 3), <game.Grid object at 0x117e58670>)]",414,414,3615,20,40,60
3616,"((2, 5), <game.Grid object at 0x117962190>)","((3, 5), <game.Grid object at 0x1173e9c50>)",West,"[((3, 5), <game.Grid object at 0x117e586e0>), ((1, 5), <game.Grid object at 0x117e58750>)]",414,414,3616,19,41,60
3617,"((10, 3), <game.Grid object at 0x117962270>)","((11, 3), <game.Grid object at 0x1173e9e10>)",West,"[((10, 4), <game.Grid object at 0x117e587c0>), ((11, 3), <game.Grid object at 0x117e58830>), ((9, 3), <game.Grid object at 0x117e588a0>)]",414,414,3617,29,31,60
3618,"((10, 3), <game.Grid object at 0x117962350>)","((11, 3), <game.Grid object at 0x1173e9fd0>)",West,"[((10, 4), <game.Grid object at 0x117e58910>), ((11, 3), <game.Grid object at 0x117e58980>), ((9, 3), <game.Grid object at 0x117e589f0>)]",414,415,3618,29,31,60
3619,"((10, 3), <game.Grid object at 0x117962430>)","((11, 3), <game.Grid object at 0x1173ea0b0>)",West,"[((10, 4), <game.Grid object at 0x117e58a60>), ((11, 3), <game.Grid object at 0x117e58ad0>), ((9, 3), <game.Grid object at 0x117e58b40>)]",415,416,3619,29,31,60
3620,"((10, 5), <game.Grid object at 0x117962510>)","((11, 5), <game.Grid object at 0x1173ea430>)",West,"[((10, 4), <game.Grid object at 0x117e58bb0>), ((11, 5), <game.Grid object at 0x117e58c20>), ((9, 5), <game.Grid object at 0x117e58c90>)]",416,417,3620,27,33,60
3621,"((10, 5), <game.Grid object at 0x1179625f0>)","((11, 5), <game.Grid object at 0x1173ea510>)",West,"[((10, 4), <game.Grid object at 0x117e58d00>), ((11, 5), <game.Grid object at 0x117e58d70>), ((9, 5), <game.Grid object at 0x117e58de0>)]",417,418,3621,27,33,60
3622,"((10, 5), <game.Grid object at 0x1179626d0>)","((11, 5), <game.Grid object at 0x1173ea5f0>)",West,"[((10, 4), <game.Grid object at 0x117e58e50>), ((11, 5), <game.Grid object at 0x117e58ec0>), ((9, 5), <game.Grid object at 0x117e58f30>)]",418,419,3622,27,33,60
3623,"((10, 3), <game.Grid object at 0x1179627b0>)","((11, 3), <game.Grid object at 0x1173ea6d0>)",West,"[((10, 4), <game.Grid object at 0x117e58fa0>), ((11, 3), <game.Grid object at 0x117e59010>), ((9, 3), <game.Grid object at 0x117e59080>)]",419,420,3623,29,31,60
3624,"((10, 3), <game.Grid object at 0x117962890>)","((11, 3), <game.Grid object at 0x1173ea7b0>)",West,"[((10, 4), <game.Grid object at 0x117e590f0>), ((11, 3), <game.Grid object at 0x117e59160>), ((9, 3), <game.Grid object at 0x117e591d0>)]",420,421,3624,29,31,60
3625,"((10, 3), <game.Grid object at 0x117962970>)","((11, 3), <game.Grid object at 0x1173ea890>)",West,"[((10, 4), <game.Grid object at 0x117e59240>), ((11, 3), <game.Grid object at 0x117e592b0>), ((9, 3), <game.Grid object at 0x117e59320>)]",421,422,3625,29,31,60
3626,"((10, 3), <game.Grid object at 0x117962a50>)","((11, 3), <game.Grid object at 0x1173ea970>)",West,"[((10, 4), <game.Grid object at 0x117e59390>), ((11, 3), <game.Grid object at 0x117e59400>), ((9, 3), <game.Grid object at 0x117e59470>)]",422,422,3626,29,31,60
3627,"((10, 3), <game.Grid object at 0x117962b30>)","((11, 3), <game.Grid object at 0x1173eaa50>)",West,"[((10, 4), <game.Grid object at 0x117e594e0>), ((11, 3), <game.Grid object at 0x117e59550>), ((9, 3), <game.Grid object at 0x117e595c0>)]",422,423,3627,29,31,60
3628,"((10, 3), <game.Grid object at 0x117962c10>)","((11, 3), <game.Grid object at 0x1173eab30>)",West,"[((10, 4), <game.Grid object at 0x117e59630>), ((11, 3), <game.Grid object at 0x117e596a0>), ((9, 3), <game.Grid object at 0x117e59710>)]",423,424,3628,29,31,60
3629,"((10, 3), <game.Grid object at 0x117962cf0>)","((11, 3), <game.Grid object at 0x1173eac10>)",West,"[((10, 4), <game.Grid object at 0x117e59780>), ((11, 3), <game.Grid object at 0x117e597f0>), ((9, 3), <game.Grid object at 0x117e59860>)]",424,424,3629,29,31,60
3630,"((10, 3), <game.Grid object at 0x117962dd0>)","((11, 3), <game.Grid object at 0x1173eacf0>)",West,"[((10, 4), <game.Grid object at 0x117e598d0>), ((11, 3), <game.Grid object at 0x117e59940>), ((9, 3), <game.Grid object at 0x117e599b0>)]",424,425,3630,29,31,60
3631,"((10, 3), <game.Grid object at 0x117962eb0>)","((11, 3), <game.Grid object at 0x1173eadd0>)",West,"[((10, 4), <game.Grid object at 0x117e59a20>), ((11, 3), <game.Grid object at 0x117e59a90>), ((9, 3), <game.Grid object at 0x117e59b00>)]",425,425,3631,29,31,60
3632,"((1, 3), <game.Grid object at 0x117962f90>)","((2, 3), <game.Grid object at 0x1173eaeb0>)",West,"[((1, 4), <game.Grid object at 0x117e59b70>), ((2, 3), <game.Grid object at 0x117e59be0>)]",425,425,3632,20,40,60
3633,"((1, 3), <game.Grid object at 0x117963070>)","((2, 3), <game.Grid object at 0x1173eaf90>)",West,"[((1, 4), <game.Grid object at 0x117e59c50>), ((2, 3), <game.Grid object at 0x117e59cc0>)]",425,425,3633,20,40,60
3634,"((4, 3), <game.Grid object at 0x117963150>)","((5, 3), <game.Grid object at 0x1173eb070>)",West,"[((4, 4), <game.Grid object at 0x117e59d30>), ((5, 3), <game.Grid object at 0x117e59da0>), ((3, 3), <game.Grid object at 0x117e59e10>)]",425,425,3634,23,37,60
3635,"((10, 3), <game.Grid object at 0x117963230>)","((11, 3), <game.Grid object at 0x1173eb310>)",West,"[((10, 4), <game.Grid object at 0x117e59e80>), ((11, 3), <game.Grid object at 0x117e59ef0>), ((9, 3), <game.Grid object at 0x117e59f60>)]",425,425,3635,29,31,60
3636,"((11, 5), <game.Grid object at 0x117963310>)","((12, 5), <game.Grid object at 0x1173eb460>)",West,"[((12, 5), <game.Grid object at 0x117e59fd0>), ((10, 5), <game.Grid object at 0x117e5a040>)]",425,425,3636,28,32,60
3637,"((11, 5), <game.Grid object at 0x1179633f0>)","((12, 5), <game.Grid object at 0x1173eb5b0>)",West,"[((12, 5), <game.Grid object at 0x117e5a0b0>), ((10, 5), <game.Grid object at 0x117e5a120>)]",425,425,3637,28,32,60
3638,"((11, 5), <game.Grid object at 0x1179634d0>)","((12, 5), <game.Grid object at 0x1173eb700>)",West,"[((12, 5), <game.Grid object at 0x117e5a190>), ((10, 5), <game.Grid object at 0x117e5a200>)]",425,425,3638,28,32,60
3639,"((10, 5), <game.Grid object at 0x1179635b0>)","((11, 5), <game.Grid object at 0x1173eb850>)",West,"[((10, 4), <game.Grid object at 0x117e5a270>), ((11, 5), <game.Grid object at 0x117e5a2e0>), ((9, 5), <game.Grid object at 0x117e5a350>)]",425,426,3639,27,33,60
3640,"((10, 5), <game.Grid object at 0x117963690>)","((11, 5), <game.Grid object at 0x1173eb9a0>)",West,"[((10, 4), <game.Grid object at 0x117e5a3c0>), ((11, 5), <game.Grid object at 0x117e5a430>), ((9, 5), <game.Grid object at 0x117e5a4a0>)]",426,426,3640,27,33,60
3641,"((10, 5), <game.Grid object at 0x117963770>)","((11, 5), <game.Grid object at 0x1173ebaf0>)",West,"[((10, 4), <game.Grid object at 0x117e5a510>), ((11, 5), <game.Grid object at 0x117e5a580>), ((9, 5), <game.Grid object at 0x117e5a5f0>)]",426,426,3641,27,33,60
3642,"((10, 5), <game.Grid object at 0x117963850>)","((11, 5), <game.Grid object at 0x1173ebc40>)",West,"[((10, 4), <game.Grid object at 0x117e5a660>), ((11, 5), <game.Grid object at 0x117e5a6d0>), ((9, 5), <game.Grid object at 0x117e5a740>)]",426,426,3642,27,33,60
3643,"((10, 3), <game.Grid object at 0x117963930>)","((11, 3), <game.Grid object at 0x1173ebd20>)",West,"[((10, 4), <game.Grid object at 0x117e5a7b0>), ((11, 3), <game.Grid object at 0x117e5a820>), ((9, 3), <game.Grid object at 0x117e5a890>)]",426,427,3643,29,31,60
3644,"((10, 3), <game.Grid object at 0x117963a10>)","((11, 3), <game.Grid object at 0x1173ebe00>)",West,"[((10, 4), <game.Grid object at 0x117e5a900>), ((11, 3), <game.Grid object at 0x117e5a970>), ((9, 3), <game.Grid object at 0x117e5a9e0>)]",427,428,3644,29,31,60
3645,"((10, 3), <game.Grid object at 0x117963af0>)","((11, 3), <game.Grid object at 0x1173ebee0>)",West,"[((10, 4), <game.Grid object at 0x117e5aa50>), ((11, 3), <game.Grid object at 0x117e5aac0>), ((9, 3), <game.Grid object at 0x117e5ab30>)]",428,429,3645,29,31,60
3646,"((3, 5), <game.Grid object at 0x117963c40>)","((4, 5), <game.Grid object at 0x11746c130>)",West,"[((4, 5), <game.Grid object at 0x117e5aba0>), ((2, 5), <game.Grid object at 0x117e5ac10>)]",429,429,3646,20,40,60
3647,"((9, 5), <game.Grid object at 0x117963ee0>)","((10, 5), <game.Grid object at 0x11746c2f0>)",West,"[((10, 5), <game.Grid object at 0x117e5ac80>), ((8, 5), <game.Grid object at 0x117e5acf0>)]",429,429,3647,26,34,60
3648,"((14, 5), <game.Grid object at 0x1179e4050>)","((13, 5), <game.Grid object at 0x11746c3d0>)",East,"[((13, 5), <game.Grid object at 0x117e5ad60>)]",429,428,3648,29,31,60
3649,"((12, 5), <game.Grid object at 0x1179e40c0>)","((13, 5), <game.Grid object at 0x11746c3d0>)",West,"[((13, 5), <game.Grid object at 0x117e5add0>), ((11, 5), <game.Grid object at 0x117e5ae40>)]",428,428,3649,29,31,60
3650,"((14, 5), <game.Grid object at 0x1179e41a0>)","((13, 5), <game.Grid object at 0x11746c4b0>)",East,"[((13, 5), <game.Grid object at 0x117e5aeb0>)]",428,427,3650,29,31,60
3651,"((12, 5), <game.Grid object at 0x1179e4210>)","((13, 5), <game.Grid object at 0x11746c4b0>)",West,"[((13, 5), <game.Grid object at 0x117e5af20>), ((11, 5), <game.Grid object at 0x117e5af90>)]",427,427,3651,29,31,60
3652,"((9, 5), <game.Grid object at 0x1179e4360>)","((10, 5), <game.Grid object at 0x11746c590>)",West,"[((10, 5), <game.Grid object at 0x117e5b000>), ((8, 5), <game.Grid object at 0x117e5b070>)]",427,427,3652,26,34,60
3653,"((14, 5), <game.Grid object at 0x1179e4440>)","((13, 5), <game.Grid object at 0x11746c670>)",East,"[((13, 5), <game.Grid object at 0x117e5b0e0>)]",427,426,3653,29,31,60
3654,"((12, 5), <game.Grid object at 0x1179e44b0>)","((13, 5), <game.Grid object at 0x11746c670>)",West,"[((13, 5), <game.Grid object at 0x117e5b150>), ((11, 5), <game.Grid object at 0x117e5b1c0>)]",426,426,3654,29,31,60
3655,"((14, 5), <game.Grid object at 0x1179e4590>)","((13, 5), <game.Grid object at 0x11746c750>)",East,"[((13, 5), <game.Grid object at 0x117e5b230>)]",426,425,3655,29,31,60
3656,"((12, 5), <game.Grid object at 0x1179e4600>)","((13, 5), <game.Grid object at 0x11746c750>)",West,"[((13, 5), <game.Grid object at 0x117e5b2a0>), ((11, 5), <game.Grid object at 0x117e5b310>)]",425,425,3656,29,31,60
3657,"((14, 5), <game.Grid object at 0x1179e46e0>)","((13, 5), <game.Grid object at 0x11746c830>)",East,"[((13, 5), <game.Grid object at 0x117e5b380>)]",425,424,3657,29,31,60
3658,"((12, 5), <game.Grid object at 0x1179e4750>)","((13, 5), <game.Grid object at 0x11746c830>)",West,"[((13, 5), <game.Grid object at 0x117e5b3f0>), ((11, 5), <game.Grid object at 0x117e5b460>)]",424,424,3658,29,31,60
3659,"((1, 3), <game.Grid object at 0x1179e4980>)","((2, 3), <game.Grid object at 0x11746ca60>)",West,"[((1, 4), <game.Grid object at 0x117e5b4d0>), ((2, 3), <game.Grid object at 0x117e5b540>)]",424,423,3659,20,40,60
3660,"((10, 3), <game.Grid object at 0x1179e4d00>)","((11, 3), <game.Grid object at 0x11746cd00>)",West,"[((10, 4), <game.Grid object at 0x117e5b5b0>), ((11, 3), <game.Grid object at 0x117e5b620>), ((9, 3), <game.Grid object at 0x117e5b690>)]",423,423,3660,29,31,60
3661,"((10, 3), <game.Grid object at 0x1179e4de0>)","((11, 3), <game.Grid object at 0x11746cde0>)",West,"[((10, 4), <game.Grid object at 0x117e5b700>), ((11, 3), <game.Grid object at 0x117e5b770>), ((9, 3), <game.Grid object at 0x117e5b7e0>)]",423,423,3661,29,31,60
3662,"((10, 3), <game.Grid object at 0x1179e4ec0>)","((11, 3), <game.Grid object at 0x11746cec0>)",West,"[((10, 4), <game.Grid object at 0x117e5b850>), ((11, 3), <game.Grid object at 0x117e5b8c0>), ((9, 3), <game.Grid object at 0x117e5b930>)]",423,423,3662,29,31,60
3663,"((10, 3), <game.Grid object at 0x1179e4fa0>)","((11, 3), <game.Grid object at 0x11746cfa0>)",West,"[((10, 4), <game.Grid object at 0x117e5b9a0>), ((11, 3), <game.Grid object at 0x117e5ba10>), ((9, 3), <game.Grid object at 0x117e5ba80>)]",423,423,3663,29,31,60
3664,"((10, 5), <game.Grid object at 0x1179e5080>)","((11, 5), <game.Grid object at 0x11746d0f0>)",West,"[((10, 4), <game.Grid object at 0x117e5baf0>), ((11, 5), <game.Grid object at 0x117e5bb60>), ((9, 5), <game.Grid object at 0x117e5bbd0>)]",423,424,3664,27,33,60
3665,"((10, 5), <game.Grid object at 0x1179e5160>)","((11, 5), <game.Grid object at 0x11746d240>)",West,"[((10, 4), <game.Grid object at 0x117e5bc40>), ((11, 5), <game.Grid object at 0x117e5bcb0>), ((9, 5), <game.Grid object at 0x117e5bd20>)]",424,425,3665,27,33,60
3666,"((10, 5), <game.Grid object at 0x1179e5240>)","((11, 5), <game.Grid object at 0x11746d390>)",West,"[((10, 4), <game.Grid object at 0x117e5bd90>), ((11, 5), <game.Grid object at 0x117e5be00>), ((9, 5), <game.Grid object at 0x117e5be70>)]",425,426,3666,27,33,60
3667,"((6, 5), <game.Grid object at 0x1179e5390>)","((7, 5), <game.Grid object at 0x11746d550>)",West,"[((7, 5), <game.Grid object at 0x117e5bee0>), ((5, 5), <game.Grid object at 0x117e5bf50>)]",426,426,3667,23,37,60
3668,"((14, 5), <game.Grid object at 0x1179e5470>)","((13, 5), <game.Grid object at 0x11746d630>)",East,"[((13, 5), <game.Grid object at 0x117ed0050>)]",426,425,3668,29,31,60
3669,"((12, 5), <game.Grid object at 0x1179e54e0>)","((13, 5), <game.Grid object at 0x11746d630>)",West,"[((13, 5), <game.Grid object at 0x117ed00c0>), ((11, 5), <game.Grid object at 0x117ed0130>)]",425,425,3669,29,31,60
3670,"((14, 5), <game.Grid object at 0x1179e55c0>)","((13, 5), <game.Grid object at 0x11746d710>)",East,"[((13, 5), <game.Grid object at 0x117ed01a0>)]",425,424,3670,29,31,60
3671,"((12, 5), <game.Grid object at 0x1179e5630>)","((13, 5), <game.Grid object at 0x11746d710>)",West,"[((13, 5), <game.Grid object at 0x117ed0210>), ((11, 5), <game.Grid object at 0x117ed0280>)]",424,424,3671,29,31,60
3672,"((4, 3), <game.Grid object at 0x1179e59b0>)","((5, 3), <game.Grid object at 0x11746da20>)",West,"[((4, 4), <game.Grid object at 0x117ed02f0>), ((5, 3), <game.Grid object at 0x117ed0360>), ((3, 3), <game.Grid object at 0x117ed03d0>)]",424,424,3672,23,37,60
3673,"((10, 3), <game.Grid object at 0x1179e5a90>)","((11, 3), <game.Grid object at 0x11746db00>)",West,"[((10, 4), <game.Grid object at 0x117ed0440>), ((11, 3), <game.Grid object at 0x117ed04b0>), ((9, 3), <game.Grid object at 0x117ed0520>)]",424,425,3673,29,31,60
3674,"((18, 2), <game.Grid object at 0x1179e5b70>)","((18, 3), <game.Grid object at 0x11746dbe0>)",South,"[((18, 3), <game.Grid object at 0x117ed0590>), ((18, 1), <game.Grid object at 0x117ed0600>)]",425,425,3674,36,24,60
3675,"((10, 3), <game.Grid object at 0x1179e5c50>)","((11, 3), <game.Grid object at 0x11746dcc0>)",West,"[((10, 4), <game.Grid object at 0x117ed0670>), ((11, 3), <game.Grid object at 0x117ed06e0>), ((9, 3), <game.Grid object at 0x117ed0750>)]",425,426,3675,29,31,60
3676,"((10, 3), <game.Grid object at 0x1179e5d30>)","((11, 3), <game.Grid object at 0x11746dda0>)",West,"[((10, 4), <game.Grid object at 0x117ed07c0>), ((11, 3), <game.Grid object at 0x117ed0830>), ((9, 3), <game.Grid object at 0x117ed08a0>)]",426,427,3676,29,31,60
3677,"((18, 2), <game.Grid object at 0x1179e5e10>)","((18, 3), <game.Grid object at 0x11746de80>)",South,"[((18, 3), <game.Grid object at 0x117ed0910>), ((18, 1), <game.Grid object at 0x117ed0980>)]",427,427,3677,36,24,60
3678,"((18, 2), <game.Grid object at 0x1179e5ef0>)","((18, 3), <game.Grid object at 0x11746df60>)",South,"[((18, 3), <game.Grid object at 0x117ed09f0>), ((18, 1), <game.Grid object at 0x117ed0a60>)]",427,427,3678,36,24,60
3679,"((10, 5), <game.Grid object at 0x1179e5fd0>)","((11, 5), <game.Grid object at 0x11746e0b0>)",West,"[((10, 4), <game.Grid object at 0x117ed0ad0>), ((11, 5), <game.Grid object at 0x117ed0b40>), ((9, 5), <game.Grid object at 0x117ed0bb0>)]",427,428,3679,27,33,60
3680,"((18, 2), <game.Grid object at 0x1179e60b0>)","((18, 3), <game.Grid object at 0x11746e190>)",South,"[((18, 3), <game.Grid object at 0x117ed0c20>), ((18, 1), <game.Grid object at 0x117ed0c90>)]",428,428,3680,36,24,60
3681,"((10, 5), <game.Grid object at 0x1179e6190>)","((11, 5), <game.Grid object at 0x11746e2e0>)",West,"[((10, 4), <game.Grid object at 0x117ed0d00>), ((11, 5), <game.Grid object at 0x117ed0d70>), ((9, 5), <game.Grid object at 0x117ed0de0>)]",428,429,3681,27,33,60
3682,"((17, 1), <game.Grid object at 0x1179e6270>)","((18, 1), <game.Grid object at 0x11746e3c0>)",West,"[((18, 1), <game.Grid object at 0x117ed0e50>), ((16, 1), <game.Grid object at 0x117ed0ec0>)]",429,429,3682,38,22,60
3683,"((17, 1), <game.Grid object at 0x1179e6350>)","((18, 1), <game.Grid object at 0x11746e4a0>)",West,"[((18, 1), <game.Grid object at 0x117ed0f30>), ((16, 1), <game.Grid object at 0x117ed0fa0>)]",429,429,3683,38,22,60
3684,"((17, 1), <game.Grid object at 0x1179e6430>)","((18, 1), <game.Grid object at 0x11746e580>)",West,"[((18, 1), <game.Grid object at 0x117ed1010>), ((16, 1), <game.Grid object at 0x117ed1080>)]",429,429,3684,38,22,60
3685,"((7, 3), <game.Grid object at 0x1179e6510>)","((8, 3), <game.Grid object at 0x11746e660>)",West,"[((7, 4), <game.Grid object at 0x117ed10f0>), ((8, 3), <game.Grid object at 0x117ed1160>), ((6, 3), <game.Grid object at 0x117ed11d0>)]",429,429,3685,26,34,60
3686,"((10, 3), <game.Grid object at 0x1179e65f0>)","((11, 3), <game.Grid object at 0x11746e740>)",West,"[((10, 4), <game.Grid object at 0x117ed1240>), ((11, 3), <game.Grid object at 0x117ed12b0>), ((9, 3), <game.Grid object at 0x117ed1320>)]",429,430,3686,29,31,60
3687,"((10, 3), <game.Grid object at 0x1179e66d0>)","((11, 3), <game.Grid object at 0x11746e820>)",West,"[((10, 4), <game.Grid object at 0x117ed1390>), ((11, 3), <game.Grid object at 0x117ed1400>), ((9, 3), <game.Grid object at 0x117ed1470>)]",430,431,3687,29,31,60
3688,"((18, 2), <game.Grid object at 0x1179e67b0>)","((18, 3), <game.Grid object at 0x11746e900>)",South,"[((18, 3), <game.Grid object at 0x117ed14e0>), ((18, 1), <game.Grid object at 0x117ed1550>)]",431,431,3688,36,24,60
3689,"((18, 2), <game.Grid object at 0x1179e6890>)","((18, 3), <game.Grid object at 0x11746e9e0>)",South,"[((18, 3), <game.Grid object at 0x117ed15c0>), ((18, 1), <game.Grid object at 0x117ed1630>)]",431,431,3689,36,24,60
3690,"((10, 5), <game.Grid object at 0x1179e6970>)","((11, 5), <game.Grid object at 0x11746eb30>)",West,"[((10, 4), <game.Grid object at 0x117ed16a0>), ((11, 5), <game.Grid object at 0x117ed1710>), ((9, 5), <game.Grid object at 0x117ed1780>)]",431,432,3690,27,33,60
3691,"((18, 2), <game.Grid object at 0x1179e6a50>)","((18, 3), <game.Grid object at 0x11746ec10>)",South,"[((18, 3), <game.Grid object at 0x117ed17f0>), ((18, 1), <game.Grid object at 0x117ed1860>)]",432,432,3691,36,24,60
3692,"((18, 2), <game.Grid object at 0x1179e6b30>)","((18, 3), <game.Grid object at 0x11746ecf0>)",South,"[((18, 3), <game.Grid object at 0x117ed18d0>), ((18, 1), <game.Grid object at 0x117ed1940>)]",432,432,3692,36,24,60
3693,"((18, 2), <game.Grid object at 0x1179e6c10>)","((18, 3), <game.Grid object at 0x11746edd0>)",South,"[((18, 3), <game.Grid object at 0x117ed19b0>), ((18, 1), <game.Grid object at 0x117ed1a20>)]",432,432,3693,36,24,60
3694,"((17, 1), <game.Grid object at 0x1179e6cf0>)","((18, 1), <game.Grid object at 0x11746eeb0>)",West,"[((18, 1), <game.Grid object at 0x117ed1a90>), ((16, 1), <game.Grid object at 0x117ed1b00>)]",432,432,3694,38,22,60
3695,"((11, 5), <game.Grid object at 0x1179e6e40>)","((12, 5), <game.Grid object at 0x11746f000>)",West,"[((12, 5), <game.Grid object at 0x117ed1b70>), ((10, 5), <game.Grid object at 0x117ed1be0>)]",432,432,3695,28,32,60
3696,"((17, 1), <game.Grid object at 0x1179e6f20>)","((18, 1), <game.Grid object at 0x11746f0e0>)",West,"[((18, 1), <game.Grid object at 0x117ed1c50>), ((16, 1), <game.Grid object at 0x117ed1cc0>)]",432,432,3696,38,22,60
3697,"((10, 3), <game.Grid object at 0x1179e7000>)","((11, 3), <game.Grid object at 0x11746f2a0>)",West,"[((10, 4), <game.Grid object at 0x117ed1d30>), ((11, 3), <game.Grid object at 0x117ed1da0>), ((9, 3), <game.Grid object at 0x117ed1e10>)]",432,433,3697,29,31,60
3698,"((18, 2), <game.Grid object at 0x1179e70e0>)","((18, 3), <game.Grid object at 0x11746f380>)",South,"[((18, 3), <game.Grid object at 0x117ed1e80>), ((18, 1), <game.Grid object at 0x117ed1ef0>)]",433,433,3698,36,24,60
3699,"((17, 1), <game.Grid object at 0x1179e71c0>)","((18, 1), <game.Grid object at 0x11746f460>)",West,"[((18, 1), <game.Grid object at 0x117ed1f60>), ((16, 1), <game.Grid object at 0x117ed1fd0>)]",433,433,3699,38,22,60
3700,"((18, 2), <game.Grid object at 0x1179e72a0>)","((18, 3), <game.Grid object at 0x11746f540>)",South,"[((18, 3), <game.Grid object at 0x117ed2040>), ((18, 1), <game.Grid object at 0x117ed20b0>)]",433,433,3700,36,24,60
3701,"((18, 2), <game.Grid object at 0x1179e7380>)","((18, 3), <game.Grid object at 0x11746f620>)",South,"[((18, 3), <game.Grid object at 0x117ed2120>), ((18, 1), <game.Grid object at 0x117ed2190>)]",433,433,3701,36,24,60
3702,"((17, 1), <game.Grid object at 0x1179e7460>)","((18, 1), <game.Grid object at 0x11746f700>)",West,"[((18, 1), <game.Grid object at 0x117ed2200>), ((16, 1), <game.Grid object at 0x117ed2270>)]",433,433,3702,38,22,60
3703,"((18, 2), <game.Grid object at 0x1179e7540>)","((18, 3), <game.Grid object at 0x11746f7e0>)",South,"[((18, 3), <game.Grid object at 0x117ed22e0>), ((18, 1), <game.Grid object at 0x117ed2350>)]",433,433,3703,36,24,60
3704,"((14, 1), <game.Grid object at 0x1179e7620>)","((15, 1), <game.Grid object at 0x11746f8c0>)",West,"[((15, 1), <game.Grid object at 0x117ed23c0>), ((13, 1), <game.Grid object at 0x117ed2430>)]",433,433,3704,41,19,60
3705,"((2, 3), <game.Grid object at 0x1179e7700>)","((3, 3), <game.Grid object at 0x11746ff50>)",West,"[((3, 3), <game.Grid object at 0x117ed24a0>), ((1, 3), <game.Grid object at 0x117ed2510>)]",433,433,3705,21,39,60
3706,"((2, 3), <game.Grid object at 0x1179e77e0>)","((3, 3), <game.Grid object at 0x1174f0130>)",West,"[((3, 3), <game.Grid object at 0x117ed2580>), ((1, 3), <game.Grid object at 0x117ed25f0>)]",433,433,3706,21,39,60
3707,"((3, 5), <game.Grid object at 0x1179e7930>)","((4, 5), <game.Grid object at 0x1174f01a0>)",West,"[((4, 5), <game.Grid object at 0x117ed2660>), ((2, 5), <game.Grid object at 0x117ed26d0>)]",433,433,3707,20,40,60
3708,"((3, 5), <game.Grid object at 0x1179e7a80>)","((4, 5), <game.Grid object at 0x1174f0280>)",West,"[((4, 5), <game.Grid object at 0x117ed2740>), ((2, 5), <game.Grid object at 0x117ed27b0>)]",433,433,3708,20,40,60
3709,"((2, 3), <game.Grid object at 0x1179e7b60>)","((3, 3), <game.Grid object at 0x1174f07c0>)",West,"[((3, 3), <game.Grid object at 0x117ed2820>), ((1, 3), <game.Grid object at 0x117ed2890>)]",433,433,3709,21,39,60
3710,"((2, 3), <game.Grid object at 0x1179e7c40>)","((3, 3), <game.Grid object at 0x1174f0910>)",West,"[((3, 3), <game.Grid object at 0x117ed2900>), ((1, 3), <game.Grid object at 0x117ed2970>)]",433,433,3710,21,39,60
3711,"((2, 3), <game.Grid object at 0x1179e7d20>)","((3, 3), <game.Grid object at 0x1174f0a60>)",West,"[((3, 3), <game.Grid object at 0x117ed29e0>), ((1, 3), <game.Grid object at 0x117ed2a50>)]",433,433,3711,21,39,60
3712,"((11, 5), <game.Grid object at 0x1179e7e00>)","((12, 5), <game.Grid object at 0x1174f0c90>)",West,"[((12, 5), <game.Grid object at 0x117ed2ac0>), ((10, 5), <game.Grid object at 0x117ed2b30>)]",433,433,3712,28,32,60
3713,"((11, 5), <game.Grid object at 0x1179e7ee0>)","((12, 5), <game.Grid object at 0x1174f1b00>)",West,"[((12, 5), <game.Grid object at 0x117ed2ba0>), ((10, 5), <game.Grid object at 0x117ed2c10>)]",433,433,3713,28,32,60
3714,"((11, 5), <game.Grid object at 0x117a5c050>)","((12, 5), <game.Grid object at 0x1174f1c50>)",West,"[((12, 5), <game.Grid object at 0x117ed2c80>), ((10, 5), <game.Grid object at 0x117ed2cf0>)]",433,433,3714,28,32,60
3715,"((11, 5), <game.Grid object at 0x117a5c130>)","((12, 5), <game.Grid object at 0x1174f1da0>)",West,"[((12, 5), <game.Grid object at 0x117ed2d60>), ((10, 5), <game.Grid object at 0x117ed2dd0>)]",433,433,3715,28,32,60
3716,"((11, 5), <game.Grid object at 0x117a5c210>)","((12, 5), <game.Grid object at 0x1174f1ef0>)",West,"[((12, 5), <game.Grid object at 0x117ed2e40>), ((10, 5), <game.Grid object at 0x117ed2eb0>)]",433,433,3716,28,32,60
3717,"((11, 3), <game.Grid object at 0x117a5c3d0>)","((12, 3), <game.Grid object at 0x1174f26d0>)",West,"[((12, 3), <game.Grid object at 0x117ed2f20>), ((10, 3), <game.Grid object at 0x117ed2f90>)]",433,433,3717,30,30,60
3718,"((11, 3), <game.Grid object at 0x117a5c4b0>)","((12, 3), <game.Grid object at 0x1174f2820>)",West,"[((12, 3), <game.Grid object at 0x117ed3000>), ((10, 3), <game.Grid object at 0x117ed3070>)]",433,433,3718,30,30,60
3719,"((11, 3), <game.Grid object at 0x117a5c670>)","((12, 3), <game.Grid object at 0x1174f2ac0>)",West,"[((12, 3), <game.Grid object at 0x117ed30e0>), ((10, 3), <game.Grid object at 0x117ed3150>)]",433,433,3719,30,30,60
3720,"((11, 3), <game.Grid object at 0x117a5c750>)","((12, 3), <game.Grid object at 0x1174f2c10>)",West,"[((12, 3), <game.Grid object at 0x117ed31c0>), ((10, 3), <game.Grid object at 0x117ed3230>)]",433,433,3720,30,30,60
3721,"((11, 3), <game.Grid object at 0x117a5c830>)","((12, 3), <game.Grid object at 0x1174f2d60>)",West,"[((12, 3), <game.Grid object at 0x117ed32a0>), ((10, 3), <game.Grid object at 0x117ed3310>)]",433,433,3721,30,30,60
3722,"((11, 5), <game.Grid object at 0x117a5c910>)","((12, 5), <game.Grid object at 0x1174f3460>)",West,"[((12, 5), <game.Grid object at 0x117ed3380>), ((10, 5), <game.Grid object at 0x117ed33f0>)]",433,433,3722,28,32,60
3723,"((11, 5), <game.Grid object at 0x117a5c9f0>)","((12, 5), <game.Grid object at 0x1174f35b0>)",West,"[((12, 5), <game.Grid object at 0x117ed3460>), ((10, 5), <game.Grid object at 0x117ed34d0>)]",433,433,3723,28,32,60
3724,"((11, 5), <game.Grid object at 0x117a5cad0>)","((12, 5), <game.Grid object at 0x1174f3700>)",West,"[((12, 5), <game.Grid object at 0x117ed3540>), ((10, 5), <game.Grid object at 0x117ed35b0>)]",433,433,3724,28,32,60
3725,"((11, 3), <game.Grid object at 0x117a5cbb0>)","((12, 3), <game.Grid object at 0x1174f3a80>)",West,"[((12, 3), <game.Grid object at 0x117ed3620>), ((10, 3), <game.Grid object at 0x117ed3690>)]",433,433,3725,30,30,60
3726,"((11, 3), <game.Grid object at 0x117a5cc90>)","((12, 3), <game.Grid object at 0x1174f3bd0>)",West,"[((12, 3), <game.Grid object at 0x117ed3700>), ((10, 3), <game.Grid object at 0x117ed3770>)]",433,433,3726,30,30,60
3727,"((11, 5), <game.Grid object at 0x117a5cd70>)","((12, 5), <game.Grid object at 0x117570210>)",West,"[((12, 5), <game.Grid object at 0x117ed37e0>), ((10, 5), <game.Grid object at 0x117ed3850>)]",433,433,3727,28,32,60
3728,"((11, 5), <game.Grid object at 0x117a5ce50>)","((12, 5), <game.Grid object at 0x117570360>)",West,"[((12, 5), <game.Grid object at 0x117ed38c0>), ((10, 5), <game.Grid object at 0x117ed3930>)]",433,433,3728,28,32,60
3729,"((11, 5), <game.Grid object at 0x117a5cf30>)","((12, 5), <game.Grid object at 0x1175704b0>)",West,"[((12, 5), <game.Grid object at 0x117ed39a0>), ((10, 5), <game.Grid object at 0x117ed3a10>)]",433,433,3729,28,32,60
3730,"((11, 3), <game.Grid object at 0x117a5d010>)","((12, 3), <game.Grid object at 0x117570600>)",West,"[((12, 3), <game.Grid object at 0x117ed3a80>), ((10, 3), <game.Grid object at 0x117ed3af0>)]",433,433,3730,30,30,60
3731,"((2, 3), <game.Grid object at 0x117a5d0f0>)","((3, 3), <game.Grid object at 0x117570d70>)",West,"[((3, 3), <game.Grid object at 0x117ed3b60>), ((1, 3), <game.Grid object at 0x117ed3bd0>)]",433,433,3731,21,39,60
3732,"((2, 3), <game.Grid object at 0x117a5d1d0>)","((3, 3), <game.Grid object at 0x117570ec0>)",West,"[((3, 3), <game.Grid object at 0x117ed3c40>), ((1, 3), <game.Grid object at 0x117ed3cb0>)]",433,433,3732,21,39,60
3733,"((12, 5), <game.Grid object at 0x117a5d400>)","((13, 5), <game.Grid object at 0x117571e80>)",West,"[((13, 5), <game.Grid object at 0x117ed3d20>), ((11, 5), <game.Grid object at 0x117ed3d90>)]",433,433,3733,29,31,60
3734,"((12, 5), <game.Grid object at 0x117a5d550>)","((13, 5), <game.Grid object at 0x117571f60>)",West,"[((13, 5), <game.Grid object at 0x117ed3e00>), ((11, 5), <game.Grid object at 0x117ed3e70>)]",433,433,3734,29,31,60
3735,"((12, 5), <game.Grid object at 0x117a5d6a0>)","((13, 5), <game.Grid object at 0x117572040>)",West,"[((13, 5), <game.Grid object at 0x117ed3ee0>), ((11, 5), <game.Grid object at 0x117ed3f50>)]",433,433,3735,29,31,60
3736,"((12, 5), <game.Grid object at 0x117a5d7f0>)","((13, 5), <game.Grid object at 0x117572120>)",West,"[((13, 5), <game.Grid object at 0x117f50050>), ((11, 5), <game.Grid object at 0x117f500c0>)]",433,433,3736,29,31,60
3737,"((12, 5), <game.Grid object at 0x117a5d940>)","((13, 5), <game.Grid object at 0x117572e40>)",West,"[((13, 5), <game.Grid object at 0x117f50130>), ((11, 5), <game.Grid object at 0x117f501a0>)]",433,433,3737,29,31,60
3738,"((12, 5), <game.Grid object at 0x117a5da90>)","((13, 5), <game.Grid object at 0x117572f20>)",West,"[((13, 5), <game.Grid object at 0x117f50210>), ((11, 5), <game.Grid object at 0x117f50280>)]",433,433,3738,29,31,60
3739,"((12, 5), <game.Grid object at 0x117a5dbe0>)","((13, 5), <game.Grid object at 0x117573000>)",West,"[((13, 5), <game.Grid object at 0x117f502f0>), ((11, 5), <game.Grid object at 0x117f50360>)]",433,433,3739,29,31,60
3740,"((12, 5), <game.Grid object at 0x117a5dd30>)","((13, 5), <game.Grid object at 0x1175732a0>)",West,"[((13, 5), <game.Grid object at 0x117f503d0>), ((11, 5), <game.Grid object at 0x117f50440>)]",433,433,3740,29,31,60
3741,"((12, 5), <game.Grid object at 0x117a5de80>)","((13, 5), <game.Grid object at 0x117573380>)",West,"[((13, 5), <game.Grid object at 0x117f504b0>), ((11, 5), <game.Grid object at 0x117f50520>)]",433,433,3741,29,31,60
3742,"((12, 5), <game.Grid object at 0x117a5dfd0>)","((13, 5), <game.Grid object at 0x117573460>)",West,"[((13, 5), <game.Grid object at 0x117f50590>), ((11, 5), <game.Grid object at 0x117f50600>)]",433,433,3742,29,31,60
3743,"((11, 3), <game.Grid object at 0x117a5e0b0>)","((12, 3), <game.Grid object at 0x1175e8360>)",West,"[((12, 3), <game.Grid object at 0x117f50670>), ((10, 3), <game.Grid object at 0x117f506e0>)]",433,433,3743,30,30,60
3744,"((11, 5), <game.Grid object at 0x117a5e200>)","((12, 5), <game.Grid object at 0x1175e8600>)",West,"[((12, 5), <game.Grid object at 0x117f50750>), ((10, 5), <game.Grid object at 0x117f507c0>)]",433,433,3744,28,32,60
3745,"((11, 5), <game.Grid object at 0x117a5e350>)","((12, 5), <game.Grid object at 0x1175e8750>)",West,"[((12, 5), <game.Grid object at 0x117f50830>), ((10, 5), <game.Grid object at 0x117f508a0>)]",433,433,3745,28,32,60
3746,"((11, 5), <game.Grid object at 0x117a5e4a0>)","((12, 5), <game.Grid object at 0x1175e89f0>)",West,"[((12, 5), <game.Grid object at 0x117f50910>), ((10, 5), <game.Grid object at 0x117f50980>)]",433,433,3746,28,32,60
3747,"((11, 5), <game.Grid object at 0x117a5e5f0>)","((12, 5), <game.Grid object at 0x1175e8b40>)",West,"[((12, 5), <game.Grid object at 0x117f509f0>), ((10, 5), <game.Grid object at 0x117f50a60>)]",433,433,3747,28,32,60
3748,"((11, 5), <game.Grid object at 0x117a5e740>)","((12, 5), <game.Grid object at 0x1175e8c90>)",West,"[((12, 5), <game.Grid object at 0x117f50ad0>), ((10, 5), <game.Grid object at 0x117f50b40>)]",433,433,3748,28,32,60
3749,"((11, 3), <game.Grid object at 0x117a5e820>)","((12, 3), <game.Grid object at 0x1175e9240>)",West,"[((12, 3), <game.Grid object at 0x117f50bb0>), ((10, 3), <game.Grid object at 0x117f50c20>)]",433,433,3749,30,30,60
3750,"((11, 3), <game.Grid object at 0x117a5e900>)","((12, 3), <game.Grid object at 0x1175e9390>)",West,"[((12, 3), <game.Grid object at 0x117f50c90>), ((10, 3), <game.Grid object at 0x117f50d00>)]",433,433,3750,30,30,60
3751,"((11, 3), <game.Grid object at 0x117a5e9e0>)","((12, 3), <game.Grid object at 0x1175e94e0>)",West,"[((12, 3), <game.Grid object at 0x117f50d70>), ((10, 3), <game.Grid object at 0x117f50de0>)]",433,433,3751,30,30,60
3752,"((11, 3), <game.Grid object at 0x117a5eac0>)","((12, 3), <game.Grid object at 0x1175e9630>)",West,"[((12, 3), <game.Grid object at 0x117f50e50>), ((10, 3), <game.Grid object at 0x117f50ec0>)]",433,433,3752,30,30,60
3753,"((11, 3), <game.Grid object at 0x117a5eba0>)","((12, 3), <game.Grid object at 0x1175ea190>)",West,"[((12, 3), <game.Grid object at 0x117f50f30>), ((10, 3), <game.Grid object at 0x117f50fa0>)]",433,433,3753,30,30,60
3754,"((11, 3), <game.Grid object at 0x117a5ec80>)","((12, 3), <game.Grid object at 0x1175ea2e0>)",West,"[((12, 3), <game.Grid object at 0x117f51010>), ((10, 3), <game.Grid object at 0x117f51080>)]",433,433,3754,30,30,60
3755,"((11, 3), <game.Grid object at 0x117a5ed60>)","((12, 3), <game.Grid object at 0x1175ea430>)",West,"[((12, 3), <game.Grid object at 0x117f510f0>), ((10, 3), <game.Grid object at 0x117f51160>)]",433,433,3755,30,30,60
3756,"((11, 3), <game.Grid object at 0x117a5ee40>)","((12, 3), <game.Grid object at 0x1175ea740>)",West,"[((12, 3), <game.Grid object at 0x117f511d0>), ((10, 3), <game.Grid object at 0x117f51240>)]",433,433,3756,30,30,60
3757,"((11, 3), <game.Grid object at 0x117a5ef20>)","((12, 3), <game.Grid object at 0x1175ea890>)",West,"[((12, 3), <game.Grid object at 0x117f512b0>), ((10, 3), <game.Grid object at 0x117f51320>)]",433,433,3757,30,30,60
3758,"((11, 3), <game.Grid object at 0x117a5f000>)","((12, 3), <game.Grid object at 0x1175ea9e0>)",West,"[((12, 3), <game.Grid object at 0x117f51390>), ((10, 3), <game.Grid object at 0x117f51400>)]",433,433,3758,30,30,60
3759,"((7, 5), <game.Grid object at 0x117a5f1c0>)","((7, 4), <game.Grid object at 0x1175eb070>)",North,"[((7, 4), <game.Grid object at 0x117f51470>), ((8, 5), <game.Grid object at 0x117f514e0>), ((6, 5), <game.Grid object at 0x117f51550>)]",433,433,3759,24,36,60
3760,"((7, 5), <game.Grid object at 0x117a5f2a0>)","((7, 4), <game.Grid object at 0x1175eb2a0>)",North,"[((7, 4), <game.Grid object at 0x117f515c0>), ((8, 5), <game.Grid object at 0x117f51630>), ((6, 5), <game.Grid object at 0x117f516a0>)]",433,433,3760,24,36,60
3761,"((4, 5), <game.Grid object at 0x117a5f380>)","((4, 4), <game.Grid object at 0x1175eb690>)",North,"[((4, 4), <game.Grid object at 0x117f51710>), ((5, 5), <game.Grid object at 0x117f51780>), ((3, 5), <game.Grid object at 0x117f517f0>)]",433,434,3761,21,39,60
3762,"((7, 5), <game.Grid object at 0x117a5f460>)","((7, 4), <game.Grid object at 0x1176683d0>)",North,"[((7, 4), <game.Grid object at 0x117f51860>), ((8, 5), <game.Grid object at 0x117f518d0>), ((6, 5), <game.Grid object at 0x117f51940>)]",434,434,3762,24,36,60
3763,"((13, 5), <game.Grid object at 0x117a5f540>)","((13, 4), <game.Grid object at 0x117668600>)",North,"[((13, 4), <game.Grid object at 0x117f519b0>), ((14, 5), <game.Grid object at 0x117f51a20>), ((12, 5), <game.Grid object at 0x117f51a90>)]",434,435,3763,30,30,60
3764,"((13, 5), <game.Grid object at 0x117a5f620>)","((13, 4), <game.Grid object at 0x117668910>)",North,"[((13, 4), <game.Grid object at 0x117f51b00>), ((14, 5), <game.Grid object at 0x117f51b70>), ((12, 5), <game.Grid object at 0x117f51be0>)]",435,436,3764,30,30,60
3765,"((7, 5), <game.Grid object at 0x117a5f700>)","((7, 4), <game.Grid object at 0x117668d00>)",North,"[((7, 4), <game.Grid object at 0x117f51c50>), ((8, 5), <game.Grid object at 0x117f51cc0>), ((6, 5), <game.Grid object at 0x117f51d30>)]",436,436,3765,24,36,60
3766,"((4, 5), <game.Grid object at 0x117a5f7e0>)","((4, 4), <game.Grid object at 0x117669710>)",North,"[((4, 4), <game.Grid object at 0x117f51da0>), ((5, 5), <game.Grid object at 0x117f51e10>), ((3, 5), <game.Grid object at 0x117f51e80>)]",436,437,3766,21,39,60
3767,"((2, 3), <game.Grid object at 0x117a5f930>)","((3, 3), <game.Grid object at 0x117669940>)",West,"[((3, 3), <game.Grid object at 0x117f51ef0>), ((1, 3), <game.Grid object at 0x117f51f60>)]",437,437,3767,21,39,60
3768,"((7, 5), <game.Grid object at 0x117a5f9a0>)","((7, 4), <game.Grid object at 0x117669b70>)",North,"[((7, 4), <game.Grid object at 0x117f51fd0>), ((8, 5), <game.Grid object at 0x117f52040>), ((6, 5), <game.Grid object at 0x117f520b0>)]",437,437,3768,24,36,60
3769,"((7, 5), <game.Grid object at 0x117a5fa80>)","((7, 4), <game.Grid object at 0x117669da0>)",North,"[((7, 4), <game.Grid object at 0x117f52120>), ((8, 5), <game.Grid object at 0x117f52190>), ((6, 5), <game.Grid object at 0x117f52200>)]",437,437,3769,24,36,60
3770,"((11, 3), <game.Grid object at 0x117a5fbd0>)","((12, 3), <game.Grid object at 0x11766a580>)",West,"[((12, 3), <game.Grid object at 0x117f52270>), ((10, 3), <game.Grid object at 0x117f522e0>)]",437,437,3770,30,30,60
3771,"((11, 3), <game.Grid object at 0x117a5fcb0>)","((12, 3), <game.Grid object at 0x11766a6d0>)",West,"[((12, 3), <game.Grid object at 0x117f52350>), ((10, 3), <game.Grid object at 0x117f523c0>)]",437,437,3771,30,30,60
3772,"((11, 3), <game.Grid object at 0x117a5fd90>)","((12, 3), <game.Grid object at 0x11766a900>)",West,"[((12, 3), <game.Grid object at 0x117f52430>), ((10, 3), <game.Grid object at 0x117f524a0>)]",437,437,3772,30,30,60
3773,"((11, 3), <game.Grid object at 0x117a5fe70>)","((12, 3), <game.Grid object at 0x11766aa50>)",West,"[((12, 3), <game.Grid object at 0x117f52510>), ((10, 3), <game.Grid object at 0x117f52580>)]",437,437,3773,30,30,60
3774,"((11, 3), <game.Grid object at 0x117a5ff50>)","((12, 3), <game.Grid object at 0x11766aba0>)",West,"[((12, 3), <game.Grid object at 0x117f525f0>), ((10, 3), <game.Grid object at 0x117f52660>)]",437,437,3774,30,30,60
3775,"((11, 5), <game.Grid object at 0x117adc130>)","((12, 5), <game.Grid object at 0x1176e47c0>)",West,"[((12, 5), <game.Grid object at 0x117f526d0>), ((10, 5), <game.Grid object at 0x117f52740>)]",437,437,3775,28,32,60
3776,"((11, 5), <game.Grid object at 0x117adc280>)","((12, 5), <game.Grid object at 0x1176e4ad0>)",West,"[((12, 5), <game.Grid object at 0x117f527b0>), ((10, 5), <game.Grid object at 0x117f52820>)]",437,437,3776,28,32,60
3777,"((11, 3), <game.Grid object at 0x117adc360>)","((12, 3), <game.Grid object at 0x1176e7d20>)",West,"[((12, 3), <game.Grid object at 0x117f52890>), ((10, 3), <game.Grid object at 0x117f52900>)]",437,437,3777,30,30,60
3778,"((11, 3), <game.Grid object at 0x117adc440>)","((12, 3), <game.Grid object at 0x1177600c0>)",West,"[((12, 3), <game.Grid object at 0x117f52970>), ((10, 3), <game.Grid object at 0x117f529e0>)]",437,437,3778,30,30,60
3779,"((18, 3), <game.Grid object at 0x117adc520>)","((18, 4), <game.Grid object at 0x117760830>)",South,"[((18, 4), <game.Grid object at 0x117f52a50>), ((18, 2), <game.Grid object at 0x117f52ac0>)]",437,437,3779,37,23,60
3780,"((18, 3), <game.Grid object at 0x117adc600>)","((18, 4), <game.Grid object at 0x117760910>)",South,"[((18, 4), <game.Grid object at 0x117f52b30>), ((18, 2), <game.Grid object at 0x117f52ba0>)]",437,437,3780,37,23,60
3781,"((18, 3), <game.Grid object at 0x117adc6e0>)","((18, 4), <game.Grid object at 0x117761010>)",South,"[((18, 4), <game.Grid object at 0x117f52c10>), ((18, 2), <game.Grid object at 0x117f52c80>)]",437,437,3781,37,23,60
3782,"((18, 3), <game.Grid object at 0x117adc7c0>)","((18, 4), <game.Grid object at 0x117762b30>)",South,"[((18, 4), <game.Grid object at 0x117f52cf0>), ((18, 2), <game.Grid object at 0x117f52d60>)]",437,437,3782,37,23,60
3783,"((18, 3), <game.Grid object at 0x117adc8a0>)","((18, 4), <game.Grid object at 0x117763230>)",South,"[((18, 4), <game.Grid object at 0x117f52dd0>), ((18, 2), <game.Grid object at 0x117f52e40>)]",437,437,3783,37,23,60
3784,"((18, 1), <game.Grid object at 0x117adc980>)","((18, 2), <game.Grid object at 0x1177637e0>)",South,"[((18, 2), <game.Grid object at 0x117f52eb0>), ((17, 1), <game.Grid object at 0x117f52f20>)]",437,437,3784,39,21,60
3785,"((18, 3), <game.Grid object at 0x117adca60>)","((18, 4), <game.Grid object at 0x117763930>)",South,"[((18, 4), <game.Grid object at 0x117f52f90>), ((18, 2), <game.Grid object at 0x117f53000>)]",437,437,3785,37,23,60
3786,"((18, 3), <game.Grid object at 0x117adcb40>)","((18, 4), <game.Grid object at 0x117763cb0>)",South,"[((18, 4), <game.Grid object at 0x117f53070>), ((18, 2), <game.Grid object at 0x117f530e0>)]",437,437,3786,37,23,60
3787,"((18, 3), <game.Grid object at 0x117adcc20>)","((18, 4), <game.Grid object at 0x1177e47c0>)",South,"[((18, 4), <game.Grid object at 0x117f53150>), ((18, 2), <game.Grid object at 0x117f531c0>)]",437,437,3787,37,23,60
3788,"((18, 3), <game.Grid object at 0x117adcd00>)","((18, 4), <game.Grid object at 0x1177e4d00>)",South,"[((18, 4), <game.Grid object at 0x117f53230>), ((18, 2), <game.Grid object at 0x117f532a0>)]",437,437,3788,37,23,60
3789,"((18, 3), <game.Grid object at 0x117adcde0>)","((18, 4), <game.Grid object at 0x1177e4ec0>)",South,"[((18, 4), <game.Grid object at 0x117f53310>), ((18, 2), <game.Grid object at 0x117f53380>)]",437,437,3789,37,23,60
3790,"((18, 3), <game.Grid object at 0x117adcec0>)","((18, 4), <game.Grid object at 0x1177e4fa0>)",South,"[((18, 4), <game.Grid object at 0x117f533f0>), ((18, 2), <game.Grid object at 0x117f53460>)]",437,437,3790,37,23,60
3791,"((18, 1), <game.Grid object at 0x117adcfa0>)","((18, 2), <game.Grid object at 0x1177e5470>)",South,"[((18, 2), <game.Grid object at 0x117f534d0>), ((17, 1), <game.Grid object at 0x117f53540>)]",437,437,3791,39,21,60
3792,"((18, 1), <game.Grid object at 0x117add080>)","((18, 2), <game.Grid object at 0x1177e5630>)",South,"[((18, 2), <game.Grid object at 0x117f535b0>), ((17, 1), <game.Grid object at 0x117f53620>)]",437,437,3792,39,21,60
3793,"((15, 1), <game.Grid object at 0x117add160>)","((16, 1), <game.Grid object at 0x1177e5d30>)",West,"[((16, 1), <game.Grid object at 0x117f53690>), ((14, 1), <game.Grid object at 0x117f53700>)]",437,437,3793,42,18,60
3794,"((18, 1), <game.Grid object at 0x117add240>)","((18, 2), <game.Grid object at 0x1177e60b0>)",South,"[((18, 2), <game.Grid object at 0x117f53770>), ((17, 1), <game.Grid object at 0x117f537e0>)]",437,437,3794,39,21,60
3795,"((18, 3), <game.Grid object at 0x117add320>)","((18, 4), <game.Grid object at 0x1177e62e0>)",South,"[((18, 4), <game.Grid object at 0x117f53850>), ((18, 2), <game.Grid object at 0x117f538c0>)]",437,437,3795,37,23,60
3796,"((15, 1), <game.Grid object at 0x117add400>)","((16, 1), <game.Grid object at 0x1177e6b30>)",West,"[((16, 1), <game.Grid object at 0x117f53930>), ((14, 1), <game.Grid object at 0x117f539a0>)]",437,437,3796,42,18,60
3797,"((3, 3), <game.Grid object at 0x117add710>)","((4, 3), <game.Grid object at 0x11786e350>)",West,"[((4, 3), <game.Grid object at 0x117f53a10>), ((2, 3), <game.Grid object at 0x117f53a80>)]",437,437,3797,22,38,60
3798,"((4, 5), <game.Grid object at 0x117add780>)","((4, 4), <game.Grid object at 0x11786e740>)",North,"[((4, 4), <game.Grid object at 0x117f53af0>), ((5, 5), <game.Grid object at 0x117f53b60>), ((3, 5), <game.Grid object at 0x117f53bd0>)]",437,438,3798,21,39,60
3799,"((3, 3), <game.Grid object at 0x117ade200>)","((4, 3), <game.Grid object at 0x1178e94e0>)",West,"[((4, 3), <game.Grid object at 0x117f53c40>), ((2, 3), <game.Grid object at 0x117f53cb0>)]",438,438,3799,22,38,60
3800,"((3, 3), <game.Grid object at 0x117ade350>)","((4, 3), <game.Grid object at 0x1178e96a0>)",West,"[((4, 3), <game.Grid object at 0x117f53d20>), ((2, 3), <game.Grid object at 0x117f53d90>)]",438,438,3800,22,38,60
3801,"((3, 3), <game.Grid object at 0x117ade580>)","((4, 3), <game.Grid object at 0x1178e9e80>)",West,"[((4, 3), <game.Grid object at 0x117f53e00>), ((2, 3), <game.Grid object at 0x117f53e70>)]",438,438,3801,22,38,60
3802,"((3, 3), <game.Grid object at 0x117ade6d0>)","((4, 3), <game.Grid object at 0x1178ea040>)",West,"[((4, 3), <game.Grid object at 0x117f53ee0>), ((2, 3), <game.Grid object at 0x117f53f50>)]",438,438,3802,22,38,60
3803,"((12, 5), <game.Grid object at 0x117adf7e0>)","((13, 5), <game.Grid object at 0x117a5e120>)",West,"[((13, 5), <game.Grid object at 0x117fcc050>), ((11, 5), <game.Grid object at 0x117fcc0c0>)]",438,438,3803,29,31,60
3804,"((12, 5), <game.Grid object at 0x117adf930>)","((13, 5), <game.Grid object at 0x117a5e270>)",West,"[((13, 5), <game.Grid object at 0x117fcc130>), ((11, 5), <game.Grid object at 0x117fcc1a0>)]",438,438,3804,29,31,60
3805,"((12, 5), <game.Grid object at 0x117adfa80>)","((13, 5), <game.Grid object at 0x117a5e3c0>)",West,"[((13, 5), <game.Grid object at 0x117fcc210>), ((11, 5), <game.Grid object at 0x117fcc280>)]",438,438,3805,29,31,60
3806,"((12, 5), <game.Grid object at 0x117adfbd0>)","((13, 5), <game.Grid object at 0x117a5e510>)",West,"[((13, 5), <game.Grid object at 0x117fcc2f0>), ((11, 5), <game.Grid object at 0x117fcc360>)]",438,438,3806,29,31,60
3807,"((12, 5), <game.Grid object at 0x117adfd20>)","((13, 5), <game.Grid object at 0x117a5e660>)",West,"[((13, 5), <game.Grid object at 0x117fcc3d0>), ((11, 5), <game.Grid object at 0x117fcc440>)]",438,438,3807,29,31,60
3808,"((12, 3), <game.Grid object at 0x117b58980>)","((13, 3), <game.Grid object at 0x117a5f5b0>)",West,"[((13, 3), <game.Grid object at 0x117fcc4b0>), ((11, 3), <game.Grid object at 0x117fcc520>)]",438,438,3808,31,29,60
3809,"((12, 3), <game.Grid object at 0x117b58ad0>)","((13, 3), <game.Grid object at 0x117a5f690>)",West,"[((13, 3), <game.Grid object at 0x117fcc590>), ((11, 3), <game.Grid object at 0x117fcc600>)]",438,438,3809,31,29,60
3810,"((12, 5), <game.Grid object at 0x117b59400>)","((13, 5), <game.Grid object at 0x117adc050>)",West,"[((13, 5), <game.Grid object at 0x117fcc670>), ((11, 5), <game.Grid object at 0x117fcc6e0>)]",438,438,3810,29,31,60
3811,"((12, 5), <game.Grid object at 0x117b59550>)","((13, 5), <game.Grid object at 0x117adc1a0>)",West,"[((13, 5), <game.Grid object at 0x117fcc750>), ((11, 5), <game.Grid object at 0x117fcc7c0>)]",438,438,3811,29,31,60
3812,"((3, 3), <game.Grid object at 0x117b59940>)","((4, 3), <game.Grid object at 0x117add7f0>)",West,"[((4, 3), <game.Grid object at 0x117fcc830>), ((2, 3), <game.Grid object at 0x117fcc8a0>)]",438,438,3812,22,38,60
3813,"((9, 3), <game.Grid object at 0x117b5a2e0>)","((10, 3), <game.Grid object at 0x117adeb30>)",West,"[((10, 3), <game.Grid object at 0x117fcc910>), ((8, 3), <game.Grid object at 0x117fcc980>)]",438,438,3813,28,32,60
3814,"((9, 3), <game.Grid object at 0x117b5a430>)","((10, 3), <game.Grid object at 0x117adec10>)",West,"[((10, 3), <game.Grid object at 0x117fcc9f0>), ((8, 3), <game.Grid object at 0x117fcca60>)]",438,438,3814,28,32,60
3815,"((9, 3), <game.Grid object at 0x117b5a580>)","((10, 3), <game.Grid object at 0x117adecf0>)",West,"[((10, 3), <game.Grid object at 0x117fccad0>), ((8, 3), <game.Grid object at 0x117fccb40>)]",438,438,3815,28,32,60
3816,"((13, 5), <game.Grid object at 0x117b5ac10>)","((13, 4), <game.Grid object at 0x117adf700>)",North,"[((13, 4), <game.Grid object at 0x117fccbb0>), ((14, 5), <game.Grid object at 0x117fccc20>), ((12, 5), <game.Grid object at 0x117fccc90>)]",438,438,3816,30,30,60
3817,"((13, 5), <game.Grid object at 0x117b5acf0>)","((13, 4), <game.Grid object at 0x117adf850>)",North,"[((13, 4), <game.Grid object at 0x117fccd00>), ((14, 5), <game.Grid object at 0x117fccd70>), ((12, 5), <game.Grid object at 0x117fccde0>)]",438,438,3817,30,30,60
3818,"((13, 5), <game.Grid object at 0x117b5add0>)","((13, 4), <game.Grid object at 0x117adf9a0>)",North,"[((13, 4), <game.Grid object at 0x117fcce50>), ((14, 5), <game.Grid object at 0x117fccec0>), ((12, 5), <game.Grid object at 0x117fccf30>)]",438,438,3818,30,30,60
3819,"((13, 5), <game.Grid object at 0x117b5aeb0>)","((13, 4), <game.Grid object at 0x117adfaf0>)",North,"[((13, 4), <game.Grid object at 0x117fccfa0>), ((14, 5), <game.Grid object at 0x117fcd010>), ((12, 5), <game.Grid object at 0x117fcd080>)]",438,438,3819,30,30,60
3820,"((13, 5), <game.Grid object at 0x117b5af90>)","((13, 4), <game.Grid object at 0x117adfc40>)",North,"[((13, 4), <game.Grid object at 0x117fcd0f0>), ((14, 5), <game.Grid object at 0x117fcd160>), ((12, 5), <game.Grid object at 0x117fcd1d0>)]",438,438,3820,30,30,60
3821,"((13, 5), <game.Grid object at 0x117b5ba10>)","((13, 4), <game.Grid object at 0x117b59320>)",North,"[((13, 4), <game.Grid object at 0x117fcd240>), ((14, 5), <game.Grid object at 0x117fcd2b0>), ((12, 5), <game.Grid object at 0x117fcd320>)]",438,438,3821,30,30,60
3822,"((13, 5), <game.Grid object at 0x117b5baf0>)","((13, 4), <game.Grid object at 0x117b59470>)",North,"[((13, 4), <game.Grid object at 0x117fcd390>), ((14, 5), <game.Grid object at 0x117fcd400>), ((12, 5), <game.Grid object at 0x117fcd470>)]",438,438,3822,30,30,60
3823,"((14, 5), <game.Grid object at 0x117bd4de0>)","((13, 5), <game.Grid object at 0x117b5a7b0>)",East,"[((13, 5), <game.Grid object at 0x117fcd4e0>)]",438,438,3823,29,31,60
3824,"((12, 5), <game.Grid object at 0x117bd4e50>)","((13, 5), <game.Grid object at 0x117b5a7b0>)",West,"[((13, 5), <game.Grid object at 0x117fcd550>), ((11, 5), <game.Grid object at 0x117fcd5c0>)]",438,438,3824,29,31,60
3825,"((14, 5), <game.Grid object at 0x117bd4f30>)","((13, 5), <game.Grid object at 0x117b5a890>)",East,"[((13, 5), <game.Grid object at 0x117fcd630>)]",438,438,3825,29,31,60
3826,"((12, 5), <game.Grid object at 0x117bd4fa0>)","((13, 5), <game.Grid object at 0x117b5a890>)",West,"[((13, 5), <game.Grid object at 0x117fcd6a0>), ((11, 5), <game.Grid object at 0x117fcd710>)]",438,438,3826,29,31,60
3827,"((12, 3), <game.Grid object at 0x117bd5780>)","((13, 3), <game.Grid object at 0x117b5ac80>)",West,"[((13, 3), <game.Grid object at 0x117fcd780>), ((11, 3), <game.Grid object at 0x117fcd7f0>)]",438,438,3827,31,29,60
3828,"((12, 3), <game.Grid object at 0x117bd58d0>)","((13, 3), <game.Grid object at 0x117b5ad60>)",West,"[((13, 3), <game.Grid object at 0x117fcd860>), ((11, 3), <game.Grid object at 0x117fcd8d0>)]",438,438,3828,31,29,60
3829,"((12, 3), <game.Grid object at 0x117bd5a20>)","((13, 3), <game.Grid object at 0x117b5ae40>)",West,"[((13, 3), <game.Grid object at 0x117fcd940>), ((11, 3), <game.Grid object at 0x117fcd9b0>)]",438,438,3829,31,29,60
3830,"((12, 3), <game.Grid object at 0x117bd5b70>)","((13, 3), <game.Grid object at 0x117b5af20>)",West,"[((13, 3), <game.Grid object at 0x117fcda20>), ((11, 3), <game.Grid object at 0x117fcda90>)]",438,438,3830,31,29,60
3831,"((12, 3), <game.Grid object at 0x117bd5cc0>)","((13, 3), <game.Grid object at 0x117b5b000>)",West,"[((13, 3), <game.Grid object at 0x117fcdb00>), ((11, 3), <game.Grid object at 0x117fcdb70>)]",438,438,3831,31,29,60
3832,"((12, 3), <game.Grid object at 0x117bd5fd0>)","((13, 3), <game.Grid object at 0x117b5ba80>)",West,"[((13, 3), <game.Grid object at 0x117fcdbe0>), ((11, 3), <game.Grid object at 0x117fcdc50>)]",438,438,3832,31,29,60
3833,"((12, 3), <game.Grid object at 0x117bd6120>)","((13, 3), <game.Grid object at 0x117b5bb60>)",West,"[((13, 3), <game.Grid object at 0x117fcdcc0>), ((11, 3), <game.Grid object at 0x117fcdd30>)]",438,438,3833,31,29,60
3834,"((7, 4), <game.Grid object at 0x117bd6190>)","((7, 3), <game.Grid object at 0x117bd40c0>)",North,"[((7, 5), <game.Grid object at 0x117fcdda0>), ((7, 3), <game.Grid object at 0x117fcde10>)]",438,439,3834,25,35,60
3835,"((12, 3), <game.Grid object at 0x117bd7a80>)","((13, 3), <game.Grid object at 0x117bd6a50>)",West,"[((13, 3), <game.Grid object at 0x117fcde80>), ((11, 3), <game.Grid object at 0x117fcdef0>)]",439,439,3835,31,29,60
3836,"((12, 3), <game.Grid object at 0x117bd7bd0>)","((13, 3), <game.Grid object at 0x117bd6b30>)",West,"[((13, 3), <game.Grid object at 0x117fcdf60>), ((11, 3), <game.Grid object at 0x117fcdfd0>)]",439,439,3836,31,29,60
3837,"((18, 4), <game.Grid object at 0x117c56900>)","((18, 5), <game.Grid object at 0x117c55b70>)",South,"[((18, 5), <game.Grid object at 0x117fce040>), ((18, 3), <game.Grid object at 0x117fce0b0>)]",439,439,3837,38,22,60
3838,"((18, 4), <game.Grid object at 0x117c57e00>)","((18, 5), <game.Grid object at 0x117c571c0>)",South,"[((18, 5), <game.Grid object at 0x117fce120>), ((18, 3), <game.Grid object at 0x117fce190>)]",439,439,3838,38,22,60
3839,"((18, 4), <game.Grid object at 0x117c57ee0>)","((18, 5), <game.Grid object at 0x117c572a0>)",South,"[((18, 5), <game.Grid object at 0x117fce200>), ((18, 3), <game.Grid object at 0x117fce270>)]",439,439,3839,38,22,60
3840,"((18, 4), <game.Grid object at 0x117cd83d0>)","((18, 5), <game.Grid object at 0x117c57700>)",South,"[((18, 5), <game.Grid object at 0x117fce2e0>), ((18, 3), <game.Grid object at 0x117fce350>)]",439,439,3840,38,22,60
3841,"((18, 4), <game.Grid object at 0x117cd91d0>)","((18, 5), <game.Grid object at 0x117cd8910>)",South,"[((18, 5), <game.Grid object at 0x117fce3c0>), ((18, 3), <game.Grid object at 0x117fce430>)]",439,439,3841,38,22,60
3842,"((18, 2), <game.Grid object at 0x117cd9400>)","((18, 3), <game.Grid object at 0x117cd8b40>)",South,"[((18, 3), <game.Grid object at 0x117fce4a0>), ((18, 1), <game.Grid object at 0x117fce510>)]",439,439,3842,40,20,60
3843,"((18, 2), <game.Grid object at 0x117cd9da0>)","((18, 3), <game.Grid object at 0x117cd9860>)",South,"[((18, 3), <game.Grid object at 0x117fce580>), ((18, 1), <game.Grid object at 0x117fce5f0>)]",439,439,3843,40,20,60
3844,"((18, 4), <game.Grid object at 0x117cd9fd0>)","((18, 5), <game.Grid object at 0x117cd9c50>)",South,"[((18, 5), <game.Grid object at 0x117fce660>), ((18, 3), <game.Grid object at 0x117fce6d0>)]",439,439,3844,38,22,60
3845,"((16, 1), <game.Grid object at 0x117cda200>)","((17, 1), <game.Grid object at 0x117cd9f60>)",West,"[((17, 1), <game.Grid object at 0x117fce740>), ((15, 1), <game.Grid object at 0x117fce7b0>)]",439,439,3845,43,17,60
3846,"((1, 4), <game.Grid object at 0x117d508a0>)","((1, 5), <game.Grid object at 0x11786cb40>)",South,"[((1, 5), <game.Grid object at 0x117fce820>), ((1, 3), <game.Grid object at 0x117fce890>)]",439,440,3846,19,41,60
3847,"((2, 5), <game.Grid object at 0x117d50910>)","((1, 5), <game.Grid object at 0x11786cb40>)",East,"[((3, 5), <game.Grid object at 0x117fce900>), ((1, 5), <game.Grid object at 0x117fce970>)]",440,440,3847,19,41,60
3848,"((1, 3), <game.Grid object at 0x117d50d70>)","((1, 4), <game.Grid object at 0x11786cf30>)",South,"[((1, 4), <game.Grid object at 0x117fce9e0>), ((2, 3), <game.Grid object at 0x117fcea50>)]",440,440,3848,20,40,60
3849,"((1, 4), <game.Grid object at 0x117d51400>)","((1, 5), <game.Grid object at 0x11786d780>)",South,"[((1, 5), <game.Grid object at 0x117fceac0>), ((1, 3), <game.Grid object at 0x117fceb30>)]",440,441,3849,19,41,60
3850,"((2, 5), <game.Grid object at 0x117d51470>)","((1, 5), <game.Grid object at 0x11786d780>)",East,"[((3, 5), <game.Grid object at 0x117fceba0>), ((1, 5), <game.Grid object at 0x117fcec10>)]",441,441,3850,19,41,60
3851,"((5, 5), <game.Grid object at 0x117d51f60>)","((4, 5), <game.Grid object at 0x11786e2e0>)",East,"[((6, 5), <game.Grid object at 0x117fcec80>), ((4, 5), <game.Grid object at 0x117fcecf0>)]",441,441,3851,22,38,60
3852,"((4, 4), <game.Grid object at 0x117d52740>)","((4, 5), <game.Grid object at 0x11786ed60>)",South,"[((4, 5), <game.Grid object at 0x117fced60>), ((4, 3), <game.Grid object at 0x117fcedd0>)]",441,442,3852,22,38,60
3853,"((8, 5), <game.Grid object at 0x117f514e0>)","((7, 5), <game.Grid object at 0x117a5f1c0>)",East,"[((9, 5), <game.Grid object at 0x117fcee40>), ((7, 5), <game.Grid object at 0x117fceeb0>)]",442,441,3853,25,35,60
3854,"((7, 4), <game.Grid object at 0x117d53a10>)","((7, 5), <game.Grid object at 0x1178e8520>)",South,"[((7, 5), <game.Grid object at 0x117fcef20>), ((7, 3), <game.Grid object at 0x117fcef90>)]",441,441,3854,25,35,60
3855,"((8, 5), <game.Grid object at 0x117f51630>)","((7, 5), <game.Grid object at 0x117a5f2a0>)",East,"[((9, 5), <game.Grid object at 0x117fcf000>), ((7, 5), <game.Grid object at 0x117fcf070>)]",441,440,3855,25,35,60
3856,"((5, 5), <game.Grid object at 0x117dd0910>)","((4, 5), <game.Grid object at 0x1178e9470>)",East,"[((6, 5), <game.Grid object at 0x117fcf0e0>), ((4, 5), <game.Grid object at 0x117fcf150>)]",440,439,3856,22,38,60
3857,"((5, 5), <game.Grid object at 0x117dd0b40>)","((4, 5), <game.Grid object at 0x1178e9630>)",East,"[((6, 5), <game.Grid object at 0x117fcf1c0>), ((4, 5), <game.Grid object at 0x117fcf230>)]",439,438,3857,22,38,60
3858,"((2, 5), <game.Grid object at 0x117dd0f30>)","((1, 5), <game.Grid object at 0x1178e9a90>)",East,"[((3, 5), <game.Grid object at 0x117fcf2a0>), ((1, 5), <game.Grid object at 0x117fcf310>)]",438,437,3858,19,41,60
3859,"((5, 5), <game.Grid object at 0x117dd10f0>)","((4, 5), <game.Grid object at 0x1178e9e10>)",East,"[((6, 5), <game.Grid object at 0x117fcf380>), ((4, 5), <game.Grid object at 0x117fcf3f0>)]",437,436,3859,22,38,60
3860,"((5, 5), <game.Grid object at 0x117dd1320>)","((4, 5), <game.Grid object at 0x1178e9fd0>)",East,"[((6, 5), <game.Grid object at 0x117fcf460>), ((4, 5), <game.Grid object at 0x117fcf4d0>)]",436,435,3860,22,38,60
3861,"((8, 5), <game.Grid object at 0x117f52040>)","((7, 5), <game.Grid object at 0x117a5f9a0>)",East,"[((9, 5), <game.Grid object at 0x117fcf540>), ((7, 5), <game.Grid object at 0x117fcf5b0>)]",435,434,3861,25,35,60
3862,"((10, 4), <game.Grid object at 0x117dd1d30>)","((10, 5), <game.Grid object at 0x1178eadd0>)",South,"[((10, 5), <game.Grid object at 0x117fcf620>), ((10, 3), <game.Grid object at 0x117fcf690>)]",434,433,3862,28,32,60
3863,"((4, 3), <game.Grid object at 0x117dd1fd0>)","((4, 4), <game.Grid object at 0x1178eaf20>)",South,"[((4, 4), <game.Grid object at 0x117fcf700>), ((5, 3), <game.Grid object at 0x117fcf770>), ((3, 3), <game.Grid object at 0x117fcf7e0>)]",433,434,3863,23,37,60
3864,"((8, 5), <game.Grid object at 0x117f52190>)","((7, 5), <game.Grid object at 0x117a5fa80>)",East,"[((9, 5), <game.Grid object at 0x117fcf850>), ((7, 5), <game.Grid object at 0x117fcf8c0>)]",434,433,3864,25,35,60
3865,"((10, 4), <game.Grid object at 0x117e58bb0>)","((10, 5), <game.Grid object at 0x117962510>)",South,"[((10, 5), <game.Grid object at 0x117fcf930>), ((10, 3), <game.Grid object at 0x117fcf9a0>)]",433,433,3865,28,32,60
3866,"((10, 4), <game.Grid object at 0x117e58d00>)","((10, 5), <game.Grid object at 0x1179625f0>)",South,"[((10, 5), <game.Grid object at 0x117fcfa10>), ((10, 3), <game.Grid object at 0x117fcfa80>)]",433,433,3866,28,32,60
3867,"((10, 4), <game.Grid object at 0x117e58e50>)","((10, 5), <game.Grid object at 0x1179626d0>)",South,"[((10, 5), <game.Grid object at 0x117fcfaf0>), ((10, 3), <game.Grid object at 0x117fcfb60>)]",433,433,3867,28,32,60
3868,"((10, 4), <game.Grid object at 0x117e5a270>)","((10, 5), <game.Grid object at 0x1179635b0>)",South,"[((10, 5), <game.Grid object at 0x117fcfbd0>), ((10, 3), <game.Grid object at 0x117fcfc40>)]",433,433,3868,28,32,60
3869,"((8, 5), <game.Grid object at 0x117f518d0>)","((7, 5), <game.Grid object at 0x117a5f460>)",East,"[((9, 5), <game.Grid object at 0x117fcfcb0>), ((7, 5), <game.Grid object at 0x117fcfd20>)]",433,432,3869,25,35,60
3870,"((8, 5), <game.Grid object at 0x117f51cc0>)","((7, 5), <game.Grid object at 0x117a5f700>)",East,"[((9, 5), <game.Grid object at 0x117fcfd90>), ((7, 5), <game.Grid object at 0x117fcfe00>)]",432,431,3870,25,35,60
3871,"((10, 4), <game.Grid object at 0x117e5baf0>)","((10, 5), <game.Grid object at 0x1179e5080>)",South,"[((10, 5), <game.Grid object at 0x117fcfe70>), ((10, 3), <game.Grid object at 0x117fcfee0>)]",431,431,3871,28,32,60
3872,"((10, 4), <game.Grid object at 0x117e5bc40>)","((10, 5), <game.Grid object at 0x1179e5160>)",South,"[((10, 5), <game.Grid object at 0x117fcff50>), ((10, 3), <game.Grid object at 0x118054050>)]",431,431,3872,28,32,60
3873,"((10, 4), <game.Grid object at 0x117e5bd90>)","((10, 5), <game.Grid object at 0x1179e5240>)",South,"[((10, 5), <game.Grid object at 0x1180540c0>), ((10, 3), <game.Grid object at 0x118054130>)]",431,431,3873,28,32,60
3874,"((10, 4), <game.Grid object at 0x117ed0ad0>)","((10, 5), <game.Grid object at 0x1179e5fd0>)",South,"[((10, 5), <game.Grid object at 0x1180541a0>), ((10, 3), <game.Grid object at 0x118054210>)]",431,431,3874,28,32,60
3875,"((10, 4), <game.Grid object at 0x117ed0d00>)","((10, 5), <game.Grid object at 0x1179e6190>)",South,"[((10, 5), <game.Grid object at 0x118054280>), ((10, 3), <game.Grid object at 0x1180542f0>)]",431,431,3875,28,32,60
3876,"((10, 4), <game.Grid object at 0x117ed16a0>)","((10, 5), <game.Grid object at 0x1179e6970>)",South,"[((10, 5), <game.Grid object at 0x118054360>), ((10, 3), <game.Grid object at 0x1180543d0>)]",431,431,3876,28,32,60
3877,"((6, 5), <game.Grid object at 0x117fcf0e0>)","((5, 5), <game.Grid object at 0x117dd0910>)",East,"[((7, 5), <game.Grid object at 0x118054440>), ((5, 5), <game.Grid object at 0x1180544b0>)]",431,430,3877,23,37,60
3878,"((6, 5), <game.Grid object at 0x117fcf1c0>)","((5, 5), <game.Grid object at 0x117dd0b40>)",East,"[((7, 5), <game.Grid object at 0x118054520>), ((5, 5), <game.Grid object at 0x118054590>)]",430,429,3878,23,37,60
3879,"((5, 5), <game.Grid object at 0x117f51780>)","((4, 5), <game.Grid object at 0x117a5f380>)",East,"[((6, 5), <game.Grid object at 0x118054600>), ((4, 5), <game.Grid object at 0x118054670>)]",429,428,3879,22,38,60
3880,"((6, 5), <game.Grid object at 0x118054600>)","((5, 5), <game.Grid object at 0x117f51780>)",East,"[((7, 5), <game.Grid object at 0x1180546e0>), ((5, 5), <game.Grid object at 0x118054750>)]",428,427,3880,23,37,60
3881,"((5, 5), <game.Grid object at 0x117f51e10>)","((4, 5), <game.Grid object at 0x117a5f7e0>)",East,"[((6, 5), <game.Grid object at 0x1180547c0>), ((4, 5), <game.Grid object at 0x118054830>)]",427,426,3881,22,38,60
3882,"((6, 5), <game.Grid object at 0x1180547c0>)","((5, 5), <game.Grid object at 0x117f51e10>)",East,"[((7, 5), <game.Grid object at 0x1180548a0>), ((5, 5), <game.Grid object at 0x118054910>)]",426,425,3882,23,37,60
3883,"((3, 5), <game.Grid object at 0x117fcf2a0>)","((2, 5), <game.Grid object at 0x117dd0f30>)",East,"[((4, 5), <game.Grid object at 0x118054980>), ((2, 5), <game.Grid object at 0x1180549f0>)]",425,424,3883,20,40,60
3884,"((6, 5), <game.Grid object at 0x117fcf380>)","((5, 5), <game.Grid object at 0x117dd10f0>)",East,"[((7, 5), <game.Grid object at 0x118054a60>), ((5, 5), <game.Grid object at 0x118054ad0>)]",424,423,3884,23,37,60
3885,"((6, 5), <game.Grid object at 0x117fcf460>)","((5, 5), <game.Grid object at 0x117dd1320>)",East,"[((7, 5), <game.Grid object at 0x118054b40>), ((5, 5), <game.Grid object at 0x118054bb0>)]",423,422,3885,23,37,60
3886,"((5, 5), <game.Grid object at 0x117f53b60>)","((4, 5), <game.Grid object at 0x117add780>)",East,"[((6, 5), <game.Grid object at 0x118054c20>), ((4, 5), <game.Grid object at 0x118054c90>)]",422,421,3886,22,38,60
3887,"((6, 5), <game.Grid object at 0x118054c20>)","((5, 5), <game.Grid object at 0x117f53b60>)",East,"[((7, 5), <game.Grid object at 0x118054d00>), ((5, 5), <game.Grid object at 0x118054d70>)]",421,420,3887,23,37,60
3888,"((13, 5), <game.Grid object at 0x117fcd4e0>)","((14, 5), <game.Grid object at 0x117bd4de0>)",West,"[((13, 4), <game.Grid object at 0x118054de0>), ((14, 5), <game.Grid object at 0x118054e50>), ((12, 5), <game.Grid object at 0x118054ec0>)]",420,421,3888,30,30,60
3889,"((13, 5), <game.Grid object at 0x117fcd630>)","((14, 5), <game.Grid object at 0x117bd4f30>)",West,"[((13, 4), <game.Grid object at 0x118054f30>), ((14, 5), <game.Grid object at 0x118054fa0>), ((12, 5), <game.Grid object at 0x118055010>)]",421,422,3889,30,30,60
3890,"((7, 3), <game.Grid object at 0x117fcde10>)","((7, 4), <game.Grid object at 0x117bd6190>)",South,"[((7, 4), <game.Grid object at 0x118055080>), ((8, 3), <game.Grid object at 0x1180550f0>), ((6, 3), <game.Grid object at 0x118055160>)]",422,422,3890,26,34,60
3891,"((8, 3), <game.Grid object at 0x1180550f0>)","((7, 3), <game.Grid object at 0x117fcde10>)",East,"[((9, 3), <game.Grid object at 0x1180551d0>), ((7, 3), <game.Grid object at 0x118055240>)]",422,421,3891,27,33,60
3892,"((1, 3), <game.Grid object at 0x117fce890>)","((1, 4), <game.Grid object at 0x117d508a0>)",South,"[((1, 4), <game.Grid object at 0x1180552b0>), ((2, 3), <game.Grid object at 0x118055320>)]",421,421,3892,20,40,60
3893,"((3, 5), <game.Grid object at 0x117fce900>)","((2, 5), <game.Grid object at 0x117d50910>)",East,"[((4, 5), <game.Grid object at 0x118055390>), ((2, 5), <game.Grid object at 0x118055400>)]",421,421,3893,20,40,60
3894,"((2, 3), <game.Grid object at 0x117fcea50>)","((1, 3), <game.Grid object at 0x117d50d70>)",East,"[((3, 3), <game.Grid object at 0x118055470>), ((1, 3), <game.Grid object at 0x1180554e0>)]",421,421,3894,21,39,60
3895,"((1, 3), <game.Grid object at 0x117fceb30>)","((1, 4), <game.Grid object at 0x117d51400>)",South,"[((1, 4), <game.Grid object at 0x118055550>), ((2, 3), <game.Grid object at 0x1180555c0>)]",421,421,3895,20,40,60
3896,"((3, 5), <game.Grid object at 0x117fceba0>)","((2, 5), <game.Grid object at 0x117d51470>)",East,"[((4, 5), <game.Grid object at 0x118055630>), ((2, 5), <game.Grid object at 0x1180556a0>)]",421,421,3896,20,40,60
3897,"((6, 5), <game.Grid object at 0x117fcec80>)","((5, 5), <game.Grid object at 0x117d51f60>)",East,"[((7, 5), <game.Grid object at 0x118055710>), ((5, 5), <game.Grid object at 0x118055780>)]",421,421,3897,23,37,60
3898,"((4, 3), <game.Grid object at 0x117fcedd0>)","((4, 4), <game.Grid object at 0x117d52740>)",South,"[((4, 4), <game.Grid object at 0x1180557f0>), ((5, 3), <game.Grid object at 0x118055860>), ((3, 3), <game.Grid object at 0x1180558d0>)]",421,422,3898,23,37,60
3899,"((7, 3), <game.Grid object at 0x117fcef90>)","((7, 4), <game.Grid object at 0x117d53a10>)",South,"[((7, 4), <game.Grid object at 0x118055940>), ((8, 3), <game.Grid object at 0x1180559b0>), ((6, 3), <game.Grid object at 0x118055a20>)]",422,423,3899,26,34,60
3900,"((5, 3), <game.Grid object at 0x117fcf770>)","((4, 3), <game.Grid object at 0x117dd1fd0>)",East,"[((6, 3), <game.Grid object at 0x118055a90>), ((4, 3), <game.Grid object at 0x118055b00>)]",423,422,3900,24,36,60
3901,"((10, 3), <game.Grid object at 0x117fcf9a0>)","((10, 4), <game.Grid object at 0x117e58bb0>)",South,"[((10, 4), <game.Grid object at 0x118055b70>), ((11, 3), <game.Grid object at 0x118055be0>), ((9, 3), <game.Grid object at 0x118055c50>)]",422,423,3901,29,31,60
3902,"((10, 3), <game.Grid object at 0x117fcfa80>)","((10, 4), <game.Grid object at 0x117e58d00>)",South,"[((10, 4), <game.Grid object at 0x118055cc0>), ((11, 3), <game.Grid object at 0x118055d30>), ((9, 3), <game.Grid object at 0x118055da0>)]",423,424,3902,29,31,60
3903,"((10, 3), <game.Grid object at 0x117fcfb60>)","((10, 4), <game.Grid object at 0x117e58e50>)",South,"[((10, 4), <game.Grid object at 0x118055e10>), ((11, 3), <game.Grid object at 0x118055e80>), ((9, 3), <game.Grid object at 0x118055ef0>)]",424,425,3903,29,31,60
3904,"((10, 3), <game.Grid object at 0x117fcfc40>)","((10, 4), <game.Grid object at 0x117e5a270>)",South,"[((10, 4), <game.Grid object at 0x118055f60>), ((11, 3), <game.Grid object at 0x118055fd0>), ((9, 3), <game.Grid object at 0x118056040>)]",425,426,3904,29,31,60
3905,"((10, 3), <game.Grid object at 0x117fcfee0>)","((10, 4), <game.Grid object at 0x117e5baf0>)",South,"[((10, 4), <game.Grid object at 0x1180560b0>), ((11, 3), <game.Grid object at 0x118056120>), ((9, 3), <game.Grid object at 0x118056190>)]",426,427,3905,29,31,60
3906,"((10, 3), <game.Grid object at 0x118054050>)","((10, 4), <game.Grid object at 0x117e5bc40>)",South,"[((10, 4), <game.Grid object at 0x118056200>), ((11, 3), <game.Grid object at 0x118056270>), ((9, 3), <game.Grid object at 0x1180562e0>)]",427,428,3906,29,31,60
3907,"((10, 3), <game.Grid object at 0x118054130>)","((10, 4), <game.Grid object at 0x117e5bd90>)",South,"[((10, 4), <game.Grid object at 0x118056350>), ((11, 3), <game.Grid object at 0x1180563c0>), ((9, 3), <game.Grid object at 0x118056430>)]",428,429,3907,29,31,60
3908,"((10, 3), <game.Grid object at 0x118054210>)","((10, 4), <game.Grid object at 0x117ed0ad0>)",South,"[((10, 4), <game.Grid object at 0x1180564a0>), ((11, 3), <game.Grid object at 0x118056510>), ((9, 3), <game.Grid object at 0x118056580>)]",429,430,3908,29,31,60
3909,"((10, 3), <game.Grid object at 0x1180542f0>)","((10, 4), <game.Grid object at 0x117ed0d00>)",South,"[((10, 4), <game.Grid object at 0x1180565f0>), ((11, 3), <game.Grid object at 0x118056660>), ((9, 3), <game.Grid object at 0x1180566d0>)]",430,431,3909,29,31,60
3910,"((10, 3), <game.Grid object at 0x1180543d0>)","((10, 4), <game.Grid object at 0x117ed16a0>)",South,"[((10, 4), <game.Grid object at 0x118056740>), ((11, 3), <game.Grid object at 0x1180567b0>), ((9, 3), <game.Grid object at 0x118056820>)]",431,432,3910,29,31,60
3911,"((13, 4), <game.Grid object at 0x118054de0>)","((13, 5), <game.Grid object at 0x117fcd4e0>)",South,"[((13, 5), <game.Grid object at 0x118056890>), ((13, 3), <game.Grid object at 0x118056900>)]",432,433,3911,31,29,60
3912,"((13, 4), <game.Grid object at 0x118054f30>)","((13, 5), <game.Grid object at 0x117fcd630>)",South,"[((13, 5), <game.Grid object at 0x118056970>), ((13, 3), <game.Grid object at 0x1180569e0>)]",433,434,3912,31,29,60
3913,"((6, 3), <game.Grid object at 0x118055a90>)","((5, 3), <game.Grid object at 0x117fcf770>)",East,"[((7, 3), <game.Grid object at 0x118056a50>), ((5, 3), <game.Grid object at 0x118056ac0>)]",434,433,3913,25,35,60
3914,"((2, 3), <game.Grid object at 0x118055320>)","((1, 3), <game.Grid object at 0x117fce890>)",East,"[((3, 3), <game.Grid object at 0x118056b30>), ((1, 3), <game.Grid object at 0x118056ba0>)]",433,433,3914,21,39,60
3915,"((4, 5), <game.Grid object at 0x118055390>)","((3, 5), <game.Grid object at 0x117fce900>)",East,"[((4, 4), <game.Grid object at 0x118056c10>), ((5, 5), <game.Grid object at 0x118056c80>), ((3, 5), <game.Grid object at 0x118056cf0>)]",433,434,3915,21,39,60
3916,"((3, 3), <game.Grid object at 0x118055470>)","((2, 3), <game.Grid object at 0x117fcea50>)",East,"[((4, 3), <game.Grid object at 0x118056d60>), ((2, 3), <game.Grid object at 0x118056dd0>)]",434,434,3916,22,38,60
3917,"((2, 3), <game.Grid object at 0x1180555c0>)","((1, 3), <game.Grid object at 0x117fceb30>)",East,"[((3, 3), <game.Grid object at 0x118056e40>), ((1, 3), <game.Grid object at 0x118056eb0>)]",434,434,3917,21,39,60
3918,"((4, 5), <game.Grid object at 0x118055630>)","((3, 5), <game.Grid object at 0x117fceba0>)",East,"[((4, 4), <game.Grid object at 0x118056f20>), ((5, 5), <game.Grid object at 0x118056f90>), ((3, 5), <game.Grid object at 0x118057000>)]",434,435,3918,21,39,60
3919,"((7, 5), <game.Grid object at 0x118055710>)","((6, 5), <game.Grid object at 0x117fcec80>)",East,"[((7, 4), <game.Grid object at 0x118057070>), ((8, 5), <game.Grid object at 0x1180570e0>), ((6, 5), <game.Grid object at 0x118057150>)]",435,434,3919,24,36,60
3920,"((8, 5), <game.Grid object at 0x1180570e0>)","((7, 5), <game.Grid object at 0x118055710>)",East,"[((9, 5), <game.Grid object at 0x1180571c0>), ((7, 5), <game.Grid object at 0x118057230>)]",434,433,3920,25,35,60
3921,"((5, 3), <game.Grid object at 0x118055860>)","((4, 3), <game.Grid object at 0x117fcedd0>)",East,"[((6, 3), <game.Grid object at 0x1180572a0>), ((4, 3), <game.Grid object at 0x118057310>)]",433,432,3921,24,36,60
3922,"((8, 3), <game.Grid object at 0x1180559b0>)","((7, 3), <game.Grid object at 0x117fcef90>)",East,"[((9, 3), <game.Grid object at 0x118057380>), ((7, 3), <game.Grid object at 0x1180573f0>)]",432,432,3922,27,33,60
3923,"((6, 3), <game.Grid object at 0x1180572a0>)","((5, 3), <game.Grid object at 0x118055860>)",East,"[((7, 3), <game.Grid object at 0x118057460>), ((5, 3), <game.Grid object at 0x1180574d0>)]",432,431,3923,25,35,60
3924,"((11, 3), <game.Grid object at 0x118055be0>)","((10, 3), <game.Grid object at 0x117fcf9a0>)",East,"[((12, 3), <game.Grid object at 0x118057540>), ((10, 3), <game.Grid object at 0x1180575b0>)]",431,431,3924,30,30,60
3925,"((11, 3), <game.Grid object at 0x118055d30>)","((10, 3), <game.Grid object at 0x117fcfa80>)",East,"[((12, 3), <game.Grid object at 0x118057620>), ((10, 3), <game.Grid object at 0x118057690>)]",431,431,3925,30,30,60
3926,"((11, 3), <game.Grid object at 0x118055e80>)","((10, 3), <game.Grid object at 0x117fcfb60>)",East,"[((12, 3), <game.Grid object at 0x118057700>), ((10, 3), <game.Grid object at 0x118057770>)]",431,431,3926,30,30,60
3927,"((11, 3), <game.Grid object at 0x118055fd0>)","((10, 3), <game.Grid object at 0x117fcfc40>)",East,"[((12, 3), <game.Grid object at 0x1180577e0>), ((10, 3), <game.Grid object at 0x118057850>)]",431,431,3927,30,30,60
3928,"((11, 3), <game.Grid object at 0x118056120>)","((10, 3), <game.Grid object at 0x117fcfee0>)",East,"[((12, 3), <game.Grid object at 0x1180578c0>), ((10, 3), <game.Grid object at 0x118057930>)]",431,431,3928,30,30,60
3929,"((11, 3), <game.Grid object at 0x118056270>)","((10, 3), <game.Grid object at 0x118054050>)",East,"[((12, 3), <game.Grid object at 0x1180579a0>), ((10, 3), <game.Grid object at 0x118057a10>)]",431,431,3929,30,30,60
3930,"((11, 3), <game.Grid object at 0x1180563c0>)","((10, 3), <game.Grid object at 0x118054130>)",East,"[((12, 3), <game.Grid object at 0x118057a80>), ((10, 3), <game.Grid object at 0x118057af0>)]",431,431,3930,30,30,60
3931,"((11, 3), <game.Grid object at 0x118056510>)","((10, 3), <game.Grid object at 0x118054210>)",East,"[((12, 3), <game.Grid object at 0x118057b60>), ((10, 3), <game.Grid object at 0x118057bd0>)]",431,431,3931,30,30,60
3932,"((11, 3), <game.Grid object at 0x118056660>)","((10, 3), <game.Grid object at 0x1180542f0>)",East,"[((12, 3), <game.Grid object at 0x118057c40>), ((10, 3), <game.Grid object at 0x118057cb0>)]",431,431,3932,30,30,60
3933,"((11, 3), <game.Grid object at 0x1180567b0>)","((10, 3), <game.Grid object at 0x1180543d0>)",East,"[((12, 3), <game.Grid object at 0x118057d20>), ((10, 3), <game.Grid object at 0x118057d90>)]",431,431,3933,30,30,60
3934,"((13, 3), <game.Grid object at 0x118056900>)","((13, 4), <game.Grid object at 0x118054de0>)",South,"[((13, 4), <game.Grid object at 0x118057e00>), ((14, 3), <game.Grid object at 0x118057e70>), ((12, 3), <game.Grid object at 0x118057ee0>)]",431,432,3934,32,28,60
3935,"((13, 3), <game.Grid object at 0x1180569e0>)","((13, 4), <game.Grid object at 0x118054f30>)",South,"[((13, 4), <game.Grid object at 0x118057f50>), ((14, 3), <game.Grid object at 0x1180d0050>), ((12, 3), <game.Grid object at 0x1180d00c0>)]",432,433,3935,32,28,60
3936,"((3, 3), <game.Grid object at 0x118056b30>)","((2, 3), <game.Grid object at 0x118055320>)",East,"[((4, 3), <game.Grid object at 0x1180d0130>), ((2, 3), <game.Grid object at 0x1180d01a0>)]",433,433,3936,22,38,60
3937,"((4, 4), <game.Grid object at 0x118056c10>)","((4, 5), <game.Grid object at 0x118055390>)",South,"[((4, 5), <game.Grid object at 0x1180d0210>), ((4, 3), <game.Grid object at 0x1180d0280>)]",433,434,3937,22,38,60
3938,"((5, 5), <game.Grid object at 0x118056c80>)","((4, 5), <game.Grid object at 0x118055390>)",East,"[((6, 5), <game.Grid object at 0x1180d02f0>), ((4, 5), <game.Grid object at 0x1180d0360>)]",434,434,3938,22,38,60
3939,"((4, 3), <game.Grid object at 0x118056d60>)","((3, 3), <game.Grid object at 0x118055470>)",East,"[((4, 4), <game.Grid object at 0x1180d03d0>), ((5, 3), <game.Grid object at 0x1180d0440>), ((3, 3), <game.Grid object at 0x1180d04b0>)]",434,435,3939,23,37,60
3940,"((3, 3), <game.Grid object at 0x118056e40>)","((2, 3), <game.Grid object at 0x1180555c0>)",East,"[((4, 3), <game.Grid object at 0x1180d0520>), ((2, 3), <game.Grid object at 0x1180d0590>)]",435,435,3940,22,38,60
3941,"((4, 4), <game.Grid object at 0x118056f20>)","((4, 5), <game.Grid object at 0x118055630>)",South,"[((4, 5), <game.Grid object at 0x1180d0600>), ((4, 3), <game.Grid object at 0x1180d0670>)]",435,436,3941,22,38,60
3942,"((5, 5), <game.Grid object at 0x118056f90>)","((4, 5), <game.Grid object at 0x118055630>)",East,"[((6, 5), <game.Grid object at 0x1180d06e0>), ((4, 5), <game.Grid object at 0x1180d0750>)]",436,436,3942,22,38,60
3943,"((9, 3), <game.Grid object at 0x118057380>)","((8, 3), <game.Grid object at 0x1180559b0>)",East,"[((10, 3), <game.Grid object at 0x1180d07c0>), ((8, 3), <game.Grid object at 0x1180d0830>)]",436,436,3943,28,32,60
3944,"((12, 3), <game.Grid object at 0x118057540>)","((11, 3), <game.Grid object at 0x118055be0>)",East,"[((13, 3), <game.Grid object at 0x1180d08a0>), ((11, 3), <game.Grid object at 0x1180d0910>)]",436,436,3944,31,29,60
3945,"((12, 3), <game.Grid object at 0x118057620>)","((11, 3), <game.Grid object at 0x118055d30>)",East,"[((13, 3), <game.Grid object at 0x1180d0980>), ((11, 3), <game.Grid object at 0x1180d09f0>)]",436,436,3945,31,29,60
3946,"((12, 3), <game.Grid object at 0x118057700>)","((11, 3), <game.Grid object at 0x118055e80>)",East,"[((13, 3), <game.Grid object at 0x1180d0a60>), ((11, 3), <game.Grid object at 0x1180d0ad0>)]",436,436,3946,31,29,60
3947,"((12, 3), <game.Grid object at 0x1180577e0>)","((11, 3), <game.Grid object at 0x118055fd0>)",East,"[((13, 3), <game.Grid object at 0x1180d0b40>), ((11, 3), <game.Grid object at 0x1180d0bb0>)]",436,436,3947,31,29,60
3948,"((12, 3), <game.Grid object at 0x1180578c0>)","((11, 3), <game.Grid object at 0x118056120>)",East,"[((13, 3), <game.Grid object at 0x1180d0c20>), ((11, 3), <game.Grid object at 0x1180d0c90>)]",436,436,3948,31,29,60
3949,"((12, 3), <game.Grid object at 0x1180579a0>)","((11, 3), <game.Grid object at 0x118056270>)",East,"[((13, 3), <game.Grid object at 0x1180d0d00>), ((11, 3), <game.Grid object at 0x1180d0d70>)]",436,436,3949,31,29,60
3950,"((12, 3), <game.Grid object at 0x118057a80>)","((11, 3), <game.Grid object at 0x1180563c0>)",East,"[((13, 3), <game.Grid object at 0x1180d0de0>), ((11, 3), <game.Grid object at 0x1180d0e50>)]",436,436,3950,31,29,60
3951,"((12, 3), <game.Grid object at 0x118057b60>)","((11, 3), <game.Grid object at 0x118056510>)",East,"[((13, 3), <game.Grid object at 0x1180d0ec0>), ((11, 3), <game.Grid object at 0x1180d0f30>)]",436,436,3951,31,29,60
3952,"((12, 3), <game.Grid object at 0x118057c40>)","((11, 3), <game.Grid object at 0x118056660>)",East,"[((13, 3), <game.Grid object at 0x1180d0fa0>), ((11, 3), <game.Grid object at 0x1180d1010>)]",436,436,3952,31,29,60
3953,"((12, 3), <game.Grid object at 0x118057d20>)","((11, 3), <game.Grid object at 0x1180567b0>)",East,"[((13, 3), <game.Grid object at 0x1180d1080>), ((11, 3), <game.Grid object at 0x1180d10f0>)]",436,436,3953,31,29,60
3954,"((14, 3), <game.Grid object at 0x118057e70>)","((13, 3), <game.Grid object at 0x118056900>)",East,"[((15, 3), <game.Grid object at 0x1180d1160>), ((13, 3), <game.Grid object at 0x1180d11d0>)]",436,436,3954,33,27,60
3955,"((14, 3), <game.Grid object at 0x1180d0050>)","((13, 3), <game.Grid object at 0x1180569e0>)",East,"[((15, 3), <game.Grid object at 0x1180d1240>), ((13, 3), <game.Grid object at 0x1180d12b0>)]",436,436,3955,33,27,60
3956,"((4, 3), <game.Grid object at 0x1180d0130>)","((3, 3), <game.Grid object at 0x118056b30>)",East,"[((4, 4), <game.Grid object at 0x1180d1320>), ((5, 3), <game.Grid object at 0x1180d1390>), ((3, 3), <game.Grid object at 0x1180d1400>)]",436,437,3956,23,37,60
3957,"((4, 3), <game.Grid object at 0x1180d0280>)","((4, 4), <game.Grid object at 0x118056c10>)",South,"[((4, 4), <game.Grid object at 0x1180d1470>), ((5, 3), <game.Grid object at 0x1180d14e0>), ((3, 3), <game.Grid object at 0x1180d1550>)]",437,438,3957,23,37,60
3958,"((6, 5), <game.Grid object at 0x1180d02f0>)","((5, 5), <game.Grid object at 0x118056c80>)",East,"[((7, 5), <game.Grid object at 0x1180d15c0>), ((5, 5), <game.Grid object at 0x1180d1630>)]",438,438,3958,23,37,60
3959,"((5, 3), <game.Grid object at 0x1180d0440>)","((4, 3), <game.Grid object at 0x118056d60>)",East,"[((6, 3), <game.Grid object at 0x1180d16a0>), ((4, 3), <game.Grid object at 0x1180d1710>)]",438,438,3959,24,36,60
3960,"((4, 3), <game.Grid object at 0x1180d0520>)","((3, 3), <game.Grid object at 0x118056e40>)",East,"[((4, 4), <game.Grid object at 0x1180d1780>), ((5, 3), <game.Grid object at 0x1180d17f0>), ((3, 3), <game.Grid object at 0x1180d1860>)]",438,439,3960,23,37,60
3961,"((4, 3), <game.Grid object at 0x1180d0670>)","((4, 4), <game.Grid object at 0x118056f20>)",South,"[((4, 4), <game.Grid object at 0x1180d18d0>), ((5, 3), <game.Grid object at 0x1180d1940>), ((3, 3), <game.Grid object at 0x1180d19b0>)]",439,440,3961,23,37,60
3962,"((6, 5), <game.Grid object at 0x1180d06e0>)","((5, 5), <game.Grid object at 0x118056f90>)",East,"[((7, 5), <game.Grid object at 0x1180d1a20>), ((5, 5), <game.Grid object at 0x1180d1a90>)]",440,440,3962,23,37,60
3963,"((10, 3), <game.Grid object at 0x1180d07c0>)","((9, 3), <game.Grid object at 0x118057380>)",East,"[((10, 4), <game.Grid object at 0x1180d1b00>), ((11, 3), <game.Grid object at 0x1180d1b70>), ((9, 3), <game.Grid object at 0x1180d1be0>)]",440,440,3963,29,31,60
3964,"((13, 3), <game.Grid object at 0x1180d08a0>)","((12, 3), <game.Grid object at 0x118057540>)",East,"[((13, 4), <game.Grid object at 0x1180d1c50>), ((14, 3), <game.Grid object at 0x1180d1cc0>), ((12, 3), <game.Grid object at 0x1180d1d30>)]",440,440,3964,32,28,60
3965,"((13, 3), <game.Grid object at 0x1180d0980>)","((12, 3), <game.Grid object at 0x118057620>)",East,"[((13, 4), <game.Grid object at 0x1180d1da0>), ((14, 3), <game.Grid object at 0x1180d1e10>), ((12, 3), <game.Grid object at 0x1180d1e80>)]",440,440,3965,32,28,60
3966,"((13, 3), <game.Grid object at 0x1180d0a60>)","((12, 3), <game.Grid object at 0x118057700>)",East,"[((13, 4), <game.Grid object at 0x1180d1ef0>), ((14, 3), <game.Grid object at 0x1180d1f60>), ((12, 3), <game.Grid object at 0x1180d1fd0>)]",440,440,3966,32,28,60
3967,"((13, 3), <game.Grid object at 0x1180d0b40>)","((12, 3), <game.Grid object at 0x1180577e0>)",East,"[((13, 4), <game.Grid object at 0x1180d2040>), ((14, 3), <game.Grid object at 0x1180d20b0>), ((12, 3), <game.Grid object at 0x1180d2120>)]",440,440,3967,32,28,60
3968,"((13, 3), <game.Grid object at 0x1180d0c20>)","((12, 3), <game.Grid object at 0x1180578c0>)",East,"[((13, 4), <game.Grid object at 0x1180d2190>), ((14, 3), <game.Grid object at 0x1180d2200>), ((12, 3), <game.Grid object at 0x1180d2270>)]",440,440,3968,32,28,60
3969,"((13, 3), <game.Grid object at 0x1180d0d00>)","((12, 3), <game.Grid object at 0x1180579a0>)",East,"[((13, 4), <game.Grid object at 0x1180d22e0>), ((14, 3), <game.Grid object at 0x1180d2350>), ((12, 3), <game.Grid object at 0x1180d23c0>)]",440,440,3969,32,28,60
3970,"((13, 3), <game.Grid object at 0x1180d0de0>)","((12, 3), <game.Grid object at 0x118057a80>)",East,"[((13, 4), <game.Grid object at 0x1180d2430>), ((14, 3), <game.Grid object at 0x1180d24a0>), ((12, 3), <game.Grid object at 0x1180d2510>)]",440,440,3970,32,28,60
3971,"((13, 3), <game.Grid object at 0x1180d0ec0>)","((12, 3), <game.Grid object at 0x118057b60>)",East,"[((13, 4), <game.Grid object at 0x1180d2580>), ((14, 3), <game.Grid object at 0x1180d25f0>), ((12, 3), <game.Grid object at 0x1180d2660>)]",440,440,3971,32,28,60
3972,"((13, 3), <game.Grid object at 0x1180d0fa0>)","((12, 3), <game.Grid object at 0x118057c40>)",East,"[((13, 4), <game.Grid object at 0x1180d26d0>), ((14, 3), <game.Grid object at 0x1180d2740>), ((12, 3), <game.Grid object at 0x1180d27b0>)]",440,440,3972,32,28,60
3973,"((13, 3), <game.Grid object at 0x1180d1080>)","((12, 3), <game.Grid object at 0x118057d20>)",East,"[((13, 4), <game.Grid object at 0x1180d2820>), ((14, 3), <game.Grid object at 0x1180d2890>), ((12, 3), <game.Grid object at 0x1180d2900>)]",440,440,3973,32,28,60
3974,"((15, 3), <game.Grid object at 0x1180d1160>)","((14, 3), <game.Grid object at 0x118057e70>)",East,"[((16, 3), <game.Grid object at 0x1180d2970>), ((14, 3), <game.Grid object at 0x1180d29e0>)]",440,440,3974,34,26,60
3975,"((15, 3), <game.Grid object at 0x1180d1240>)","((14, 3), <game.Grid object at 0x1180d0050>)",East,"[((16, 3), <game.Grid object at 0x1180d2a50>), ((14, 3), <game.Grid object at 0x1180d2ac0>)]",440,440,3975,34,26,60
3976,"((5, 3), <game.Grid object at 0x1180d1390>)","((4, 3), <game.Grid object at 0x1180d0130>)",East,"[((6, 3), <game.Grid object at 0x1180d2b30>), ((4, 3), <game.Grid object at 0x1180d2ba0>)]",440,440,3976,24,36,60
3977,"((5, 3), <game.Grid object at 0x1180d14e0>)","((4, 3), <game.Grid object at 0x1180d0280>)",East,"[((6, 3), <game.Grid object at 0x1180d2c10>), ((4, 3), <game.Grid object at 0x1180d2c80>)]",440,440,3977,24,36,60
3978,"((7, 5), <game.Grid object at 0x1180d15c0>)","((6, 5), <game.Grid object at 0x1180d02f0>)",East,"[((7, 4), <game.Grid object at 0x1180d2cf0>), ((8, 5), <game.Grid object at 0x1180d2d60>), ((6, 5), <game.Grid object at 0x1180d2dd0>)]",440,441,3978,24,36,60
3979,"((6, 3), <game.Grid object at 0x1180d16a0>)","((5, 3), <game.Grid object at 0x1180d0440>)",East,"[((7, 3), <game.Grid object at 0x1180d2e40>), ((5, 3), <game.Grid object at 0x1180d2eb0>)]",441,441,3979,25,35,60
3980,"((5, 3), <game.Grid object at 0x1180d17f0>)","((4, 3), <game.Grid object at 0x1180d0520>)",East,"[((6, 3), <game.Grid object at 0x1180d2f20>), ((4, 3), <game.Grid object at 0x1180d2f90>)]",441,441,3980,24,36,60
3981,"((5, 3), <game.Grid object at 0x1180d1940>)","((4, 3), <game.Grid object at 0x1180d0670>)",East,"[((6, 3), <game.Grid object at 0x1180d3000>), ((4, 3), <game.Grid object at 0x1180d3070>)]",441,441,3981,24,36,60
3982,"((7, 5), <game.Grid object at 0x1180d1a20>)","((6, 5), <game.Grid object at 0x1180d06e0>)",East,"[((7, 4), <game.Grid object at 0x1180d30e0>), ((8, 5), <game.Grid object at 0x1180d3150>), ((6, 5), <game.Grid object at 0x1180d31c0>)]",441,442,3982,24,36,60
3983,"((11, 3), <game.Grid object at 0x1180d1b70>)","((10, 3), <game.Grid object at 0x1180d07c0>)",East,"[((12, 3), <game.Grid object at 0x1180d3230>), ((10, 3), <game.Grid object at 0x1180d32a0>)]",442,442,3983,30,30,60
3984,"((14, 3), <game.Grid object at 0x1180d1cc0>)","((13, 3), <game.Grid object at 0x1180d08a0>)",East,"[((15, 3), <game.Grid object at 0x1180d3310>), ((13, 3), <game.Grid object at 0x1180d3380>)]",442,442,3984,33,27,60
3985,"((14, 3), <game.Grid object at 0x1180d1e10>)","((13, 3), <game.Grid object at 0x1180d0980>)",East,"[((15, 3), <game.Grid object at 0x1180d33f0>), ((13, 3), <game.Grid object at 0x1180d3460>)]",442,442,3985,33,27,60
3986,"((14, 3), <game.Grid object at 0x1180d1f60>)","((13, 3), <game.Grid object at 0x1180d0a60>)",East,"[((15, 3), <game.Grid object at 0x1180d34d0>), ((13, 3), <game.Grid object at 0x1180d3540>)]",442,442,3986,33,27,60
3987,"((14, 3), <game.Grid object at 0x1180d20b0>)","((13, 3), <game.Grid object at 0x1180d0b40>)",East,"[((15, 3), <game.Grid object at 0x1180d35b0>), ((13, 3), <game.Grid object at 0x1180d3620>)]",442,442,3987,33,27,60
3988,"((14, 3), <game.Grid object at 0x1180d2200>)","((13, 3), <game.Grid object at 0x1180d0c20>)",East,"[((15, 3), <game.Grid object at 0x1180d3690>), ((13, 3), <game.Grid object at 0x1180d3700>)]",442,442,3988,33,27,60
3989,"((14, 3), <game.Grid object at 0x1180d2350>)","((13, 3), <game.Grid object at 0x1180d0d00>)",East,"[((15, 3), <game.Grid object at 0x1180d3770>), ((13, 3), <game.Grid object at 0x1180d37e0>)]",442,442,3989,33,27,60
3990,"((14, 3), <game.Grid object at 0x1180d24a0>)","((13, 3), <game.Grid object at 0x1180d0de0>)",East,"[((15, 3), <game.Grid object at 0x1180d3850>), ((13, 3), <game.Grid object at 0x1180d38c0>)]",442,442,3990,33,27,60
3991,"((14, 3), <game.Grid object at 0x1180d25f0>)","((13, 3), <game.Grid object at 0x1180d0ec0>)",East,"[((15, 3), <game.Grid object at 0x1180d3930>), ((13, 3), <game.Grid object at 0x1180d39a0>)]",442,442,3991,33,27,60
3992,"((14, 3), <game.Grid object at 0x1180d2740>)","((13, 3), <game.Grid object at 0x1180d0fa0>)",East,"[((15, 3), <game.Grid object at 0x1180d3a10>), ((13, 3), <game.Grid object at 0x1180d3a80>)]",442,442,3992,33,27,60
3993,"((14, 3), <game.Grid object at 0x1180d2890>)","((13, 3), <game.Grid object at 0x1180d1080>)",East,"[((15, 3), <game.Grid object at 0x1180d3af0>), ((13, 3), <game.Grid object at 0x1180d3b60>)]",442,442,3993,33,27,60
3994,"((16, 3), <game.Grid object at 0x1180d2970>)","((15, 3), <game.Grid object at 0x1180d1160>)",East,"[((16, 4), <game.Grid object at 0x1180d3bd0>), ((15, 3), <game.Grid object at 0x1180d3c40>)]",442,442,3994,35,25,60
3995,"((16, 3), <game.Grid object at 0x1180d2a50>)","((15, 3), <game.Grid object at 0x1180d1240>)",East,"[((16, 4), <game.Grid object at 0x1180d3cb0>), ((15, 3), <game.Grid object at 0x1180d3d20>)]",442,442,3995,35,25,60
3996,"((6, 3), <game.Grid object at 0x1180d2b30>)","((5, 3), <game.Grid object at 0x1180d1390>)",East,"[((7, 3), <game.Grid object at 0x1180d3d90>), ((5, 3), <game.Grid object at 0x1180d3e00>)]",442,442,3996,25,35,60
3997,"((6, 3), <game.Grid object at 0x1180d2c10>)","((5, 3), <game.Grid object at 0x1180d14e0>)",East,"[((7, 3), <game.Grid object at 0x1180d3e70>), ((5, 3), <game.Grid object at 0x1180d3ee0>)]",442,442,3997,25,35,60
3998,"((7, 4), <game.Grid object at 0x1180d2cf0>)","((7, 5), <game.Grid object at 0x1180d15c0>)",South,"[((7, 5), <game.Grid object at 0x1180d3f50>), ((7, 3), <game.Grid object at 0x11814c050>)]",442,443,3998,25,35,60
3999,"((8, 5), <game.Grid object at 0x1180d2d60>)","((7, 5), <game.Grid object at 0x1180d15c0>)",East,"[((9, 5), <game.Grid object at 0x11814c0c0>), ((7, 5), <game.Grid object at 0x11814c130>)]",443,443,3999,25,35,60
4000,"((7, 3), <game.Grid object at 0x1180d2e40>)","((6, 3), <game.Grid object at 0x1180d16a0>)",East,"[((7, 4), <game.Grid object at 0x11814c1a0>), ((8, 3), <game.Grid object at 0x11814c210>), ((6, 3), <game.Grid object at 0x11814c280>)]",443,443,4000,26,34,60
4001,"((8, 3), <game.Grid object at 0x11814c210>)","((7, 3), <game.Grid object at 0x1180d2e40>)",East,"[((9, 3), <game.Grid object at 0x11814c2f0>), ((7, 3), <game.Grid object at 0x11814c360>)]",443,442,4001,27,33,60
4002,"((6, 3), <game.Grid object at 0x1180d2f20>)","((5, 3), <game.Grid object at 0x1180d17f0>)",East,"[((7, 3), <game.Grid object at 0x11814c3d0>), ((5, 3), <game.Grid object at 0x11814c440>)]",442,442,4002,25,35,60
4003,"((6, 3), <game.Grid object at 0x1180d3000>)","((5, 3), <game.Grid object at 0x1180d1940>)",East,"[((7, 3), <game.Grid object at 0x11814c4b0>), ((5, 3), <game.Grid object at 0x11814c520>)]",442,442,4003,25,35,60
4004,"((7, 4), <game.Grid object at 0x1180d30e0>)","((7, 5), <game.Grid object at 0x1180d1a20>)",South,"[((7, 5), <game.Grid object at 0x11814c590>), ((7, 3), <game.Grid object at 0x11814c600>)]",442,443,4004,25,35,60
4005,"((8, 5), <game.Grid object at 0x1180d3150>)","((7, 5), <game.Grid object at 0x1180d1a20>)",East,"[((9, 5), <game.Grid object at 0x11814c670>), ((7, 5), <game.Grid object at 0x11814c6e0>)]",443,442,4005,25,35,60
4006,"((9, 5), <game.Grid object at 0x11814c670>)","((8, 5), <game.Grid object at 0x1180d3150>)",East,"[((10, 5), <game.Grid object at 0x11814c750>), ((8, 5), <game.Grid object at 0x11814c7c0>)]",442,441,4006,26,34,60
4007,"((12, 3), <game.Grid object at 0x1180d3230>)","((11, 3), <game.Grid object at 0x1180d1b70>)",East,"[((13, 3), <game.Grid object at 0x11814c830>), ((11, 3), <game.Grid object at 0x11814c8a0>)]",441,441,4007,31,29,60
4008,"((15, 3), <game.Grid object at 0x1180d3310>)","((14, 3), <game.Grid object at 0x1180d1cc0>)",East,"[((16, 3), <game.Grid object at 0x11814c910>), ((14, 3), <game.Grid object at 0x11814c980>)]",441,441,4008,34,26,60
4009,"((15, 3), <game.Grid object at 0x1180d33f0>)","((14, 3), <game.Grid object at 0x1180d1e10>)",East,"[((16, 3), <game.Grid object at 0x11814c9f0>), ((14, 3), <game.Grid object at 0x11814ca60>)]",441,441,4009,34,26,60
4010,"((15, 3), <game.Grid object at 0x1180d34d0>)","((14, 3), <game.Grid object at 0x1180d1f60>)",East,"[((16, 3), <game.Grid object at 0x11814cad0>), ((14, 3), <game.Grid object at 0x11814cb40>)]",441,441,4010,34,26,60
4011,"((15, 3), <game.Grid object at 0x1180d35b0>)","((14, 3), <game.Grid object at 0x1180d20b0>)",East,"[((16, 3), <game.Grid object at 0x11814cbb0>), ((14, 3), <game.Grid object at 0x11814cc20>)]",441,441,4011,34,26,60
4012,"((15, 3), <game.Grid object at 0x1180d3690>)","((14, 3), <game.Grid object at 0x1180d2200>)",East,"[((16, 3), <game.Grid object at 0x11814cc90>), ((14, 3), <game.Grid object at 0x11814cd00>)]",441,441,4012,34,26,60
4013,"((15, 3), <game.Grid object at 0x1180d3770>)","((14, 3), <game.Grid object at 0x1180d2350>)",East,"[((16, 3), <game.Grid object at 0x11814cd70>), ((14, 3), <game.Grid object at 0x11814cde0>)]",441,441,4013,34,26,60
4014,"((15, 3), <game.Grid object at 0x1180d3850>)","((14, 3), <game.Grid object at 0x1180d24a0>)",East,"[((16, 3), <game.Grid object at 0x11814ce50>), ((14, 3), <game.Grid object at 0x11814cec0>)]",441,441,4014,34,26,60
4015,"((15, 3), <game.Grid object at 0x1180d3930>)","((14, 3), <game.Grid object at 0x1180d25f0>)",East,"[((16, 3), <game.Grid object at 0x11814cf30>), ((14, 3), <game.Grid object at 0x11814cfa0>)]",441,441,4015,34,26,60
4016,"((15, 3), <game.Grid object at 0x1180d3a10>)","((14, 3), <game.Grid object at 0x1180d2740>)",East,"[((16, 3), <game.Grid object at 0x11814d010>), ((14, 3), <game.Grid object at 0x11814d080>)]",441,441,4016,34,26,60
4017,"((15, 3), <game.Grid object at 0x1180d3af0>)","((14, 3), <game.Grid object at 0x1180d2890>)",East,"[((16, 3), <game.Grid object at 0x11814d0f0>), ((14, 3), <game.Grid object at 0x11814d160>)]",441,441,4017,34,26,60
4018,"((16, 4), <game.Grid object at 0x1180d3bd0>)","((16, 3), <game.Grid object at 0x1180d2970>)",North,"[((16, 5), <game.Grid object at 0x11814d1d0>), ((16, 3), <game.Grid object at 0x11814d240>)]",441,441,4018,36,24,60
4019,"((16, 4), <game.Grid object at 0x1180d3cb0>)","((16, 3), <game.Grid object at 0x1180d2a50>)",North,"[((16, 5), <game.Grid object at 0x11814d2b0>), ((16, 3), <game.Grid object at 0x11814d320>)]",441,441,4019,36,24,60
4020,"((7, 3), <game.Grid object at 0x1180d3d90>)","((6, 3), <game.Grid object at 0x1180d2b30>)",East,"[((7, 4), <game.Grid object at 0x11814d390>), ((8, 3), <game.Grid object at 0x11814d400>), ((6, 3), <game.Grid object at 0x11814d470>)]",441,441,4020,26,34,60
4021,"((8, 3), <game.Grid object at 0x11814d400>)","((7, 3), <game.Grid object at 0x1180d3d90>)",East,"[((9, 3), <game.Grid object at 0x11814d4e0>), ((7, 3), <game.Grid object at 0x11814d550>)]",441,440,4021,27,33,60
4022,"((7, 3), <game.Grid object at 0x1180d3e70>)","((6, 3), <game.Grid object at 0x1180d2c10>)",East,"[((7, 4), <game.Grid object at 0x11814d5c0>), ((8, 3), <game.Grid object at 0x11814d630>), ((6, 3), <game.Grid object at 0x11814d6a0>)]",440,440,4022,26,34,60
4023,"((8, 3), <game.Grid object at 0x11814d630>)","((7, 3), <game.Grid object at 0x1180d3e70>)",East,"[((9, 3), <game.Grid object at 0x11814d710>), ((7, 3), <game.Grid object at 0x11814d780>)]",440,439,4023,27,33,60
4024,"((7, 3), <game.Grid object at 0x11814c050>)","((7, 4), <game.Grid object at 0x1180d2cf0>)",South,"[((7, 4), <game.Grid object at 0x11814d7f0>), ((8, 3), <game.Grid object at 0x11814d860>), ((6, 3), <game.Grid object at 0x11814d8d0>)]",439,439,4024,26,34,60
4025,"((8, 3), <game.Grid object at 0x11814d860>)","((7, 3), <game.Grid object at 0x11814c050>)",East,"[((9, 3), <game.Grid object at 0x11814d940>), ((7, 3), <game.Grid object at 0x11814d9b0>)]",439,438,4025,27,33,60
4026,"((9, 5), <game.Grid object at 0x11814c0c0>)","((8, 5), <game.Grid object at 0x1180d2d60>)",East,"[((10, 5), <game.Grid object at 0x11814da20>), ((8, 5), <game.Grid object at 0x11814da90>)]",438,438,4026,26,34,60
4027,"((7, 3), <game.Grid object at 0x11814c3d0>)","((6, 3), <game.Grid object at 0x1180d2f20>)",East,"[((7, 4), <game.Grid object at 0x11814db00>), ((8, 3), <game.Grid object at 0x11814db70>), ((6, 3), <game.Grid object at 0x11814dbe0>)]",438,438,4027,26,34,60
4028,"((8, 3), <game.Grid object at 0x11814db70>)","((7, 3), <game.Grid object at 0x11814c3d0>)",East,"[((9, 3), <game.Grid object at 0x11814dc50>), ((7, 3), <game.Grid object at 0x11814dcc0>)]",438,437,4028,27,33,60
4029,"((7, 3), <game.Grid object at 0x11814c4b0>)","((6, 3), <game.Grid object at 0x1180d3000>)",East,"[((7, 4), <game.Grid object at 0x11814dd30>), ((8, 3), <game.Grid object at 0x11814dda0>), ((6, 3), <game.Grid object at 0x11814de10>)]",437,437,4029,26,34,60
4030,"((8, 3), <game.Grid object at 0x11814dda0>)","((7, 3), <game.Grid object at 0x11814c4b0>)",East,"[((9, 3), <game.Grid object at 0x11814de80>), ((7, 3), <game.Grid object at 0x11814def0>)]",437,436,4030,27,33,60
4031,"((7, 3), <game.Grid object at 0x11814c600>)","((7, 4), <game.Grid object at 0x1180d30e0>)",South,"[((7, 4), <game.Grid object at 0x11814df60>), ((8, 3), <game.Grid object at 0x11814dfd0>), ((6, 3), <game.Grid object at 0x11814e040>)]",436,436,4031,26,34,60
4032,"((8, 3), <game.Grid object at 0x11814dfd0>)","((7, 3), <game.Grid object at 0x11814c600>)",East,"[((9, 3), <game.Grid object at 0x11814e0b0>), ((7, 3), <game.Grid object at 0x11814e120>)]",436,435,4032,27,33,60
4033,"((13, 3), <game.Grid object at 0x11814c830>)","((12, 3), <game.Grid object at 0x1180d3230>)",East,"[((13, 4), <game.Grid object at 0x11814e190>), ((14, 3), <game.Grid object at 0x11814e200>), ((12, 3), <game.Grid object at 0x11814e270>)]",435,435,4033,32,28,60
4034,"((16, 3), <game.Grid object at 0x11814c910>)","((15, 3), <game.Grid object at 0x1180d3310>)",East,"[((16, 4), <game.Grid object at 0x11814e2e0>), ((15, 3), <game.Grid object at 0x11814e350>)]",435,435,4034,35,25,60
4035,"((16, 3), <game.Grid object at 0x11814c9f0>)","((15, 3), <game.Grid object at 0x1180d33f0>)",East,"[((16, 4), <game.Grid object at 0x11814e3c0>), ((15, 3), <game.Grid object at 0x11814e430>)]",435,435,4035,35,25,60
4036,"((16, 3), <game.Grid object at 0x11814cad0>)","((15, 3), <game.Grid object at 0x1180d34d0>)",East,"[((16, 4), <game.Grid object at 0x11814e4a0>), ((15, 3), <game.Grid object at 0x11814e510>)]",435,435,4036,35,25,60
4037,"((16, 3), <game.Grid object at 0x11814cbb0>)","((15, 3), <game.Grid object at 0x1180d35b0>)",East,"[((16, 4), <game.Grid object at 0x11814e580>), ((15, 3), <game.Grid object at 0x11814e5f0>)]",435,435,4037,35,25,60
4038,"((16, 3), <game.Grid object at 0x11814cc90>)","((15, 3), <game.Grid object at 0x1180d3690>)",East,"[((16, 4), <game.Grid object at 0x11814e660>), ((15, 3), <game.Grid object at 0x11814e6d0>)]",435,435,4038,35,25,60
4039,"((16, 3), <game.Grid object at 0x11814cd70>)","((15, 3), <game.Grid object at 0x1180d3770>)",East,"[((16, 4), <game.Grid object at 0x11814e740>), ((15, 3), <game.Grid object at 0x11814e7b0>)]",435,435,4039,35,25,60
4040,"((16, 3), <game.Grid object at 0x11814ce50>)","((15, 3), <game.Grid object at 0x1180d3850>)",East,"[((16, 4), <game.Grid object at 0x11814e820>), ((15, 3), <game.Grid object at 0x11814e890>)]",435,435,4040,35,25,60
4041,"((16, 3), <game.Grid object at 0x11814cf30>)","((15, 3), <game.Grid object at 0x1180d3930>)",East,"[((16, 4), <game.Grid object at 0x11814e900>), ((15, 3), <game.Grid object at 0x11814e970>)]",435,435,4041,35,25,60
4042,"((16, 3), <game.Grid object at 0x11814d010>)","((15, 3), <game.Grid object at 0x1180d3a10>)",East,"[((16, 4), <game.Grid object at 0x11814e9e0>), ((15, 3), <game.Grid object at 0x11814ea50>)]",435,435,4042,35,25,60
4043,"((16, 3), <game.Grid object at 0x11814d0f0>)","((15, 3), <game.Grid object at 0x1180d3af0>)",East,"[((16, 4), <game.Grid object at 0x11814eac0>), ((15, 3), <game.Grid object at 0x11814eb30>)]",435,435,4043,35,25,60
4044,"((16, 5), <game.Grid object at 0x11814d1d0>)","((16, 4), <game.Grid object at 0x1180d3bd0>)",North,"[((16, 4), <game.Grid object at 0x11814eba0>), ((17, 5), <game.Grid object at 0x11814ec10>)]",435,435,4044,37,23,60
4045,"((16, 5), <game.Grid object at 0x11814d2b0>)","((16, 4), <game.Grid object at 0x1180d3cb0>)",North,"[((16, 4), <game.Grid object at 0x11814ec80>), ((17, 5), <game.Grid object at 0x11814ecf0>)]",435,435,4045,37,23,60
4046,"((10, 5), <game.Grid object at 0x11814da20>)","((9, 5), <game.Grid object at 0x11814c0c0>)",East,"[((10, 4), <game.Grid object at 0x11814ed60>), ((11, 5), <game.Grid object at 0x11814edd0>), ((9, 5), <game.Grid object at 0x11814ee40>)]",435,435,4046,27,33,60
4047,"((10, 4), <game.Grid object at 0x11814ed60>)","((10, 5), <game.Grid object at 0x11814da20>)",South,"[((10, 5), <game.Grid object at 0x11814eeb0>), ((10, 3), <game.Grid object at 0x11814ef20>)]",435,434,4047,28,32,60
4048,"((14, 3), <game.Grid object at 0x11814e200>)","((13, 3), <game.Grid object at 0x11814c830>)",East,"[((15, 3), <game.Grid object at 0x11814ef90>), ((13, 3), <game.Grid object at 0x11814f000>)]",434,434,4048,33,27,60
4049,"((16, 4), <game.Grid object at 0x11814e2e0>)","((16, 3), <game.Grid object at 0x11814c910>)",North,"[((16, 5), <game.Grid object at 0x11814f070>), ((16, 3), <game.Grid object at 0x11814f0e0>)]",434,434,4049,36,24,60
4050,"((16, 4), <game.Grid object at 0x11814e3c0>)","((16, 3), <game.Grid object at 0x11814c9f0>)",North,"[((16, 5), <game.Grid object at 0x11814f150>), ((16, 3), <game.Grid object at 0x11814f1c0>)]",434,434,4050,36,24,60
4051,"((16, 4), <game.Grid object at 0x11814e4a0>)","((16, 3), <game.Grid object at 0x11814cad0>)",North,"[((16, 5), <game.Grid object at 0x11814f230>), ((16, 3), <game.Grid object at 0x11814f2a0>)]",434,434,4051,36,24,60
4052,"((16, 4), <game.Grid object at 0x11814e580>)","((16, 3), <game.Grid object at 0x11814cbb0>)",North,"[((16, 5), <game.Grid object at 0x11814f310>), ((16, 3), <game.Grid object at 0x11814f380>)]",434,434,4052,36,24,60
4053,"((16, 4), <game.Grid object at 0x11814e660>)","((16, 3), <game.Grid object at 0x11814cc90>)",North,"[((16, 5), <game.Grid object at 0x11814f3f0>), ((16, 3), <game.Grid object at 0x11814f460>)]",434,434,4053,36,24,60
4054,"((16, 4), <game.Grid object at 0x11814e740>)","((16, 3), <game.Grid object at 0x11814cd70>)",North,"[((16, 5), <game.Grid object at 0x11814f4d0>), ((16, 3), <game.Grid object at 0x11814f540>)]",434,434,4054,36,24,60
4055,"((16, 4), <game.Grid object at 0x11814e820>)","((16, 3), <game.Grid object at 0x11814ce50>)",North,"[((16, 5), <game.Grid object at 0x11814f5b0>), ((16, 3), <game.Grid object at 0x11814f620>)]",434,434,4055,36,24,60
4056,"((16, 4), <game.Grid object at 0x11814e900>)","((16, 3), <game.Grid object at 0x11814cf30>)",North,"[((16, 5), <game.Grid object at 0x11814f690>), ((16, 3), <game.Grid object at 0x11814f700>)]",434,434,4056,36,24,60
4057,"((16, 4), <game.Grid object at 0x11814e9e0>)","((16, 3), <game.Grid object at 0x11814d010>)",North,"[((16, 5), <game.Grid object at 0x11814f770>), ((16, 3), <game.Grid object at 0x11814f7e0>)]",434,434,4057,36,24,60
4058,"((16, 4), <game.Grid object at 0x11814eac0>)","((16, 3), <game.Grid object at 0x11814d0f0>)",North,"[((16, 5), <game.Grid object at 0x11814f850>), ((16, 3), <game.Grid object at 0x11814f8c0>)]",434,434,4058,36,24,60
4059,"((17, 5), <game.Grid object at 0x11814ec10>)","((16, 5), <game.Grid object at 0x11814d1d0>)",East,"[((18, 5), <game.Grid object at 0x11814f930>), ((16, 5), <game.Grid object at 0x11814f9a0>)]",434,434,4059,38,22,60
4060,"((17, 5), <game.Grid object at 0x11814ecf0>)","((16, 5), <game.Grid object at 0x11814d2b0>)",East,"[((18, 5), <game.Grid object at 0x11814fa10>), ((16, 5), <game.Grid object at 0x11814fa80>)]",434,434,4060,38,22,60
4061,"((11, 5), <game.Grid object at 0x11814edd0>)","((10, 5), <game.Grid object at 0x11814da20>)",East,"[((12, 5), <game.Grid object at 0x11814faf0>), ((10, 5), <game.Grid object at 0x11814fb60>)]",434,434,4061,28,32,60
4062,"((15, 3), <game.Grid object at 0x11814ef90>)","((14, 3), <game.Grid object at 0x11814e200>)",East,"[((16, 3), <game.Grid object at 0x11814fbd0>), ((14, 3), <game.Grid object at 0x11814fc40>)]",434,434,4062,34,26,60
4063,"((16, 5), <game.Grid object at 0x11814f070>)","((16, 4), <game.Grid object at 0x11814e2e0>)",North,"[((16, 4), <game.Grid object at 0x11814fcb0>), ((17, 5), <game.Grid object at 0x11814fd20>)]",434,434,4063,37,23,60
4064,"((16, 5), <game.Grid object at 0x11814f150>)","((16, 4), <game.Grid object at 0x11814e3c0>)",North,"[((16, 4), <game.Grid object at 0x11814fd90>), ((17, 5), <game.Grid object at 0x11814fe00>)]",434,434,4064,37,23,60
4065,"((16, 5), <game.Grid object at 0x11814f230>)","((16, 4), <game.Grid object at 0x11814e4a0>)",North,"[((16, 4), <game.Grid object at 0x11814fe70>), ((17, 5), <game.Grid object at 0x11814fee0>)]",434,434,4065,37,23,60
4066,"((16, 5), <game.Grid object at 0x11814f310>)","((16, 4), <game.Grid object at 0x11814e580>)",North,"[((16, 4), <game.Grid object at 0x11814ff50>), ((17, 5), <game.Grid object at 0x1181c0050>)]",434,434,4066,37,23,60
4067,"((16, 5), <game.Grid object at 0x11814f3f0>)","((16, 4), <game.Grid object at 0x11814e660>)",North,"[((16, 4), <game.Grid object at 0x1181c00c0>), ((17, 5), <game.Grid object at 0x1181c0130>)]",434,434,4067,37,23,60
4068,"((16, 5), <game.Grid object at 0x11814f4d0>)","((16, 4), <game.Grid object at 0x11814e740>)",North,"[((16, 4), <game.Grid object at 0x1181c01a0>), ((17, 5), <game.Grid object at 0x1181c0210>)]",434,434,4068,37,23,60
4069,"((16, 5), <game.Grid object at 0x11814f5b0>)","((16, 4), <game.Grid object at 0x11814e820>)",North,"[((16, 4), <game.Grid object at 0x1181c0280>), ((17, 5), <game.Grid object at 0x1181c02f0>)]",434,434,4069,37,23,60
4070,"((16, 5), <game.Grid object at 0x11814f690>)","((16, 4), <game.Grid object at 0x11814e900>)",North,"[((16, 4), <game.Grid object at 0x1181c0360>), ((17, 5), <game.Grid object at 0x1181c03d0>)]",434,434,4070,37,23,60
4071,"((16, 5), <game.Grid object at 0x11814f770>)","((16, 4), <game.Grid object at 0x11814e9e0>)",North,"[((16, 4), <game.Grid object at 0x1181c0440>), ((17, 5), <game.Grid object at 0x1181c04b0>)]",434,434,4071,37,23,60
4072,"((16, 5), <game.Grid object at 0x11814f850>)","((16, 4), <game.Grid object at 0x11814eac0>)",North,"[((16, 4), <game.Grid object at 0x1181c0520>), ((17, 5), <game.Grid object at 0x1181c0590>)]",434,434,4072,37,23,60
4073,"((18, 5), <game.Grid object at 0x11814f930>)","((17, 5), <game.Grid object at 0x11814ec10>)",East,"[((18, 4), <game.Grid object at 0x1181c0600>), ((17, 5), <game.Grid object at 0x1181c0670>)]",434,434,4073,39,21,60
4074,"((18, 5), <game.Grid object at 0x11814fa10>)","((17, 5), <game.Grid object at 0x11814ecf0>)",East,"[((18, 4), <game.Grid object at 0x1181c06e0>), ((17, 5), <game.Grid object at 0x1181c0750>)]",434,434,4074,39,21,60
4075,"((12, 5), <game.Grid object at 0x11814faf0>)","((11, 5), <game.Grid object at 0x11814edd0>)",East,"[((13, 5), <game.Grid object at 0x1181c07c0>), ((11, 5), <game.Grid object at 0x1181c0830>)]",434,434,4075,29,31,60
4076,"((16, 3), <game.Grid object at 0x11814fbd0>)","((15, 3), <game.Grid object at 0x11814ef90>)",East,"[((16, 4), <game.Grid object at 0x1181c08a0>), ((15, 3), <game.Grid object at 0x1181c0910>)]",434,434,4076,35,25,60
4077,"((17, 5), <game.Grid object at 0x11814fd20>)","((16, 5), <game.Grid object at 0x11814f070>)",East,"[((18, 5), <game.Grid object at 0x1181c0980>), ((16, 5), <game.Grid object at 0x1181c09f0>)]",434,434,4077,38,22,60
4078,"((17, 5), <game.Grid object at 0x11814fe00>)","((16, 5), <game.Grid object at 0x11814f150>)",East,"[((18, 5), <game.Grid object at 0x1181c0a60>), ((16, 5), <game.Grid object at 0x1181c0ad0>)]",434,434,4078,38,22,60
4079,"((17, 5), <game.Grid object at 0x11814fee0>)","((16, 5), <game.Grid object at 0x11814f230>)",East,"[((18, 5), <game.Grid object at 0x1181c0b40>), ((16, 5), <game.Grid object at 0x1181c0bb0>)]",434,434,4079,38,22,60
4080,"((17, 5), <game.Grid object at 0x1181c0050>)","((16, 5), <game.Grid object at 0x11814f310>)",East,"[((18, 5), <game.Grid object at 0x1181c0c20>), ((16, 5), <game.Grid object at 0x1181c0c90>)]",434,434,4080,38,22,60
4081,"((17, 5), <game.Grid object at 0x1181c0130>)","((16, 5), <game.Grid object at 0x11814f3f0>)",East,"[((18, 5), <game.Grid object at 0x1181c0d00>), ((16, 5), <game.Grid object at 0x1181c0d70>)]",434,434,4081,38,22,60
4082,"((17, 5), <game.Grid object at 0x1181c0210>)","((16, 5), <game.Grid object at 0x11814f4d0>)",East,"[((18, 5), <game.Grid object at 0x1181c0de0>), ((16, 5), <game.Grid object at 0x1181c0e50>)]",434,434,4082,38,22,60
4083,"((17, 5), <game.Grid object at 0x1181c02f0>)","((16, 5), <game.Grid object at 0x11814f5b0>)",East,"[((18, 5), <game.Grid object at 0x1181c0ec0>), ((16, 5), <game.Grid object at 0x1181c0f30>)]",434,434,4083,38,22,60
4084,"((17, 5), <game.Grid object at 0x1181c03d0>)","((16, 5), <game.Grid object at 0x11814f690>)",East,"[((18, 5), <game.Grid object at 0x1181c0fa0>), ((16, 5), <game.Grid object at 0x1181c1010>)]",434,434,4084,38,22,60
4085,"((17, 5), <game.Grid object at 0x1181c04b0>)","((16, 5), <game.Grid object at 0x11814f770>)",East,"[((18, 5), <game.Grid object at 0x1181c1080>), ((16, 5), <game.Grid object at 0x1181c10f0>)]",434,434,4085,38,22,60
4086,"((17, 5), <game.Grid object at 0x1181c0590>)","((16, 5), <game.Grid object at 0x11814f850>)",East,"[((18, 5), <game.Grid object at 0x1181c1160>), ((16, 5), <game.Grid object at 0x1181c11d0>)]",434,434,4086,38,22,60
4087,"((18, 4), <game.Grid object at 0x1181c06e0>)","((18, 5), <game.Grid object at 0x11814fa10>)",South,"[((18, 5), <game.Grid object at 0x1181c1240>), ((18, 3), <game.Grid object at 0x1181c12b0>)]",434,434,4087,40,20,60
4088,"((13, 5), <game.Grid object at 0x1181c07c0>)","((12, 5), <game.Grid object at 0x11814faf0>)",East,"[((13, 4), <game.Grid object at 0x1181c1320>), ((14, 5), <game.Grid object at 0x1181c1390>), ((12, 5), <game.Grid object at 0x1181c1400>)]",434,435,4088,30,30,60
4089,"((16, 4), <game.Grid object at 0x1181c08a0>)","((16, 3), <game.Grid object at 0x11814fbd0>)",North,"[((16, 5), <game.Grid object at 0x1181c1470>), ((16, 3), <game.Grid object at 0x1181c14e0>)]",435,435,4089,36,24,60
4090,"((18, 5), <game.Grid object at 0x1181c0980>)","((17, 5), <game.Grid object at 0x11814fd20>)",East,"[((18, 4), <game.Grid object at 0x1181c1550>), ((17, 5), <game.Grid object at 0x1181c15c0>)]",435,435,4090,39,21,60
4091,"((18, 5), <game.Grid object at 0x1181c0a60>)","((17, 5), <game.Grid object at 0x11814fe00>)",East,"[((18, 4), <game.Grid object at 0x1181c1630>), ((17, 5), <game.Grid object at 0x1181c16a0>)]",435,435,4091,39,21,60
4092,"((18, 5), <game.Grid object at 0x1181c0b40>)","((17, 5), <game.Grid object at 0x11814fee0>)",East,"[((18, 4), <game.Grid object at 0x1181c1710>), ((17, 5), <game.Grid object at 0x1181c1780>)]",435,435,4092,39,21,60
4093,"((18, 5), <game.Grid object at 0x1181c0c20>)","((17, 5), <game.Grid object at 0x1181c0050>)",East,"[((18, 4), <game.Grid object at 0x1181c17f0>), ((17, 5), <game.Grid object at 0x1181c1860>)]",435,435,4093,39,21,60
4094,"((18, 5), <game.Grid object at 0x1181c0d00>)","((17, 5), <game.Grid object at 0x1181c0130>)",East,"[((18, 4), <game.Grid object at 0x1181c18d0>), ((17, 5), <game.Grid object at 0x1181c1940>)]",435,435,4094,39,21,60
4095,"((18, 5), <game.Grid object at 0x1181c0de0>)","((17, 5), <game.Grid object at 0x1181c0210>)",East,"[((18, 4), <game.Grid object at 0x1181c19b0>), ((17, 5), <game.Grid object at 0x1181c1a20>)]",435,435,4095,39,21,60
4096,"((18, 5), <game.Grid object at 0x1181c0ec0>)","((17, 5), <game.Grid object at 0x1181c02f0>)",East,"[((18, 4), <game.Grid object at 0x1181c1a90>), ((17, 5), <game.Grid object at 0x1181c1b00>)]",435,435,4096,39,21,60
4097,"((18, 5), <game.Grid object at 0x1181c0fa0>)","((17, 5), <game.Grid object at 0x1181c03d0>)",East,"[((18, 4), <game.Grid object at 0x1181c1b70>), ((17, 5), <game.Grid object at 0x1181c1be0>)]",435,435,4097,39,21,60
4098,"((18, 5), <game.Grid object at 0x1181c1080>)","((17, 5), <game.Grid object at 0x1181c04b0>)",East,"[((18, 4), <game.Grid object at 0x1181c1c50>), ((17, 5), <game.Grid object at 0x1181c1cc0>)]",435,435,4098,39,21,60
4099,"((18, 5), <game.Grid object at 0x1181c1160>)","((17, 5), <game.Grid object at 0x1181c0590>)",East,"[((18, 4), <game.Grid object at 0x1181c1d30>), ((17, 5), <game.Grid object at 0x1181c1da0>)]",435,435,4099,39,21,60
4100,"((18, 3), <game.Grid object at 0x1181c12b0>)","((18, 4), <game.Grid object at 0x1181c06e0>)",South,"[((18, 4), <game.Grid object at 0x1181c1e10>), ((18, 2), <game.Grid object at 0x1181c1e80>)]",435,435,4100,41,19,60
4101,"((13, 4), <game.Grid object at 0x1181c1320>)","((13, 5), <game.Grid object at 0x1181c07c0>)",South,"[((13, 5), <game.Grid object at 0x1181c1ef0>), ((13, 3), <game.Grid object at 0x1181c1f60>)]",435,435,4101,31,29,60
4102,"((16, 5), <game.Grid object at 0x1181c1470>)","((16, 4), <game.Grid object at 0x1181c08a0>)",North,"[((16, 4), <game.Grid object at 0x1181c1fd0>), ((17, 5), <game.Grid object at 0x1181c2040>)]",435,435,4102,37,23,60
4103,"((18, 4), <game.Grid object at 0x1181c1710>)","((18, 5), <game.Grid object at 0x1181c0b40>)",South,"[((18, 5), <game.Grid object at 0x1181c20b0>), ((18, 3), <game.Grid object at 0x1181c2120>)]",435,435,4103,40,20,60
4104,"((18, 4), <game.Grid object at 0x1181c1a90>)","((18, 5), <game.Grid object at 0x1181c0ec0>)",South,"[((18, 5), <game.Grid object at 0x1181c2190>), ((18, 3), <game.Grid object at 0x1181c2200>)]",435,435,4104,40,20,60
4105,"((18, 4), <game.Grid object at 0x1181c1c50>)","((18, 5), <game.Grid object at 0x1181c1080>)",South,"[((18, 5), <game.Grid object at 0x1181c2270>), ((18, 3), <game.Grid object at 0x1181c22e0>)]",435,435,4105,40,20,60
4106,"((18, 2), <game.Grid object at 0x1181c1e80>)","((18, 3), <game.Grid object at 0x1181c12b0>)",South,"[((18, 3), <game.Grid object at 0x1181c2350>), ((18, 1), <game.Grid object at 0x1181c23c0>)]",435,435,4106,42,18,60
4107,"((13, 3), <game.Grid object at 0x1181c1f60>)","((13, 4), <game.Grid object at 0x1181c1320>)",South,"[((13, 4), <game.Grid object at 0x1181c2430>), ((14, 3), <game.Grid object at 0x1181c24a0>), ((12, 3), <game.Grid object at 0x1181c2510>)]",435,436,4107,32,28,60
4108,"((17, 5), <game.Grid object at 0x1181c2040>)","((16, 5), <game.Grid object at 0x1181c1470>)",East,"[((18, 5), <game.Grid object at 0x1181c2580>), ((16, 5), <game.Grid object at 0x1181c25f0>)]",436,436,4108,38,22,60
4109,"((18, 3), <game.Grid object at 0x1181c2120>)","((18, 4), <game.Grid object at 0x1181c1710>)",South,"[((18, 4), <game.Grid object at 0x1181c2660>), ((18, 2), <game.Grid object at 0x1181c26d0>)]",436,436,4109,41,19,60
4110,"((18, 3), <game.Grid object at 0x1181c2200>)","((18, 4), <game.Grid object at 0x1181c1a90>)",South,"[((18, 4), <game.Grid object at 0x1181c2740>), ((18, 2), <game.Grid object at 0x1181c27b0>)]",436,436,4110,41,19,60
4111,"((18, 3), <game.Grid object at 0x1181c22e0>)","((18, 4), <game.Grid object at 0x1181c1c50>)",South,"[((18, 4), <game.Grid object at 0x1181c2820>), ((18, 2), <game.Grid object at 0x1181c2890>)]",436,436,4111,41,19,60
4112,"((18, 1), <game.Grid object at 0x1181c23c0>)","((18, 2), <game.Grid object at 0x1181c1e80>)",South,"[((18, 2), <game.Grid object at 0x1181c2900>), ((17, 1), <game.Grid object at 0x1181c2970>)]",436,436,4112,43,17,60
4113,"((14, 3), <game.Grid object at 0x1181c24a0>)","((13, 3), <game.Grid object at 0x1181c1f60>)",East,"[((15, 3), <game.Grid object at 0x1181c29e0>), ((13, 3), <game.Grid object at 0x1181c2a50>)]",436,436,4113,33,27,60
4114,"((18, 5), <game.Grid object at 0x1181c2580>)","((17, 5), <game.Grid object at 0x1181c2040>)",East,"[((18, 4), <game.Grid object at 0x1181c2ac0>), ((17, 5), <game.Grid object at 0x1181c2b30>)]",436,436,4114,39,21,60
4115,"((18, 2), <game.Grid object at 0x1181c2890>)","((18, 3), <game.Grid object at 0x1181c22e0>)",South,"[((18, 3), <game.Grid object at 0x1181c2ba0>), ((18, 1), <game.Grid object at 0x1181c2c10>)]",436,436,4115,42,18,60
4116,"((17, 1), <game.Grid object at 0x1181c2970>)","((18, 1), <game.Grid object at 0x1181c23c0>)",West,"[((18, 1), <game.Grid object at 0x1181c2c80>), ((16, 1), <game.Grid object at 0x1181c2cf0>)]",436,436,4116,44,16,60
4117,"((15, 3), <game.Grid object at 0x1181c29e0>)","((14, 3), <game.Grid object at 0x1181c24a0>)",East,"[((16, 3), <game.Grid object at 0x1181c2d60>), ((14, 3), <game.Grid object at 0x1181c2dd0>)]",436,436,4117,34,26,60
4118,"((16, 1), <game.Grid object at 0x1181c2cf0>)","((17, 1), <game.Grid object at 0x1181c2970>)",West,"[((17, 1), <game.Grid object at 0x1181c2e40>), ((15, 1), <game.Grid object at 0x1181c2eb0>)]",436,436,4118,45,15,60
4119,"((16, 3), <game.Grid object at 0x1181c2d60>)","((15, 3), <game.Grid object at 0x1181c29e0>)",East,"[((16, 4), <game.Grid object at 0x1181c2f20>), ((15, 3), <game.Grid object at 0x1181c2f90>)]",436,436,4119,35,25,60
4120,"((15, 1), <game.Grid object at 0x1181c2eb0>)","((16, 1), <game.Grid object at 0x1181c2cf0>)",West,"[((16, 1), <game.Grid object at 0x1181c3000>), ((14, 1), <game.Grid object at 0x1181c3070>)]",436,436,4120,46,14,60
4121,"((16, 4), <game.Grid object at 0x1181c2f20>)","((16, 3), <game.Grid object at 0x1181c2d60>)",North,"[((16, 5), <game.Grid object at 0x1181c30e0>), ((16, 3), <game.Grid object at 0x1181c3150>)]",436,436,4121,36,24,60
4122,"((14, 1), <game.Grid object at 0x1181c3070>)","((15, 1), <game.Grid object at 0x1181c2eb0>)",West,"[((15, 1), <game.Grid object at 0x1181c31c0>), ((13, 1), <game.Grid object at 0x1181c3230>)]",436,436,4122,47,13,60
4123,"((16, 5), <game.Grid object at 0x1181c30e0>)","((16, 4), <game.Grid object at 0x1181c2f20>)",North,"[((16, 4), <game.Grid object at 0x1181c32a0>), ((17, 5), <game.Grid object at 0x1181c3310>)]",436,436,4123,37,23,60
4124,"((13, 1), <game.Grid object at 0x1181c3230>)","((14, 1), <game.Grid object at 0x1181c3070>)",West,"[((14, 1), <game.Grid object at 0x1181c3380>), ((12, 1), <game.Grid object at 0x1181c33f0>)]",436,436,4124,48,12,60
4125,"((17, 5), <game.Grid object at 0x1181c3310>)","((16, 5), <game.Grid object at 0x1181c30e0>)",East,"[((18, 5), <game.Grid object at 0x1181c3460>), ((16, 5), <game.Grid object at 0x1181c34d0>)]",436,436,4125,38,22,60
4126,"((12, 1), <game.Grid object at 0x1181c33f0>)","((13, 1), <game.Grid object at 0x1181c3230>)",West,"[((13, 1), <game.Grid object at 0x1181c3540>), ((11, 1), <game.Grid object at 0x1181c35b0>)]",436,436,4126,49,11,60
4127,"((18, 5), <game.Grid object at 0x1181c3460>)","((17, 5), <game.Grid object at 0x1181c3310>)",East,"[((18, 4), <game.Grid object at 0x1181c3620>), ((17, 5), <game.Grid object at 0x1181c3690>)]",436,436,4127,39,21,60
4128,"((11, 1), <game.Grid object at 0x1181c35b0>)","((12, 1), <game.Grid object at 0x1181c33f0>)",West,"[((12, 1), <game.Grid object at 0x1181c3700>), ((10, 1), <game.Grid object at 0x1181c3770>)]",436,436,4128,50,10,60
4129,"((10, 1), <game.Grid object at 0x1181c3770>)","((11, 1), <game.Grid object at 0x1181c35b0>)",West,"[((11, 1), <game.Grid object at 0x1181c37e0>), ((9, 1), <game.Grid object at 0x1181c3850>)]",436,436,4129,51,9,60
4130,"((9, 1), <game.Grid object at 0x1181c3850>)","((10, 1), <game.Grid object at 0x1181c3770>)",West,"[((10, 1), <game.Grid object at 0x1181c38c0>), ((8, 1), <game.Grid object at 0x1181c3930>)]",436,436,4130,52,8,60
4131,"((8, 1), <game.Grid object at 0x1181c3930>)","((9, 1), <game.Grid object at 0x1181c3850>)",West,"[((9, 1), <game.Grid object at 0x1181c39a0>), ((7, 1), <game.Grid object at 0x1181c3a10>)]",436,436,4131,53,7,60
4132,"((7, 1), <game.Grid object at 0x1181c3a10>)","((8, 1), <game.Grid object at 0x1181c3930>)",West,"[((8, 1), <game.Grid object at 0x1181c3a80>), ((6, 1), <game.Grid object at 0x1181c3af0>)]",436,436,4132,54,6,60
4133,"((6, 1), <game.Grid object at 0x1181c3af0>)","((7, 1), <game.Grid object at 0x1181c3a10>)",West,"[((7, 1), <game.Grid object at 0x1181c3b60>), ((5, 1), <game.Grid object at 0x1181c3bd0>)]",436,436,4133,55,5,60
4134,"((5, 1), <game.Grid object at 0x1181c3bd0>)","((6, 1), <game.Grid object at 0x1181c3af0>)",West,"[((6, 1), <game.Grid object at 0x1181c3c40>), ((4, 1), <game.Grid object at 0x1181c3cb0>)]",436,437,4134,56,4,60
4135,"((4, 1), <game.Grid object at 0x1181c3cb0>)","((5, 1), <game.Grid object at 0x1181c3bd0>)",West,"[((5, 1), <game.Grid object at 0x1181c3d20>), ((3, 1), <game.Grid object at 0x1181c3d90>)]",437,438,4135,57,3,60
4136,"((3, 1), <game.Grid object at 0x1181c3d90>)","((4, 1), <game.Grid object at 0x1181c3cb0>)",West,"[((4, 1), <game.Grid object at 0x1181c3e00>), ((2, 1), <game.Grid object at 0x1181c3e70>)]",438,439,4136,58,2,60
4137,"((2, 1), <game.Grid object at 0x1181c3e70>)","((3, 1), <game.Grid object at 0x1181c3d90>)",West,"[((3, 1), <game.Grid object at 0x1181c3ee0>), ((1, 1), <game.Grid object at 0x1181c3f50>)]",439,440,4137,59,1,60
4138,"((1, 1), <game.Grid object at 0x1181c3f50>)","((2, 1), <game.Grid object at 0x1181c3e70>)",West,[],440,440,4138,60,0,60
